2.710522,-0.013999999,0,16.57199942
2.731552,-0.052,0.623999999,8.57274734
2.750599,-0.094999998,1.139999971,
2.771015,-0.105000003,1.260000036,
2.791546,-0.123999997,1.487999961,
2.811913,-0.161999999,1.943999991,
2.833313,-0.188000007,2.256000087,
2.856991,-0.217000006,2.604000077,
2.878342,-0.255999996,3.071999953,
2.898956,-0.305000006,3.660000072,
2.918625,-0.342999994,4.115999923,
2.940418,-0.372999995,4.475999937,
2.959721,-0.397000014,4.764000163,
2.980354,-0.421000003,5.052000031,
3.000423,-0.442,5.304000006,
3.020954,-0.462000011,5.544000134,
3.045517,-0.479000001,5.748000011,
3.065964,-0.492000012,5.904000149,
3.086472,-0.500999986,6.011999831,
3.1068,-0.509000002,6.108000026,
3.12743,-0.513999997,6.167999969,
3.147976,-0.52000001,6.240000114,
3.16827,-0.522000014,6.264000163,
3.188736,-0.516999989,6.203999863,
3.210022,-0.511000006,6.132000074,
3.233826,-0.51300001,6.156000123,
3.254803,-0.518000005,6.216000066,
3.27486,-0.523999988,6.287999854,
3.295326,-0.530999987,6.371999846,
3.315765,-0.538000016,6.456000195,
3.336319,-0.53999999,6.479999886,
3.356804,-0.535999982,6.431999788,
3.377598,-0.530999987,6.371999846,
3.401947,-0.52000001,6.240000114,
3.422207,-0.507999985,6.095999823,
3.442738,-0.495000004,5.940000043,
3.463821,-0.485000013,5.820000157,
3.48407,-0.476999997,5.723999963,
3.50462,-0.46900001,5.628000126,
3.525059,-0.462999998,5.55599998,
3.545181,-0.456999986,5.483999834,
3.565765,-0.451000004,5.412000046,
3.590088,-0.446999996,5.363999949,
3.610546,-0.446999996,5.363999949,
3.631157,-0.444999992,5.3399999,
3.651566,-0.441000013,5.29200016,
3.67218,-0.439000009,5.268000112,
3.692593,-0.437000005,5.244000063,
3.713081,-0.437999992,5.255999908,
3.733528,-0.435999988,5.23199986,
3.754036,-0.435000001,5.220000014,
3.778679,-0.430999993,5.171999917,
3.799248,-0.430000006,5.160000072,
3.819637,-0.428999989,5.147999868,
3.840363,-0.428999989,5.147999868,
3.860439,-0.427000015,5.124000177,
3.881294,-0.425999998,5.111999974,
3.901623,-0.428999989,5.147999868,
3.922016,-0.439000009,5.268000112,
3.942497,-0.449999987,5.399999843,
3.966988,-0.462000011,5.544000134,
3.987595,-0.469999998,5.639999971,
4.007908,-0.486999987,5.843999848,
4.028526,-0.504999994,6.059999928,
4.049023,-0.515000014,6.180000172,
4.069584,-0.522000014,6.264000163,
4.090126,-0.53,6.36,
4.110352,-0.538000016,6.456000195,
4.13084,-0.551000028,6.612000332,
4.155346,-0.558999984,6.707999811,
4.175797,-0.559999971,6.719999657,
4.19656,-0.558999984,6.707999811,
4.217125,-0.558999984,6.707999811,
4.237404,-0.558999984,6.707999811,
4.257988,-0.559999971,6.719999657,
4.278702,-0.559999971,6.719999657,
4.298874,-0.562999992,6.755999908,
4.323288,-0.566000013,6.79200016,
4.343891,-0.572999983,6.875999794,
4.364281,-0.58400002,7.00800024,
4.384747,-0.589000015,7.068000183,
4.40554,-0.59099999,7.091999874,
4.425819,-0.59099999,7.091999874,
4.446465,-0.590000002,7.080000029,
4.467232,-0.590000002,7.080000029,
4.487179,-0.59400001,7.128000126,
4.511803,-0.595999985,7.151999817,
4.532196,-0.598000019,7.176000223,
4.552692,-0.604999988,7.259999857,
4.573254,-0.613999991,7.367999897,
4.593761,-0.619999974,7.439999685,
4.614193,-0.619999974,7.439999685,
4.634487,-0.622000008,7.464000092,
4.655098,-0.621000021,7.452000246,
4.675541,-0.628999977,7.547999725,
4.700108,-0.632999985,7.595999823,
4.720707,-0.632999985,7.595999823,
4.741192,-0.62799999,7.53599988,
4.761593,-0.621000021,7.452000246,
4.782089,-0.617000012,7.404000149,
4.802555,-0.61099997,7.331999645,
4.823223,-0.604000001,7.248000011,
4.843525,-0.593000023,7.11600028,
4.863972,-0.581999986,6.983999834,
4.888588,-0.570000021,6.840000257,
4.909222,-0.55700001,6.68400012,
4.929775,-0.543999999,6.527999983,
4.950043,-0.534000008,6.408000097,
4.970619,-0.527999996,6.335999951,
4.991047,-0.523000001,6.276000009,
5.011581,-0.516999989,6.203999863,
5.032089,-0.511999993,6.14399992,
5.056973,-0.506999998,6.083999977,
5.077057,-0.502000003,6.024000034,
5.098007,-0.499000012,5.98800014,
5.117939,-0.500999986,6.011999831,
5.138771,-0.499999999,5.999999986,
5.158897,-0.488999991,5.867999897,
5.179497,-0.479999988,5.759999857,
5.19989,-0.472000002,5.66400002,
5.220329,-0.46599999,5.591999874,
5.244972,-0.460000007,5.520000086,
5.265331,-0.455999999,5.471999989,
5.286285,-0.453000008,5.436000094,
5.30637,-0.448000013,5.376000152,
5.326828,-0.446999996,5.363999949,
5.347492,-0.444999992,5.3399999,
5.367844,-0.444999992,5.3399999,
5.388302,-0.442999988,5.315999851,
5.408878,-0.441000013,5.29200016,
5.433311,-0.439000009,5.268000112,
5.453918,-0.435000001,5.220000014,
5.474716,-0.430999993,5.171999917,
5.494793,-0.427000015,5.124000177,
5.515308,-0.423000007,5.07600008,
5.535706,-0.42199999,5.063999877,
5.556293,-0.416999995,5.003999934,
5.57682,-0.416999995,5.003999934,
5.597244,-0.416999995,5.003999934,
5.62191,-0.41499999,4.979999886,
5.642303,-0.412999986,4.955999837,
5.663078,-0.407999991,4.895999894,
5.683384,-0.405,4.86,
5.703732,-0.402999996,4.835999951,
5.724354,-0.402000009,4.824000106,
5.744774,-0.402000009,4.824000106,
5.765362,-0.400999992,4.811999903,
5.789719,-0.398999988,4.787999854,
5.810333,-0.398000001,4.776000009,
5.830822,-0.397000014,4.764000163,
5.851196,-0.395999997,4.75199996,
5.871811,-0.397000014,4.764000163,
5.892483,-0.398000001,4.776000009,
5.912685,-0.400999992,4.811999903,
5.933327,-0.400999992,4.811999903,
5.953808,-0.400999992,4.811999903,
5.978348,-0.398999988,4.787999854,
5.998932,-0.400000005,4.800000057,
6.019203,-0.400000005,4.800000057,
6.039597,-0.400999992,4.811999903,
6.059948,-0.400999992,4.811999903,
6.080818,-0.400000005,4.800000057,
6.101204,-0.400999992,4.811999903,
6.121632,-0.398000001,4.776000009,
6.142109,-0.398999988,4.787999854,
6.166481,-0.398999988,4.787999854,
6.187569,-0.398000001,4.776000009,
6.207527,-0.398000001,4.776000009,
6.227859,-0.398000001,4.776000009,
6.248886,-0.400000005,4.800000057,
6.269421,-0.400000005,4.800000057,
6.289722,-0.397000014,4.764000163,
6.310093,-0.39500001,4.740000114,
6.330521,-0.393999993,4.727999911,
6.354939,-0.393999993,4.727999911,
6.375843,-0.391999989,4.703999863,
6.395905,-0.391999989,4.703999863,
6.416603,-0.391999989,4.703999863,
6.437092,-0.393000005,4.716000066,
6.457321,-0.393000005,4.716000066,
6.477909,-0.391999989,4.703999863,
6.498451,-0.390000014,4.680000172,
6.522751,-0.390000014,4.680000172,
6.543274,-0.391000001,4.692000017,
6.563793,-0.391000001,4.692000017,
6.584301,-0.391000001,4.692000017,
6.605209,-0.391000001,4.692000017,
6.625469,-0.391000001,4.692000017,
6.645969,-0.391000001,4.692000017,
6.666698,-0.388999997,4.667999969,
6.68708,-0.391999989,4.703999863,
6.711479,-0.391000001,4.692000017,
6.731941,-0.391000001,4.692000017,
6.752583,-0.390000014,4.680000172,
6.772903,-0.390000014,4.680000172,
6.793407,-0.391999989,4.703999863,
6.813725,-0.39500001,4.740000114,
6.834309,-0.395999997,4.75199996,
6.854874,-0.395999997,4.75199996,
6.875164,-0.39500001,4.740000114,
6.899849,-0.39500001,4.740000114,
6.920368,-0.39500001,4.740000114,
6.940628,-0.39500001,4.740000114,
6.961086,-0.395999997,4.75199996,
6.981503,-0.397000014,4.764000163,
7.001972,-0.397000014,4.764000163,
7.022945,-0.398000001,4.776000009,
7.043304,-0.400000005,4.800000057,
7.067738,-0.398999988,4.787999854,
7.088364,-0.400999992,4.811999903,
7.109154,-0.402000009,4.824000106,
7.129292,-0.402999996,4.835999951,
7.14978,-0.400999992,4.811999903,
7.170147,-0.398999988,4.787999854,
7.190968,-0.400999992,4.811999903,
7.211655,-0.402000009,4.824000106,
7.231667,-0.400000005,4.800000057,
7.256828,-0.398000001,4.776000009,
7.276665,-0.398000001,4.776000009,
7.297127,-0.397000014,4.764000163,
7.317993,-0.397000014,4.764000163,
7.338295,-0.395999997,4.75199996,
7.358398,-0.397000014,4.764000163,
7.378864,-0.395999997,4.75199996,
7.399803,-0.395999997,4.75199996,
7.42001,-0.395999997,4.75199996,
7.444595,-0.39500001,4.740000114,
7.46492,-0.39500001,4.740000114,
7.485443,-0.393999993,4.727999911,
7.505943,-0.393000005,4.716000066,
7.52681,-0.393000005,4.716000066,
7.547169,-0.391999989,4.703999863,
7.567352,-0.391000001,4.692000017,
7.58799,-0.391000001,4.692000017,
7.608402,-0.393000005,4.716000066,
7.632923,-0.393999993,4.727999911,
7.653534,-0.39500001,4.740000114,
7.673958,-0.395999997,4.75199996,
7.694344,-0.395999997,4.75199996,
7.714748,-0.398999988,4.787999854,
7.735332,-0.398000001,4.776000009,
7.755848,-0.398999988,4.787999854,
7.776318,-0.400000005,4.800000057,
7.800797,-0.398999988,4.787999854,
7.82127,-0.398999988,4.787999854,
7.841789,-0.398000001,4.776000009,
7.862309,-0.398000001,4.776000009,
7.882999,-0.398000001,4.776000009,
7.9034,-0.397000014,4.764000163,
7.923851,-0.397000014,4.764000163,
7.944801,-0.398000001,4.776000009,
7.964966,-0.397000014,4.764000163,
7.989338,-0.39500001,4.740000114,
8.009785,-0.39500001,4.740000114,
8.030464,-0.393999993,4.727999911,
8.050751,-0.393000005,4.716000066,
8.071587,-0.393000005,4.716000066,
8.091579,-0.39500001,4.740000114,
8.112007,-0.391999989,4.703999863,
8.132584,-0.391999989,4.703999863,
8.153141,-0.393999993,4.727999911,
8.177769,-0.393999993,4.727999911,
8.198135,-0.393999993,4.727999911,
8.218712,-0.39500001,4.740000114,
8.23909,-0.39500001,4.740000114,
8.259636,-0.393999993,4.727999911,
8.280182,-0.39500001,4.740000114,
8.300484,-0.395999997,4.75199996,
8.320927,-0.397000014,4.764000163,
8.34153,-0.398000001,4.776000009,
8.365997,-0.39500001,4.740000114,
8.386677,-0.393999993,4.727999911,
8.407547,-0.393000005,4.716000066,
8.427792,-0.391999989,4.703999863,
8.448078,-0.391999989,4.703999863,
8.468945,-0.391000001,4.692000017,
8.489513,-0.393000005,4.716000066,
8.509575,-0.393000005,4.716000066,
8.534161,-0.393000005,4.716000066,
8.554497,-0.391999989,4.703999863,
8.575417,-0.391999989,4.703999863,
8.595806,-0.391999989,4.703999863,
8.616116,-0.393000005,4.716000066,
8.636486,-0.393999993,4.727999911,
8.656849,-0.393000005,4.716000066,
8.677284,-0.393000005,4.716000066,
8.698215,-0.393000005,4.716000066,
8.72234,-0.393000005,4.716000066,
8.742813,-0.391000001,4.692000017,
8.763489,-0.391999989,4.703999863,
8.783867,-0.393999993,4.727999911,
8.804428,-0.39500001,4.740000114,
8.824821,-0.393000005,4.716000066,
8.845242,-0.391999989,4.703999863,
8.865742,-0.393000005,4.716000066,
8.886295,-0.393999993,4.727999911,
8.910866,-0.391000001,4.692000017,
8.931515,-0.391999989,4.703999863,
8.954948,-0.391000001,4.692000017,
8.975273,-0.390000014,4.680000172,
9.004082,-0.388999997,4.667999969,
9.013416,-0.391000001,4.692000017,
9.033607,-0.391000001,4.692000017,
9.053993,-0.388999997,4.667999969,
9.078621,-0.388999997,4.667999969,
9.099266,-0.38800001,4.656000123,
9.119888,-0.391000001,4.692000017,
9.140694,-0.390000014,4.680000172,
9.16095,-0.390000014,4.680000172,
9.18129,-0.388999997,4.667999969,
9.201626,-0.38800001,4.656000123,
9.222118,-0.38800001,4.656000123,
9.242489,-0.38800001,4.656000123,
9.267551,-0.38800001,4.656000123,
9.287594,-0.388999997,4.667999969,
9.308037,-0.388999997,4.667999969,
9.328701,-0.38800001,4.656000123,
9.348961,-0.386999993,4.64399992,
9.369534,-0.388999997,4.667999969,
9.390278,-0.391000001,4.692000017,
9.411057,-0.393000005,4.716000066,
9.431301,-0.393000005,4.716000066,
9.455555,-0.393000005,4.716000066,
9.476662,-0.391000001,4.692000017,
9.497059,-0.388999997,4.667999969,
9.517551,-0.38800001,4.656000123,
9.537727,-0.38800001,4.656000123,
9.55798,-0.386999993,4.64399992,
9.578388,-0.388999997,4.667999969,
9.598915,-0.388999997,4.667999969,
9.619492,-0.388999997,4.667999969,
9.64397,-0.391000001,4.692000017,
9.664452,-0.393000005,4.716000066,
9.684879,-0.393000005,4.716000066,
9.705357,-0.39500001,4.740000114,
9.725914,-0.398000001,4.776000009,
9.746414,-0.402000009,4.824000106,
9.766846,-0.404000013,4.848000154,
9.787327,-0.405,4.86,
9.80772,-0.405,4.86,
9.832417,-0.405999987,4.871999846,
9.852951,-0.405,4.86,
9.87328,-0.404000013,4.848000154,
9.893917,-0.402000009,4.824000106,
9.914253,-0.400999992,4.811999903,
9.934917,-0.405,4.86,
9.955395,-0.414000003,4.96800004,
9.975773,-0.419999986,5.039999828,
10.00029,-0.427000015,5.124000177,
10.0207,-0.43200001,5.18400012,
10.04128,-0.439000009,5.268000112,
10.06181,-0.446000009,5.352000103,
10.08223,-0.453999995,5.44799994,
10.10271,-0.456999986,5.483999834,
10.12339,-0.458000003,5.496000037,
10.14378,-0.453999995,5.44799994,
10.16429,-0.449999987,5.399999843,
10.18868,-0.444999992,5.3399999,
10.20938,-0.441000013,5.29200016,
10.22991,-0.439000009,5.268000112,
10.25024,-0.434000014,5.208000169,
10.27111,-0.430000006,5.160000072,
10.29137,-0.427000015,5.124000177,
10.3118,-0.423999994,5.087999926,
10.33237,-0.421000003,5.052000031,
10.35278,-0.418999999,5.027999983,
10.37731,-0.416999995,5.003999934,
10.39777,-0.41499999,4.979999886,
10.41833,-0.412999986,4.955999837,
10.43877,-0.411999999,4.943999991,
10.45929,-0.411999999,4.943999991,
10.47982,-0.411000012,4.932000146,
10.50014,-0.411999999,4.943999991,
10.5205,-0.411000012,4.932000146,
10.54507,-0.407999991,4.895999894,
10.56558,-0.407999991,4.895999894,
10.58607,-0.405999987,4.871999846,
10.6066,-0.405999987,4.871999846,
10.62711,-0.405999987,4.871999846,
10.64748,-0.407000004,4.884000049,
10.66782,-0.405,4.86,
10.68893,-0.404000013,4.848000154,
10.70899,-0.402999996,4.835999951,
10.73346,-0.402999996,4.835999951,
10.75401,-0.402999996,4.835999951,
10.77447,-0.400999992,4.811999903,
10.79505,-0.398000001,4.776000009,
10.81547,-0.398999988,4.787999854,
10.83588,-0.398999988,4.787999854,
10.85632,-0.402000009,4.824000106,
10.87679,-0.404000013,4.848000154,
10.89795,-0.404000013,4.848000154,
10.9218,-0.402000009,4.824000106,
10.94347,-0.400999992,4.811999903,
10.96288,-0.400999992,4.811999903,
10.98341,-0.400999992,4.811999903,
11.00391,-0.400999992,4.811999903,
11.0247,-0.407000004,4.884000049,
11.04518,-0.416000007,4.992000089,
11.06533,-0.423999994,5.087999926,
11.08564,-0.432999997,5.195999966,
11.11045,-0.441000013,5.29200016,
11.13074,-0.448000013,5.376000152,
11.15122,-0.453000008,5.436000094,
11.17175,-0.460000007,5.520000086,
11.19212,-0.46599999,5.591999874,
11.21275,-0.469999998,5.639999971,
11.23319,-0.463999985,5.567999825,
11.25375,-0.458000003,5.496000037,
11.27416,-0.455000012,5.460000143,
11.29878,-0.449999987,5.399999843,
11.32002,-0.444999992,5.3399999,
11.33975,-0.444000005,5.328000054,
11.36022,-0.439999996,5.279999957,
11.38058,-0.435000001,5.220000014,
11.40103,-0.432999997,5.195999966,
11.42181,-0.430999993,5.171999917,
11.44209,-0.430000006,5.160000072,
11.46665,-0.428999989,5.147999868,
11.48717,-0.428000002,5.136000023,
11.50826,-0.427000015,5.124000177,
11.52815,-0.423999994,5.087999926,
11.5494,-0.42199999,5.063999877,
11.56915,-0.419999986,5.039999828,
11.58966,-0.418000011,5.016000137,
11.61019,-0.418000011,5.016000137,
11.63052,-0.416000007,4.992000089,
11.65492,-0.414000003,4.96800004,
11.67548,-0.414000003,4.96800004,
11.69614,-0.411000012,4.932000146,
11.71653,-0.411000012,4.932000146,
11.73718,-0.411999999,4.943999991,
11.75795,-0.411000012,4.932000146,
11.77793,-0.409999995,4.919999943,
11.79975,-0.435000001,5.220000014,
11.81961,-0.444999992,5.3399999,
11.84363,-0.446999996,5.363999949,
11.86479,-0.463999985,5.567999825,
11.8849,-0.490000008,5.8800001,
11.90588,-0.511000006,6.132000074,
11.92541,-0.534000008,6.408000097,
11.94592,-0.55700001,6.68400012,
11.96674,-0.585000007,7.020000086,
11.98695,-0.623999982,7.487999783,
12.00729,-0.656999974,7.883999691,
12.03188,-0.678000002,8.136000023,
12.05264,-0.692,8.304000006,
12.07354,-0.705000012,8.460000143,
12.09335,-0.720999985,8.651999817,
12.11446,-0.741000025,8.892000303,
12.13419,-0.760000019,9.120000229,
12.15495,-0.77000001,9.240000114,
12.17522,-0.775999992,9.311999903,
12.19572,-0.780999987,9.371999846,
12.22026,-0.789000003,9.46800004,
12.24079,-0.808999984,9.707999811,
12.26134,-0.83400002,10.00800024,
12.28185,-0.854000001,10.24800001,
12.30219,-0.863000004,10.35600005,
12.32318,-0.854999988,10.25999986,
12.34312,-0.852000027,10.22400032,
12.36422,-0.863000004,10.35600005,
12.38819,-0.876000016,10.51200019,
12.40875,-0.889000027,10.66800033,
12.42934,-0.900999992,10.8119999,
12.44965,-0.904000013,10.84800015,
12.4706,-0.900999992,10.8119999,
12.49067,-0.896999984,10.76399981,
12.51099,-0.892999976,10.71599971,
12.53143,-0.891999989,10.70399986,
12.55199,-0.899000018,10.78800021,
12.57683,-0.912000029,10.94400035,
12.5973,-0.923999994,11.08799993,
12.6176,-0.93200001,11.18400012,
12.63825,-0.93200001,11.18400012,
12.65846,-0.931000023,11.17200027,
12.6797,-0.929999976,11.15999971,
12.69961,-0.93200001,11.18400012,
12.72012,-0.936000018,11.23200022,
12.74059,-0.946000009,11.3520001,
12.76499,-0.951000004,11.41200005,
12.78612,-0.950000017,11.4000002,
12.80688,-0.942,11.30400001,
12.82719,-0.934999971,11.21999966,
12.84694,-0.928999989,11.14799987,
12.86809,-0.926000028,11.11200033,
12.88802,-0.932999997,11.19599997,
12.9084,-0.942,11.30400001,
12.92878,-0.943999975,11.3279997,
12.95387,-0.928999989,11.14799987,
12.97385,-0.917000024,11.00400029,
12.99465,-0.923999994,11.08799993,
13.01488,-0.934999971,11.21999966,
13.03526,-0.951999991,11.42399989,
13.05587,-0.970999985,11.65199982,
13.07627,-0.98599997,11.83199965,
13.09689,-0.998999982,11.98799978,
13.12151,-1.006999998,12.08399998,
13.14188,-1.006999998,12.08399998,
13.16242,-1.003999977,12.04799973,
13.18294,-1.008999972,12.10799967,
13.20341,-1.016000001,12.19200002,
13.22446,-1.022999971,12.27599965,
13.2442,-1.033000021,12.39600025,
13.26469,-1.038999944,12.46799932,
13.2854,-1.041999965,12.50399958,
13.30989,-1.041999965,12.50399958,
13.33043,-1.051999955,12.62399946,
13.35075,-1.057999997,12.69599997,
13.37138,-1.064000039,12.76800047,
13.39163,-1.069000034,12.82800041,
13.41236,-1.069000034,12.82800041,
13.43269,-1.071000009,12.8520001,
13.45322,-1.069000034,12.82800041,
13.47377,-1.067999988,12.81599985,
13.49862,-1.066999941,12.80399929,
13.51881,-1.064999967,12.7799996,
13.53914,-1.061999946,12.74399935,
13.55964,-1.062999992,12.75599991,
13.58023,-1.064000039,12.76800047,
13.60061,-1.066000013,12.79200016,
13.62127,-1.064999967,12.7799996,
13.64154,-1.066000013,12.79200016,
13.66602,-1.066000013,12.79200016,
13.68656,-1.066999941,12.80399929,
13.70707,-1.066999941,12.80399929,
13.72763,-1.066000013,12.79200016,
13.74801,-1.066000013,12.79200016,
13.76939,-1.066999941,12.80399929,
13.78914,-1.067999988,12.81599985,
13.8096,-1.067999988,12.81599985,
13.83045,-1.066999941,12.80399929,
13.8546,-1.066999941,12.80399929,
13.87513,-1.064999967,12.7799996,
13.89581,-1.066000013,12.79200016,
13.91624,-1.064999967,12.7799996,
13.93668,-1.062999992,12.75599991,
13.95771,-1.061999946,12.74399935,
13.97742,-1.059999971,12.71999966,
13.99815,-1.057999997,12.69599997,
14.01844,-1.059000044,12.70800053,
14.04305,-1.05699995,12.6839994,
14.06361,-1.056000023,12.67200027,
14.08391,-1.056000023,12.67200027,
14.10435,-1.054000049,12.64800058,
14.12499,-1.053000002,12.63600002,
14.14543,-1.051999955,12.62399946,
14.16581,-1.049999981,12.59999977,
14.18642,-1.051999955,12.62399946,
14.20689,-1.053000002,12.63600002,
14.23135,-1.054000049,12.64800058,
14.25211,-1.056000023,12.67200027,
14.27254,-1.05699995,12.6839994,
14.29298,-1.057999997,12.69599997,
14.31424,-1.057999997,12.69599997,
14.33445,-1.056000023,12.67200027,
14.35451,-1.056000023,12.67200027,
14.37536,-1.05699995,12.6839994,
14.39923,-1.056000023,12.67200027,
14.41992,-1.05699995,12.6839994,
14.44032,-1.057999997,12.69599997,
14.46129,-1.057999997,12.69599997,
14.48117,-1.05699995,12.6839994,
14.50183,-1.059000044,12.70800053,
14.5222,-1.059000044,12.70800053,
14.54282,-1.059000044,12.70800053,
14.5632,-1.059000044,12.70800053,
14.58777,-1.059999971,12.71999966,
14.60837,-1.059999971,12.71999966,
14.62872,-1.064000039,12.76800047,
14.64915,-1.066000013,12.79200016,
14.67057,-1.066999941,12.80399929,
14.69095,-1.064000039,12.76800047,
14.71059,-1.062999992,12.75599991,
14.73107,-1.062999992,12.75599991,
14.7518,-1.064000039,12.76800047,
14.77632,-1.062999992,12.75599991,
14.79675,-1.062999992,12.75599991,
14.81729,-1.062999992,12.75599991,
14.83774,-1.061999946,12.74399935,
14.85829,-1.064999967,12.7799996,
14.87937,-1.064999967,12.7799996,
14.89907,-1.064999967,12.7799996,
14.91963,-1.064000039,12.76800047,
14.94403,-1.062999992,12.75599991,
14.96483,-1.062999992,12.75599991,
14.98528,-1.061000018,12.73200022,
15.0056,-1.061000018,12.73200022,
15.02614,-1.059999971,12.71999966,
15.04652,-1.061000018,12.73200022,
15.06728,-1.05699995,12.6839994,
15.08753,-1.056000023,12.67200027,
15.10857,-1.054999976,12.65999971,
15.13265,-1.053000002,12.63600002,
15.15301,-1.051000028,12.61200033,
15.1735,-1.049000053,12.58800064,
15.19403,-1.048000007,12.57600008,
15.21449,-1.046000032,12.55200039,
15.23488,-1.046000032,12.55200039,
15.25539,-1.044000058,12.5280007,
15.27583,-1.044000058,12.5280007,
15.29646,-1.044000058,12.5280007,
15.32125,-1.044000058,12.5280007,
15.34145,-1.041999965,12.50399958,
15.3618,-1.041999965,12.50399958,
15.38238,-1.041000037,12.49200045,
15.40301,-1.041999965,12.50399958,
15.42413,-1.046000032,12.55200039,
15.44376,-1.048000007,12.57600008,
15.46439,-1.048000007,12.57600008,
15.4887,-1.048000007,12.57600008,
15.50996,-1.049999981,12.59999977,
15.52986,-1.053000002,12.63600002,
15.55023,-1.054000049,12.64800058,
15.57076,-1.053000002,12.63600002,
15.59127,-1.054000049,12.64800058,
15.61176,-1.054000049,12.64800058,
15.63225,-1.054999976,12.65999971,
15.65262,-1.057999997,12.69599997,
15.67705,-1.059000044,12.70800053,
15.69773,-1.061000018,12.73200022,
15.71825,-1.061999946,12.74399935,
15.73866,-1.061000018,12.73200022,
15.75921,-1.059000044,12.70800053,
15.77966,-1.059999971,12.71999966,
15.80029,-1.059999971,12.71999966,
15.82076,-1.057999997,12.69599997,
15.8411,-1.061000018,12.73200022,
15.86558,-1.069000034,12.82800041,
15.88634,-1.079000025,12.9480003,
15.90689,-1.089000015,13.06800018,
15.92718,-1.09400001,13.12800013,
15.94761,-1.102999954,13.23599945,
15.96809,-1.107000022,13.28400026,
15.98941,-1.112000017,13.34400021,
16.00913,-1.118000059,13.41600071,
16.02966,-1.112999945,13.35599934,
16.05402,-1.107999949,13.29599939,
16.07455,-1.102000027,13.22400032,
16.09499,-1.097000031,13.16400038,
16.11551,-1.09400001,13.12800013,
16.13628,-1.089999943,13.07999931,
16.15659,-1.087999969,13.05599962,
16.1769,-1.084999948,13.01999937,
16.19739,-1.080999999,12.97199999,
16.2219,-1.079000025,12.9480003,
16.24266,-1.076000004,12.91200005,
16.26295,-1.074999957,12.89999949,
16.28353,-1.07400003,12.88800035,
16.30398,-1.074999957,12.89999949,
16.32441,-1.074999957,12.89999949,
16.345,-1.077000051,12.92400061,
16.36536,-1.077999978,12.93599974,
16.38645,-1.079000025,12.9480003,
16.41058,-1.076000004,12.91200005,
16.43087,-1.077999978,12.93599974,
16.45151,-1.079999952,12.95999943,
16.47194,-1.082000046,12.98400055,
16.49231,-1.082999973,12.99599968,
16.51276,-1.079000025,12.9480003,
16.53336,-1.074999957,12.89999949,
16.5546,-1.072999983,12.87599979,
16.57495,-1.069999962,12.83999954,
16.59882,-1.072000055,12.86400066,
16.61976,-1.069999962,12.83999954,
16.63992,-1.067999988,12.81599985,
16.66057,-1.064999967,12.7799996,
16.68074,-1.061000018,12.73200022,
16.70112,-1.057999997,12.69599997,
16.72173,-1.056000023,12.67200027,
16.74211,-1.054000049,12.64800058,
16.7672,-1.054000049,12.64800058,
16.7872,-1.054000049,12.64800058,
16.80814,-1.054000049,12.64800058,
16.82822,-1.054000049,12.64800058,
16.84877,-1.056000023,12.67200027,
16.86932,-1.057999997,12.69599997,
16.89027,-0.979000001,11.74800001,
16.91087,-0.909999995,10.91999994,
16.93134,-0.88799998,10.65599977,
16.95515,-0.882999985,10.59599982,
16.97633,-0.868999987,10.42799984,
16.99725,-0.83400002,10.00800024,
17.01688,-0.798999994,9.587999926,
17.03717,-0.793999999,9.527999983,
17.05802,-0.799999981,9.599999771,
17.0782,-0.802000015,9.624000177,
17.09855,-0.784999995,9.419999943,
17.11959,-0.771999984,9.263999805,
17.14368,-0.776999979,9.323999748,
17.16444,-0.776999979,9.323999748,
17.18459,-0.770999997,9.25199996,
17.20515,-0.761999993,9.14399992,
17.22559,-0.756999998,9.083999977,
17.24599,-0.753999977,9.047999725,
17.26736,-0.747999995,8.975999937,
17.287,-0.752000003,9.024000034,
17.31152,-0.76299998,9.155999765,
17.33194,-0.769000022,9.228000269,
17.35249,-0.767999976,9.215999708,
17.37294,-0.766999989,9.203999863,
17.39373,-0.766000001,9.192000017,
17.41408,-0.75299999,9.03599988,
17.43501,-0.743999987,8.92799984,
17.45496,-0.741000025,8.892000303,
17.47549,-0.73599997,8.831999645,
17.5,-0.719999998,8.639999971,
17.5209,-0.697999983,8.375999794,
17.54079,-0.673999994,8.087999926,
17.56129,-0.653000026,7.836000309,
17.58187,-0.635000019,7.620000229,
17.60242,-0.617000012,7.404000149,
17.62286,-0.602000027,7.22400032,
17.64336,-0.588000028,7.056000338,
17.66385,-0.576000004,6.912000046,
17.68833,-0.561000018,6.732000217,
17.70887,-0.553000002,6.636000023,
17.72929,-0.543999999,6.527999983,
17.74978,-0.537000029,6.444000349,
17.77025,-0.529000013,6.348000154,
17.79066,-0.523999988,6.287999854,
17.81137,-0.518999993,6.227999911,
17.83168,-0.51300001,6.156000123,
17.85297,-0.509000002,6.108000026,
17.87675,-0.504000007,6.048000083,
17.89771,-0.502000003,6.024000034,
17.91777,-0.504000007,6.048000083,
17.93822,-0.506000011,6.072000132,
17.95884,-0.507999985,6.095999823,
17.97923,-0.516000001,6.192000017,
17.99975,-0.523999988,6.287999854,
18.02021,-0.530999987,6.371999846,
18.04465,-0.537000029,6.444000349,
18.06545,-0.543000011,6.516000137,
18.08581,-0.543999999,6.527999983,
18.10618,-0.53999999,6.479999886,
18.12675,-0.533000021,6.396000252,
18.14716,-0.529000013,6.348000154,
18.16764,-0.525000005,6.300000057,
18.1881,-0.52000001,6.240000114,
18.20863,-0.516000001,6.192000017,
18.23321,-0.509999989,6.119999871,
18.25349,-0.506999998,6.083999977,
18.27397,-0.506000011,6.072000132,
18.29494,-0.506999998,6.083999977,
18.31509,-0.509999989,6.119999871,
18.33566,-0.513999997,6.167999969,
18.35635,-0.523000001,6.276000009,
18.37656,-0.530999987,6.371999846,
18.3975,-0.539000003,6.46800004,
18.42155,-0.542000024,6.504000292,
18.44208,-0.542000024,6.504000292,
18.46255,-0.534999995,6.419999943,
18.48309,-0.527999996,6.335999951,
18.50343,-0.522000014,6.264000163,
18.52396,-0.513999997,6.167999969,
18.54491,-0.506999998,6.083999977,
18.56494,-0.499000012,5.98800014,
18.58543,-0.492000012,5.904000149,
18.61036,-0.486,5.832000003,
18.63052,-0.481000005,5.77200006,
18.65144,-0.47600001,5.712000117,
18.67126,-0.472000002,5.66400002,
18.69183,-0.467999994,5.615999923,
18.71235,-0.465000002,5.580000029,
18.73258,-0.460999994,5.531999931,
18.75351,-0.455999999,5.471999989,
18.77386,-0.453000008,5.436000094,
18.79832,-0.449999987,5.399999843,
18.82523,-0.448000013,5.376000152,
18.85095,-0.444000005,5.328000054,
18.86007,-0.442,5.304000006,
18.88033,-0.441000013,5.29200016,
18.90081,-0.441000013,5.29200016,
18.92128,-0.439999996,5.279999957,
18.9417,-0.437000005,5.244000063,
18.96689,-0.435000001,5.220000014,
18.98671,-0.434000014,5.208000169,
19.00768,-0.435000001,5.220000014,
19.02766,-0.434000014,5.208000169,
19.04826,-0.430999993,5.171999917,
19.0689,-0.430999993,5.171999917,
19.08921,-0.428999989,5.147999868,
19.10972,-0.427000015,5.124000177,
19.13068,-0.427000015,5.124000177,
19.15516,-0.425000011,5.100000129,
19.17515,-0.425000011,5.100000129,
19.1956,-0.423000007,5.07600008,
19.21611,-0.423000007,5.07600008,
19.23663,-0.423000007,5.07600008,
19.25711,-0.423999994,5.087999926,
19.27779,-0.425000011,5.100000129,
19.29815,-0.425999998,5.111999974,
19.31873,-0.428000002,5.136000023,
19.34301,-0.428000002,5.136000023,
19.36359,-0.430999993,5.171999917,
19.38419,-0.432999997,5.195999966,
19.40452,-0.430999993,5.171999917,
19.4251,-0.43200001,5.18400012,
19.4456,-0.430999993,5.171999917,
19.46609,-0.430999993,5.171999917,
19.48679,-0.428999989,5.147999868,
19.50704,-0.430999993,5.171999917,
19.53152,-0.430999993,5.171999917,
19.55203,-0.430999993,5.171999917,
19.57246,-0.430000006,5.160000072,
19.59297,-0.428000002,5.136000023,
19.61393,-0.427000015,5.124000177,
19.63393,-0.425999998,5.111999974,
19.65444,-0.425000011,5.100000129,
19.67487,-0.423999994,5.087999926,
19.6956,-0.423999994,5.087999926,
19.71983,-0.425000011,5.100000129,
19.74033,-0.425000011,5.100000129,
19.76084,-0.423999994,5.087999926,
19.78149,-0.423999994,5.087999926,
19.80193,-0.423999994,5.087999926,
19.82243,-0.423999994,5.087999926,
19.84277,-0.425000011,5.100000129,
19.86334,-0.427000015,5.124000177,
19.88818,-0.427000015,5.124000177,
19.90845,-0.425000011,5.100000129,
19.9293,-0.423999994,5.087999926,
19.94937,-0.423000007,5.07600008,
19.96985,-0.425999998,5.111999974,
19.99039,-0.425999998,5.111999974,
20.01128,-0.425999998,5.111999974,
20.03143,-0.427000015,5.124000177,
20.0518,-0.428999989,5.147999868,
20.07623,-0.428000002,5.136000023,
20.09722,-0.428000002,5.136000023,
20.11773,-0.425999998,5.111999974,
20.13781,-0.425999998,5.111999974,
20.15826,-0.425999998,5.111999974,
20.1787,-0.427000015,5.124000177,
20.1992,-0.428000002,5.136000023,
20.21971,-0.425999998,5.111999974,
20.24055,-0.428000002,5.136000023,
20.26463,-0.428000002,5.136000023,
20.28556,-0.427000015,5.124000177,
20.30556,-0.425000011,5.100000129,
20.32675,-0.425000011,5.100000129,
20.34705,-0.425000011,5.100000129,
20.36743,-0.425999998,5.111999974,
20.38772,-0.425000011,5.100000129,
20.40816,-0.425000011,5.100000129,
20.42866,-0.423999994,5.087999926,
20.45313,-0.423000007,5.07600008,
20.47358,-0.423000007,5.07600008,
20.4946,-0.42199999,5.063999877,
20.5145,-0.42199999,5.063999877,
20.53515,-0.423000007,5.07600008,
20.55557,-0.42199999,5.063999877,
20.57607,-0.421000003,5.052000031,
20.59698,-0.419999986,5.039999828,
20.62093,-0.419999986,5.039999828,
20.64162,-0.418000011,5.016000137,
20.66197,-0.416999995,5.003999934,
20.68266,-0.416000007,4.992000089,
20.70335,-0.416000007,4.992000089,
20.72334,-0.418000011,5.016000137,
20.74445,-0.418999999,5.027999983,
20.76441,-0.418999999,5.027999983,
20.78481,-0.418999999,5.027999983,
20.80944,-0.418000011,5.016000137,
20.83049,-0.416000007,4.992000089,
20.85047,-0.416000007,4.992000089,
20.87103,-0.414000003,4.96800004,
20.89127,-0.416000007,4.992000089,
20.91175,-0.41499999,4.979999886,
20.9323,-0.416999995,5.003999934,
20.95296,-0.418000011,5.016000137,
20.97333,-0.416999995,5.003999934,
20.99796,-0.41499999,4.979999886,
21.01841,-0.41499999,4.979999886,
21.03926,-0.414000003,4.96800004,
21.05943,-0.414000003,4.96800004,
21.07986,-0.41499999,4.979999886,
21.10028,-0.416000007,4.992000089,
21.12071,-0.416000007,4.992000089,
21.14115,-0.418000011,5.016000137,
21.16183,-0.418999999,5.027999983,
21.18614,-0.418999999,5.027999983,
21.20663,-0.421000003,5.052000031,
21.22718,-0.42199999,5.063999877,
21.24766,-0.423000007,5.07600008,
21.26814,-0.421000003,5.052000031,
21.28919,-0.42199999,5.063999877,
21.30911,-0.423000007,5.07600008,
21.32968,-0.423999994,5.087999926,
21.35406,-0.423999994,5.087999926,
21.37468,-0.423000007,5.07600008,
21.39504,-0.425999998,5.111999974,
21.41566,-0.423999994,5.087999926,
21.43607,-0.425999998,5.111999974,
21.45645,-0.425000011,5.100000129,
21.47729,-0.425999998,5.111999974,
21.49777,-0.425999998,5.111999974,
21.51805,-0.425000011,5.100000129,
21.54255,-0.423999994,5.087999926,
21.56304,-0.423000007,5.07600008,
21.58355,-0.423000007,5.07600008,
21.60398,-0.423000007,5.07600008,
21.62441,-0.42199999,5.063999877,
21.64487,-0.423000007,5.07600008,
21.6657,-0.425000011,5.100000129,
21.68646,-0.427000015,5.124000177,
21.7065,-0.427000015,5.124000177,
21.73096,-0.428000002,5.136000023,
21.75143,-0.428999989,5.147999868,
21.77186,-0.427000015,5.124000177,
21.79252,-0.427000015,5.124000177,
21.8131,-0.427000015,5.124000177,
21.83356,-0.427000015,5.124000177,
21.85399,-0.428999989,5.147999868,
21.87438,-0.427000015,5.124000177,
21.89507,-0.425999998,5.111999974,
21.91988,-0.425000011,5.100000129,
21.94009,-0.425999998,5.111999974,
21.96033,-0.423000007,5.07600008,
21.98171,-0.483000009,5.796000109,
22.00245,-0.551000028,6.612000332,
22.02179,-0.618999987,7.42799984,
22.04238,-0.673999994,8.087999926,
22.06286,-0.71900001,8.628000126,
22.08858,-0.760000019,9.120000229,
22.1086,-0.793000011,9.516000137,
22.12875,-0.818999975,9.827999697,
22.1491,-0.838000028,10.05600034,
22.16986,-0.852000027,10.22400032,
22.18983,-0.867000012,10.40400015,
22.21072,-0.889000027,10.66800033,
22.23064,-0.913000016,10.95600019,
22.25114,-0.934999971,11.21999966,
22.27573,-0.951999991,11.42399989,
22.29667,-0.974000006,11.68800007,
22.3168,-0.994999974,11.93999969,
22.33721,-1.008999972,12.10799967,
22.35779,-1.022999971,12.27599965,
22.37859,-1.03,12.36,
22.39855,-1.036999969,12.44399963,
22.4193,-1.03999999,12.47999989,
22.43964,-1.051999955,12.62399946,
22.46417,-1.059000044,12.70800053,
22.48477,-1.067999988,12.81599985,
22.50581,-1.071000009,12.8520001,
22.52572,-1.079999952,12.95999943,
22.54605,-1.08400002,13.00800024,
22.56696,-1.089999943,13.07999931,
22.587,-1.09400001,13.12800013,
22.60756,-1.095999985,13.15199982,
22.62818,-1.099000006,13.18800007,
22.65263,-1.100000052,13.20000063,
22.67371,-1.100000052,13.20000063,
22.69351,-1.10099998,13.21199976,
22.71439,-1.102000027,13.22400032,
22.73452,-1.102999954,13.23599945,
22.75493,-1.10099998,13.21199976,
22.77556,-1.099000006,13.18800007,
22.7963,-1.097000031,13.16400038,
22.8206,-1.09400001,13.12800013,
22.84125,-1.092999964,13.11599957,
22.86151,-1.092000036,13.10400043,
22.882,-1.09099999,13.09199987,
22.9025,-1.09099999,13.09199987,
22.92307,-1.089999943,13.07999931,
22.94379,-1.09099999,13.09199987,
22.96391,-1.092000036,13.10400043,
22.98476,-1.092999964,13.11599957,
23.00911,-1.09099999,13.09199987,
23.02942,-1.092000036,13.10400043,
23.05008,-1.09099999,13.09199987,
23.07082,-1.092000036,13.10400043,
23.09087,-1.092999964,13.11599957,
23.11143,-1.092000036,13.10400043,
23.13174,-1.092000036,13.10400043,
23.15228,-1.089999943,13.07999931,
23.17293,-1.089999943,13.07999931,
23.19724,-1.089000015,13.06800018,
23.21808,-1.087999969,13.05599962,
23.23829,-1.089000015,13.06800018,
23.25926,-1.087999969,13.05599962,
23.27925,-1.089000015,13.06800018,
23.30022,-1.087999969,13.05599962,
23.32064,-1.089000015,13.06800018,
23.34068,-1.09099999,13.09199987,
23.36137,-1.092000036,13.10400043,
23.38631,-1.092999964,13.11599957,
23.40636,-1.09400001,13.12800013,
23.42669,-1.09400001,13.12800013,
23.44719,-1.092999964,13.11599957,
23.46783,-1.09400001,13.12800013,
23.48811,-1.09400001,13.12800013,
23.50919,-1.095999985,13.15199982,
23.52915,-1.095999985,13.15199982,
23.55369,-1.095000057,13.14000069,
23.57492,-1.095000057,13.14000069,
23.5946,-1.092999964,13.11599957,
23.61559,-1.09099999,13.09199987,
23.63567,-1.089000015,13.06800018,
23.65605,-1.089999943,13.07999931,
23.67677,-1.089000015,13.06800018,
23.69747,-1.087999969,13.05599962,
23.7175,-1.087000041,13.04400049,
23.74203,-1.085999994,13.03199993,
23.76255,-1.087000041,13.04400049,
23.78317,-1.087000041,13.04400049,
23.80357,-1.087000041,13.04400049,
23.82394,-1.085999994,13.03199993,
23.84449,-1.084999948,13.01999937,
23.86493,-1.085999994,13.03199993,
23.8856,-1.085999994,13.03199993,
23.90636,-1.087000041,13.04400049,
23.93058,-1.087999969,13.05599962,
23.95099,-1.087999969,13.05599962,
23.97146,-1.087999969,13.05599962,
23.99199,-1.087000041,13.04400049,
24.0125,-1.087000041,13.04400049,
24.03288,-1.087000041,13.04400049,
24.05341,-1.087999969,13.05599962,
24.07391,-1.089000015,13.06800018,
24.09857,-1.087999969,13.05599962,
24.11897,-1.087000041,13.04400049,
24.14002,-1.084999948,13.01999937,
24.16035,-1.082000046,12.98400055,
24.18049,-1.080999999,12.97199999,
24.20092,-1.080999999,12.97199999,
24.22126,-1.079999952,12.95999943,
24.24175,-1.080999999,12.97199999,
24.26249,-1.079999952,12.95999943,
24.2869,-1.079999952,12.95999943,
24.30814,-1.079999952,12.95999943,
24.3279,-1.079999952,12.95999943,
24.34836,-1.079999952,12.95999943,
24.36897,-1.080999999,12.97199999,
24.38941,-1.080999999,12.97199999,
24.41045,-1.080999999,12.97199999,
24.43055,-1.082000046,12.98400055,
24.45066,-1.082999973,12.99599968,
24.47525,-1.080999999,12.97199999,
24.49577,-1.082000046,12.98400055,
24.51694,-1.079999952,12.95999943,
24.53679,-1.079999952,12.95999943,
24.55768,-1.079000025,12.9480003,
24.57764,-1.079000025,12.9480003,
24.59866,-1.079000025,12.9480003,
24.61866,-1.079999952,12.95999943,
24.64314,-1.079000025,12.9480003,
24.66432,-1.079999952,12.95999943,
24.68491,-1.080999999,12.97199999,
24.70461,-1.082000046,12.98400055,
24.72528,-1.080999999,12.97199999,
24.74584,-1.080999999,12.97199999,
24.76601,-1.080999999,12.97199999,
24.78667,-1.082000046,12.98400055,
24.80713,-1.082000046,12.98400055,
24.8317,-1.082000046,12.98400055,
24.85217,-1.082000046,12.98400055,
24.8726,-1.082999973,12.99599968,
24.89374,-1.082999973,12.99599968,
24.91401,-1.082000046,12.98400055,
24.93426,-1.082999973,12.99599968,
24.95461,-1.08400002,13.00800024,
24.975,-1.08400002,13.00800024,
24.99548,-1.082999973,12.99599968,
25.02089,-1.080999999,12.97199999,
25.04133,-1.082000046,12.98400055,
25.06095,-1.08400002,13.00800024,
25.08154,-1.085999994,13.03199993,
25.10201,-1.084999948,13.01999937,
25.12254,-1.084999948,13.01999937,
25.14312,-1.084999948,13.01999937,
25.16332,-1.08400002,13.00800024,
25.18804,-1.08400002,13.00800024,
25.20839,-1.08400002,13.00800024,
25.22886,-1.08400002,13.00800024,
25.24953,-1.084999948,13.01999937,
25.26994,-1.084999948,13.01999937,
25.29037,-1.084999948,13.01999937,
25.3108,-1.084999948,13.01999937,
25.33128,-1.08400002,13.00800024,
25.35201,-1.082999973,12.99599968,
25.37643,-1.082999973,12.99599968,
25.3968,-1.082999973,12.99599968,
25.41744,-1.08400002,13.00800024,
25.43778,-1.082000046,12.98400055,
25.45834,-1.080999999,12.97199999,
25.47869,-1.082000046,12.98400055,
25.49923,-1.082999973,12.99599968,
25.51976,-1.08400002,13.00800024,
25.54055,-1.084999948,13.01999937,
25.56485,-1.08400002,13.00800024,
25.58526,-1.079999952,12.95999943,
25.60652,-1.080999999,12.97199999,
25.6262,-1.080999999,12.97199999,
25.64669,-1.082000046,12.98400055,
25.66719,-1.082999973,12.99599968,
25.68775,-1.080999999,12.97199999,
25.70809,-1.082000046,12.98400055,
25.72858,-1.082999973,12.99599968,
25.75311,-1.082000046,12.98400055,
25.77391,-1.082000046,12.98400055,
25.79484,-1.082000046,12.98400055,
25.81467,-1.080999999,12.97199999,
25.83516,-1.080999999,12.97199999,
25.85614,-1.082000046,12.98400055,
25.8762,-1.082000046,12.98400055,
25.89645,-1.080999999,12.97199999,
25.92105,-1.080999999,12.97199999,
25.94171,-1.080999999,12.97199999,
25.96202,-1.079999952,12.95999943,
25.98263,-1.079999952,12.95999943,
26.00301,-1.080999999,12.97199999,
26.02357,-1.080999999,12.97199999,
26.04395,-1.080999999,12.97199999,
26.065,-1.080999999,12.97199999,
26.08502,-1.082000046,12.98400055,
26.10965,-1.079999952,12.95999943,
26.13021,-1.079000025,12.9480003,
26.15052,-1.079999952,12.95999943,
26.17093,-1.079000025,12.9480003,
26.19176,-1.077999978,12.93599974,
26.21194,-1.077999978,12.93599974,
26.23238,-1.077999978,12.93599974,
26.25336,-1.079000025,12.9480003,
26.27337,-1.077999978,12.93599974,
26.29807,-1.076000004,12.91200005,
26.31854,-1.074999957,12.89999949,
26.33889,-1.074999957,12.89999949,
26.35964,-1.074999957,12.89999949,
26.38048,-1.077000051,12.92400061,
26.40095,-1.077999978,12.93599974,
26.42133,-1.077999978,12.93599974,
26.44133,-1.077999978,12.93599974,
26.46578,-1.077999978,12.93599974,
26.48632,-1.076000004,12.91200005,
26.50789,-1.076000004,12.91200005,
26.52814,-1.074999957,12.89999949,
26.54785,-1.076000004,12.91200005,
26.56834,-1.076000004,12.91200005,
26.58884,-1.07400003,12.88800035,
26.6094,-1.074999957,12.89999949,
26.62981,-1.074999957,12.89999949,
26.65427,-1.072000055,12.86400066,
26.67474,-1.072999983,12.87599979,
26.69624,-1.071000009,12.8520001,
26.71584,-1.072000055,12.86400066,
26.73686,-1.07400003,12.88800035,
26.75672,-1.07400003,12.88800035,
26.77708,-1.074999957,12.89999949,
26.79815,-1.074999957,12.89999949,
26.81816,-1.07400003,12.88800035,
26.84268,-1.072999983,12.87599979,
26.86323,-1.072000055,12.86400066,
26.88449,-1.071000009,12.8520001,
26.90415,-1.071000009,12.8520001,
26.92482,-1.069999962,12.83999954,
26.94514,-1.071000009,12.8520001,
26.96553,-1.072000055,12.86400066,
26.98618,-1.072999983,12.87599979,
27.01056,-1.072000055,12.86400066,
27.03126,-1.069999962,12.83999954,
27.05157,-1.069999962,12.83999954,
27.07212,-1.069999962,12.83999954,
27.09254,-1.069999962,12.83999954,
27.11314,-1.07400003,12.88800035,
27.13369,-1.07400003,12.88800035,
27.15399,-1.074999957,12.89999949,
27.17447,-1.074999957,12.89999949,
27.19953,-1.074999957,12.89999949,
27.22012,-1.072999983,12.87599979,
27.24007,-1.074999957,12.89999949,
27.26134,-1.077999978,12.93599974,
27.28111,-1.079999952,12.95999943,
27.30148,-1.08400002,13.00800024,
27.32195,-1.084999948,13.01999937,
27.34251,-1.087000041,13.04400049,
27.36291,-1.087000041,13.04400049,
27.38763,-1.087000041,13.04400049,
27.40806,-1.087999969,13.05599962,
27.42852,-1.089000015,13.06800018,
27.44989,-1.089000015,13.06800018,
27.46952,-1.089999943,13.07999931,
27.48991,-1.089000015,13.06800018,
27.51031,-1.087999969,13.05599962,
27.53085,-1.087000041,13.04400049,
27.55137,-1.089000015,13.06800018,
27.5764,-1.089000015,13.06800018,
27.59644,-1.087999969,13.05599962,
27.61683,-1.087000041,13.04400049,
27.63755,-1.085999994,13.03199993,
27.65792,-1.084999948,13.01999937,
27.67825,-1.084999948,13.01999937,
27.69886,-1.085999994,13.03199993,
27.71926,-1.085999994,13.03199993,
27.74387,-1.085999994,13.03199993,
27.76442,-1.085999994,13.03199993,
27.78473,-1.084999948,13.01999937,
27.80577,-1.08400002,13.00800024,
27.82575,-1.085999994,13.03199993,
27.84625,-1.087000041,13.04400049,
27.86686,-1.087000041,13.04400049,
27.88708,-1.087999969,13.05599962,
27.90814,-1.087999969,13.05599962,
27.93227,-1.084999948,13.01999937,
27.95284,-1.084999948,13.01999937,
27.9733,-1.082999973,12.99599968,
27.99414,-1.08400002,13.00800024,
28.01437,-1.08400002,13.00800024,
28.03477,-1.08400002,13.00800024,
28.05505,-1.084999948,13.01999937,
28.07562,-1.085999994,13.03199993,
28.09651,-1.084999948,13.01999937,
28.12077,-1.084999948,13.01999937,
28.14121,-1.085999994,13.03199993,
28.16171,-1.085999994,13.03199993,
28.18222,-1.087000041,13.04400049,
28.20261,-1.087999969,13.05599962,
28.22358,-1.087000041,13.04400049,
28.24347,-1.089000015,13.06800018,
28.26397,-1.089999943,13.07999931,
28.28854,-1.089999943,13.07999931,
28.30907,-1.089999943,13.07999931,
28.32961,-1.089000015,13.06800018,
28.3501,-1.087999969,13.05599962,
28.37148,-1.087000041,13.04400049,
28.39103,-1.087999969,13.05599962,
28.41148,-1.087999969,13.05599962,
28.43206,-1.087999969,13.05599962,
28.45242,-1.085999994,13.03199993,
28.47692,-1.085999994,13.03199993,
28.49802,-1.084999948,13.01999937,
28.51794,-1.08400002,13.00800024,
28.53851,-1.084999948,13.01999937,
28.55885,-1.084999948,13.01999937,
28.57944,-1.084999948,13.01999937,
28.59989,-1.087000041,13.04400049,
28.62038,-1.089000015,13.06800018,
28.64083,-1.089000015,13.06800018,
28.66541,-1.087999969,13.05599962,
28.68597,-1.089000015,13.06800018,
28.71281,-1.089000015,13.06800018,
28.73809,-1.089000015,13.06800018,
28.74748,-1.089999943,13.07999931,
28.7678,-1.09099999,13.09199987,
28.78896,-1.09099999,13.09199987,
28.80917,-1.092000036,13.10400043,
28.83331,-1.09099999,13.09199987,
28.85374,-1.09099999,13.09199987,
28.87434,-1.092000036,13.10400043,
28.89486,-1.092000036,13.10400043,
28.91565,-1.092000036,13.10400043,
28.93661,-1.092000036,13.10400043,
28.95719,-1.09099999,13.09199987,
28.97668,-1.089000015,13.06800018,
28.99721,-1.089000015,13.06800018,
29.02169,-1.087000041,13.04400049,
29.04237,-1.085999994,13.03199993,
29.06271,-1.085999994,13.03199993,
29.08326,-1.084999948,13.01999937,
29.10374,-1.084999948,13.01999937,
29.12438,-1.084999948,13.01999937,
29.14489,-1.084999948,13.01999937,
29.16581,-1.08400002,13.00800024,
29.18621,-1.084999948,13.01999937,
29.21066,-1.084999948,13.01999937,
29.23064,-1.082999973,12.99599968,
29.25122,-1.084999948,13.01999937,
29.27158,-1.084999948,13.01999937,
29.29205,-1.084999948,13.01999937,
29.31264,-1.08400002,13.00800024,
29.33348,-1.085999994,13.03199993,
29.35362,-1.087000041,13.04400049,
29.37466,-1.085999994,13.03199993,
29.39861,-1.085999994,13.03199993,
29.41919,-1.084999948,13.01999937,
29.43958,-1.08400002,13.00800024,
29.46014,-1.082999973,12.99599968,
29.48061,-1.08400002,13.00800024,
29.50099,-1.08400002,13.00800024,
29.52152,-1.085999994,13.03199993,
29.54207,-1.087000041,13.04400049,
29.567,-1.087000041,13.04400049,
29.58701,-1.087000041,13.04400049,
29.60754,-1.087000041,13.04400049,
29.62839,-1.087999969,13.05599962,
29.64851,-1.087000041,13.04400049,
29.66909,-1.089000015,13.06800018,
29.68948,-1.089000015,13.06800018,
29.71003,-1.089000015,13.06800018,
29.73045,-1.089000015,13.06800018,
29.75531,-1.087999969,13.05599962,
29.77556,-1.087000041,13.04400049,
29.79598,-1.085999994,13.03199993,
29.81636,-1.084999948,13.01999937,
29.83683,-1.085999994,13.03199993,
29.85735,-1.084999948,13.01999937,
29.8779,-1.085999994,13.03199993,
29.89901,-1.085999994,13.03199993,
29.91887,-1.084999948,13.01999937,
29.94322,-1.082999973,12.99599968,
29.96371,-1.082999973,12.99599968,
29.98444,-1.08400002,13.00800024,
30.00478,-1.082999973,12.99599968,
30.0253,-1.082999973,12.99599968,
30.04606,-1.084999948,13.01999937,
30.06636,-1.085999994,13.03199993,
30.08721,-1.087000041,13.04400049,
30.11143,-1.085999994,13.03199993,
30.13181,-1.085999994,13.03199993,
30.15247,-1.085999994,13.03199993,
30.17288,-1.084999948,13.01999937,
30.19335,-1.08400002,13.00800024,
30.21414,-1.082999973,12.99599968,
30.23409,-1.084999948,13.01999937,
30.25471,-1.084999948,13.01999937,
30.27514,-1.087000041,13.04400049,
30.29972,-1.087999969,13.05599962,
30.32058,-1.089000015,13.06800018,
30.34083,-1.089000015,13.06800018,
30.36108,-1.089000015,13.06800018,
30.38163,-1.087999969,13.05599962,
30.40219,-1.085999994,13.03199993,
30.42265,-1.085999994,13.03199993,
30.44305,-1.084999948,13.01999937,
30.46415,-1.084999948,13.01999937,
30.48798,-1.084999948,13.01999937,
30.50871,-1.082999973,12.99599968,
30.52914,-1.082000046,12.98400055,
30.54968,-1.080999999,12.97199999,
30.57005,-1.079999952,12.95999943,
30.59052,-1.079999952,12.95999943,
30.61107,-1.079000025,12.9480003,
30.63145,-1.079999952,12.95999943,
30.65611,-1.079000025,12.9480003,
30.67653,-1.079000025,12.9480003,
30.69707,-1.079999952,12.95999943,
30.71783,-1.080999999,12.97199999,
30.73795,-1.080999999,12.97199999,
30.7584,-1.082000046,12.98400055,
30.77898,-1.082999973,12.99599968,
30.79951,-1.08400002,13.00800024,
30.82005,-1.082999973,12.99599968,
30.84441,-1.082000046,12.98400055,
30.8649,-1.082999973,12.99599968,
30.88544,-1.080999999,12.97199999,
30.90592,-1.082000046,12.98400055,
30.9269,-1.082000046,12.98400055,
30.94684,-1.084999948,13.01999937,
30.96745,-1.087999969,13.05599962,
30.98777,-1.087999969,13.05599962,
31.00834,-1.087000041,13.04400049,
31.03288,-1.087000041,13.04400049,
31.05331,-1.084999948,13.01999937,
31.07381,-1.08400002,13.00800024,
31.09434,-1.08400002,13.00800024,
31.11476,-1.08400002,13.00800024,
31.13529,-1.08400002,13.00800024,
31.15591,-1.084999948,13.01999937,
31.17631,-1.084999948,13.01999937,
31.1973,-1.085999994,13.03199993,
31.22163,-1.08400002,13.00800024,
31.24169,-1.082999973,12.99599968,
31.26238,-1.084999948,13.01999937,
31.28277,-1.084999948,13.01999937,
31.30359,-1.087999969,13.05599962,
31.3237,-1.092000036,13.10400043,
31.3447,-1.092999964,13.11599957,
31.3646,-1.09400001,13.12800013,
31.38927,-1.097000031,13.16400038,
31.40971,-1.097000031,13.16400038,
31.43013,-1.102999954,13.23599945,
31.45081,-1.105999975,13.2719997,
31.47101,-1.107000022,13.28400026,
31.4916,-1.11099997,13.33199965,
31.51215,-1.107000022,13.28400026,
31.53252,-1.107999949,13.29599939,
31.5533,-1.110000043,13.32000051,
31.57758,-1.108999996,13.30799995,
31.59807,-1.107000022,13.28400026,
31.61864,-1.102999954,13.23599945,
31.63898,-1.105000048,13.26000057,
31.65971,-1.11099997,13.33199965,
31.68015,-1.110000043,13.32000051,
31.70055,-1.112000017,13.34400021,
31.72107,-1.112000017,13.34400021,
31.74147,-1.112000017,13.34400021,
31.76601,-1.113999991,13.3679999,
31.78655,-1.115000038,13.38000046,
31.80695,-1.110000043,13.32000051,
31.82745,-1.107000022,13.28400026,
31.84786,-1.105000048,13.26000057,
31.86847,-1.104000001,13.24800001,
31.88946,-1.102999954,13.23599945,
31.90935,-1.102000027,13.22400032,
31.93404,-1.10099998,13.21199976,
31.95446,-1.100000052,13.20000063,
31.97518,-1.099000006,13.18800007,
31.99529,-1.095999985,13.15199982,
32.01591,-1.095000057,13.14000069,
32.0364,-1.095000057,13.14000069,
32.05731,-1.095000057,13.14000069,
32.07743,-1.095000057,13.14000069,
32.09789,-1.095000057,13.14000069,
32.12272,-1.092999964,13.11599957,
32.14291,-1.089999943,13.07999931,
32.16387,-1.087999969,13.05599962,
32.18394,-1.087000041,13.04400049,
32.20438,-1.087000041,13.04400049,
32.22482,-1.085999994,13.03199993,
32.24525,-1.084999948,13.01999937,
32.26569,-1.08400002,13.00800024,
32.28632,-1.08400002,13.00800024,
32.31081,-1.08400002,13.00800024,
32.33114,-1.08400002,13.00800024,
32.35172,-1.08400002,13.00800024,
32.37218,-1.082999973,12.99599968,
32.39272,-1.082999973,12.99599968,
32.41334,-1.082999973,12.99599968,
32.43372,-1.082000046,12.98400055,
32.45414,-1.082000046,12.98400055,
32.47881,-1.082000046,12.98400055,
32.49937,-1.082000046,12.98400055,
32.51971,-1.082999973,12.99599968,
32.54061,-1.082999973,12.99599968,
32.56065,-1.082000046,12.98400055,
32.58114,-1.084999948,13.01999937,
32.60178,-1.085999994,13.03199993,
32.6221,-1.085999994,13.03199993,
32.64256,-1.084999948,13.01999937,
32.66714,-1.082999973,12.99599968,
32.68765,-1.082000046,12.98400055,
32.7084,-1.082000046,12.98400055,
32.72855,-1.080999999,12.97199999,
32.74914,-1.080999999,12.97199999,
32.76952,-1.079999952,12.95999943,
32.78998,-1.079000025,12.9480003,
32.81063,-1.079999952,12.95999943,
32.83092,-1.080999999,12.97199999,
32.85549,-1.079999952,12.95999943,
32.87593,-1.079999952,12.95999943,
32.89655,-1.080999999,12.97199999,
32.91716,-1.080999999,12.97199999,
32.93755,-1.082000046,12.98400055,
32.95782,-1.080999999,12.97199999,
32.97849,-1.082999973,12.99599968,
32.99894,-1.084999948,13.01999937,
33.01955,-1.082999973,12.99599968,
33.04391,-1.082999973,12.99599968,
33.0644,-1.082999973,12.99599968,
33.08482,-1.082000046,12.98400055,
33.10543,-1.082000046,12.98400055,
33.12593,-1.080999999,12.97199999,
33.14677,-1.080999999,12.97199999,
33.16681,-1.080999999,12.97199999,
33.18745,-1.082000046,12.98400055,
33.21181,-1.080999999,12.97199999,
33.2327,-1.079999952,12.95999943,
33.25285,-1.080999999,12.97199999,
33.27325,-1.079000025,12.9480003,
33.29374,-1.077999978,12.93599974,
33.31467,-1.077000051,12.92400061,
33.33482,-1.077000051,12.92400061,
33.3558,-1.076000004,12.91200005,
33.37614,-1.076000004,12.91200005,
33.40019,-1.077000051,12.92400061,
33.42133,-1.079000025,12.9480003,
33.44132,-1.079999952,12.95999943,
33.46161,-1.077999978,12.93599974,
33.48207,-1.077999978,12.93599974,
33.50269,-1.077999978,12.93599974,
33.52373,-1.079000025,12.9480003,
33.54382,-1.079000025,12.9480003,
33.56427,-1.079000025,12.9480003,
33.58864,-1.079000025,12.9480003,
33.60925,-1.077000051,12.92400061,
33.62959,-1.079000025,12.9480003,
33.65015,-1.079000025,12.9480003,
33.67062,-1.079999952,12.95999943,
33.69107,-1.079999952,12.95999943,
33.71155,-1.080999999,12.97199999,
33.73216,-1.082000046,12.98400055,
33.75738,-1.082000046,12.98400055,
33.77708,-1.080999999,12.97199999,
33.79797,-1.079999952,12.95999943,
33.8186,-1.079999952,12.95999943,
33.83846,-1.077999978,12.93599974,
33.85956,-1.080999999,12.97199999,
33.87995,-1.079999952,12.95999943,
33.90008,-1.080999999,12.97199999,
33.92056,-1.082000046,12.98400055,
33.94502,-1.080999999,12.97199999,
33.96563,-1.079000025,12.9480003,
33.986,-1.077000051,12.92400061,
34.00645,-1.076000004,12.91200005,
34.02742,-1.077999978,12.93599974,
34.04742,-1.077000051,12.92400061,
34.06815,-1.077000051,12.92400061,
34.08835,-1.077999978,12.93599974,
34.10938,-1.079000025,12.9480003,
34.13341,-1.077999978,12.93599974,
34.15388,-1.079000025,12.9480003,
34.17511,-1.079999952,12.95999943,
34.19492,-1.079999952,12.95999943,
34.21581,-1.082000046,12.98400055,
34.23597,-1.082000046,12.98400055,
34.2566,-1.080999999,12.97199999,
34.27709,-1.079999952,12.95999943,
34.30134,-1.077999978,12.93599974,
34.32178,-1.079000025,12.9480003,
34.34234,-1.077999978,12.93599974,
34.36334,-1.077999978,12.93599974,
34.38351,-1.077999978,12.93599974,
34.40379,-1.079000025,12.9480003,
34.42439,-1.077000051,12.92400061,
34.44473,-1.076000004,12.91200005,
34.46535,-1.077000051,12.92400061,
34.48997,-1.076000004,12.91200005,
34.51022,-1.079000025,12.9480003,
34.53073,-1.080999999,12.97199999,
34.55128,-1.080999999,12.97199999,
34.57182,-1.080999999,12.97199999,
34.59225,-1.082000046,12.98400055,
34.61264,-1.082999973,12.99599968,
34.63325,-1.082999973,12.99599968,
34.65405,-1.082000046,12.98400055,
34.67826,-1.080999999,12.97199999,
34.69871,-1.079000025,12.9480003,
34.71931,-1.079999952,12.95999943,
34.73972,-1.079999952,12.95999943,
34.76015,-1.079999952,12.95999943,
34.78073,-1.079999952,12.95999943,
34.80128,-1.079000025,12.9480003,
34.82147,-1.077000051,12.92400061,
34.84203,-1.076000004,12.91200005,
34.86666,-1.076000004,12.91200005,
34.88756,-1.077000051,12.92400061,
34.90768,-1.076000004,12.91200005,
34.92852,-1.074999957,12.89999949,
34.94853,-1.07400003,12.88800035,
34.96906,-1.074999957,12.89999949,
34.98959,-1.077000051,12.92400061,
35.00999,-1.077999978,12.93599974,
35.03519,-1.079000025,12.9480003,
35.05509,-1.077000051,12.92400061,
35.07619,-1.079000025,12.9480003,
35.09642,-1.077999978,12.93599974,
35.11671,-1.077000051,12.92400061,
35.13712,-1.077000051,12.92400061,
35.15739,-1.077999978,12.93599974,
35.17835,-1.077999978,12.93599974,
35.19849,-1.079000025,12.9480003,
35.22382,-1.077999978,12.93599974,
35.24346,-1.077999978,12.93599974,
35.26422,-1.077999978,12.93599974,
35.28437,-1.079000025,12.9480003,
35.30502,-1.079000025,12.9480003,
35.32551,-1.077999978,12.93599974,
35.34576,-1.077999978,12.93599974,
35.36627,-1.077999978,12.93599974,
35.38678,-1.079000025,12.9480003,
35.41142,-1.077000051,12.92400061,
35.43196,-1.076000004,12.91200005,
35.45232,-1.076000004,12.91200005,
35.47326,-1.076000004,12.91200005,
35.49326,-1.077000051,12.92400061,
35.51378,-1.076000004,12.91200005,
35.53431,-1.074999957,12.89999949,
35.55475,-1.076000004,12.91200005,
35.57938,-1.076000004,12.91200005,
35.5998,-1.074999957,12.89999949,
35.62042,-1.074999957,12.89999949,
35.64082,-1.07400003,12.88800035,
35.66122,-1.072999983,12.87599979,
35.68179,-1.072999983,12.87599979,
35.70214,-1.07400003,12.88800035,
35.7227,-1.07400003,12.88800035,
35.7433,-1.074999957,12.89999949,
35.76775,-1.076000004,12.91200005,
35.78825,-1.074999957,12.89999949,
35.80881,-1.077000051,12.92400061,
35.82924,-1.076000004,12.91200005,
35.84976,-1.077000051,12.92400061,
35.87006,-1.077000051,12.92400061,
35.89051,-1.077000051,12.92400061,
35.91113,-1.077999978,12.93599974,
35.93151,-1.079000025,12.9480003,
35.95618,-1.079999952,12.95999943,
35.97723,-1.080999999,12.97199999,
35.99702,-1.080999999,12.97199999,
36.01754,-1.082999973,12.99599968,
36.03856,-1.082999973,12.99599968,
36.05862,-1.08400002,13.00800024,
36.07903,-1.080999999,12.97199999,
36.09995,-1.080999999,12.97199999,
36.12399,-1.080999999,12.97199999,
36.14499,-1.080999999,12.97199999,
36.16507,-1.082000046,12.98400055,
36.18552,-1.080999999,12.97199999,
36.20609,-1.080999999,12.97199999,
36.22652,-1.082999973,12.99599968,
36.24692,-1.082000046,12.98400055,
36.26762,-1.082999973,12.99599968,
36.2879,-1.084999948,13.01999937,
36.3126,-1.085999994,13.03199993,
36.33305,-1.085999994,13.03199993,
36.35403,-1.085999994,13.03199993,
36.37399,-1.085999994,13.03199993,
36.39437,-1.084999948,13.01999937,
36.41499,-1.085999994,13.03199993,
36.43533,-1.087000041,13.04400049,
36.45585,-1.087999969,13.05599962,
36.47639,-1.087000041,13.04400049,
36.50082,-1.085999994,13.03199993,
36.52129,-1.085999994,13.03199993,
36.54181,-1.08400002,13.00800024,
36.56232,-1.08400002,13.00800024,
36.58295,-1.084999948,13.01999937,
36.60432,-1.087000041,13.04400049,
36.62516,-1.087000041,13.04400049,
36.64423,-1.089000015,13.06800018,
36.66941,-0.98599997,11.83199965,
36.69042,-0.883999972,10.60799967,
36.70985,-0.78999999,9.479999886,
36.73021,-0.707999973,8.49599968,
36.75083,-0.636000006,7.632000074,
36.77123,-0.571999996,6.863999949,
36.79179,-0.515000014,6.180000172,
36.81214,-0.463999985,5.567999825,
36.8327,-0.416999995,5.003999934,
36.85759,-0.374000012,4.48800014,
36.87799,-0.335999994,4.031999931,
36.89827,-0.302000015,3.624000177,
36.91866,-0.273000001,3.276000009,
36.93923,-0.245000004,2.940000043,
36.96014,-0.218999996,2.627999947,
36.98019,-0.197999998,2.375999973,
37.00082,-0.177,2.123999999,
37.02121,-0.158999993,1.907999918,
37.04588,-0.142999998,1.715999976,
37.0666,-0.128999999,1.547999994,
37.08693,-0.116000003,1.392000035,
37.10737,-0.102999999,1.235999987,
37.12785,-0.093000001,1.116000012,
37.14825,-0.082999999,0.995999992,
37.16867,-0.074,0.887999997,
37.18937,-0.067,0.804000006,
37.20973,-0.059999999,0.719999992,
37.23412,-0.053,0.636000001,
37.25538,-0.047000001,0,
37.27501,-0.041,0,
37.29572,-0.036,0,
37.31607,-0.031,0,
37.33649,-0.028,0,
37.35693,-0.026,0,
37.37742,-0.024,0,
37.39795,-0.022,0,
37.42274,-0.02,0,
37.44292,-0.018,0,
37.46339,-0.016,0,
37.48399,-0.013999999,0,
37.50494,-0.012000001,0,
37.52496,-0.009,0,
37.54536,-0.007,0,
37.56575,-0.006,0,
37.58685,-0.033,0,
37.61147,-0.084000001,1.008000017,
37.63148,-0.142000003,1.704000041,
37.65196,-0.200000002,2.400000021,
37.67237,-0.243,2.915999994,
37.69331,-0.268999993,3.227999911,
37.71391,-0.282000004,3.384000049,
37.7347,-0.296000003,3.552000031,
37.75432,-0.307999997,3.695999966,
37.77464,-0.319000005,3.828000054,
37.80018,-0.324999987,3.899999843,
37.81993,-0.331999986,3.983999834,
37.84032,-0.337000011,4.044000134,
37.86079,-0.34400001,4.128000126,
37.88117,-0.349999993,4.199999914,
37.90171,-0.354000001,4.248000011,
37.9222,-0.358000009,4.296000109,
37.94295,-0.363000004,4.356000051,
37.96734,-0.365999995,4.391999946,
37.98766,-0.370000004,4.440000043,
38.00829,-0.372999995,4.475999937,
38.02871,-0.375999986,4.511999831,
38.0492,-0.379999994,4.559999928,
38.06963,-0.382999985,4.595999823,
38.09016,-0.386000006,4.632000074,
38.11106,-0.384000002,4.608000026,
38.1312,-0.386999993,4.64399992,
38.15571,-0.386000006,4.632000074,
38.17606,-0.38800001,4.656000123,
38.19672,-0.386999993,4.64399992,
38.21717,-0.38800001,4.656000123,
38.23818,-0.388999997,4.667999969,
38.25823,-0.391999989,4.703999863,
38.2785,-0.395999997,4.75199996,
38.29944,-0.398999988,4.787999854,
38.32008,-0.402000009,4.824000106,
38.34408,-0.405,4.86,
38.3652,-0.407999991,4.895999894,
38.38508,-0.411000012,4.932000146,
38.4055,-0.409999995,4.919999943,
38.42612,-0.411000012,4.932000146,
38.44664,-0.412999986,4.955999837,
38.46702,-0.412999986,4.955999837,
38.48744,-0.412999986,4.955999837,
38.50798,-0.411999999,4.943999991,
38.53256,-0.411000012,4.932000146,
38.55302,-0.409000008,4.908000097,
38.57375,-0.409000008,4.908000097,
38.59498,-0.405999987,4.871999846,
38.61462,-0.405999987,4.871999846,
38.64114,-0.405,4.86,
38.66691,-0.405,4.86,
38.67606,-0.405999987,4.871999846,
38.70047,-0.404000013,4.848000154,
38.72082,-0.402000009,4.824000106,
38.74132,-0.400000005,4.800000057,
38.76192,-0.398999988,4.787999854,
38.78248,-0.398999988,4.787999854,
38.8028,-0.400000005,4.800000057,
38.82323,-0.400999992,4.811999903,
38.84381,-0.400999992,4.811999903,
38.86483,-0.400000005,4.800000057,
38.88905,-0.398000001,4.776000009,
38.90953,-0.397000014,4.764000163,
38.92981,-0.397000014,4.764000163,
38.951,-0.397000014,4.764000163,
38.97144,-0.398000001,4.776000009,
38.99129,-0.397000014,4.764000163,
39.01166,-0.397000014,4.764000163,
39.03209,-0.398000001,4.776000009,
39.05261,-0.397000014,4.764000163,
39.07759,-0.397000014,4.764000163,
39.0979,-0.39500001,4.740000114,
39.11813,-0.395999997,4.75199996,
39.13932,-0.397000014,4.764000163,
39.15924,-0.395999997,4.75199996,
39.18011,-0.395999997,4.75199996,
39.20028,-0.393999993,4.727999911,
39.22101,-0.393000005,4.716000066,
39.24117,-0.391999989,4.703999863,
39.26569,-0.390000014,4.680000172,
39.28624,-0.391999989,4.703999863,
39.3074,-0.390000014,4.680000172,
39.3271,-0.391999989,4.703999863,
39.34814,-0.391000001,4.692000017,
39.36808,-0.393000005,4.716000066,
39.38874,-0.391999989,4.703999863,
39.40948,-0.391000001,4.692000017,
39.43414,-0.390000014,4.680000172,
39.45414,-0.388999997,4.667999969,
39.47447,-0.388999997,4.667999969,
39.495,-0.386999993,4.64399992,
39.51567,-0.386999993,4.64399992,
39.53596,-0.386000006,4.632000074,
39.55651,-0.386000006,4.632000074,
39.57697,-0.386999993,4.64399992,
39.5974,-0.384999989,4.619999871,
39.62203,-0.384000002,4.608000026,
39.64256,-0.384000002,4.608000026,
39.66372,-0.381999998,4.583999977,
39.68343,-0.381999998,4.583999977,
39.70395,-0.382999985,4.595999823,
39.72446,-0.381999998,4.583999977,
39.74537,-0.382999985,4.595999823,
39.76548,-0.381999998,4.583999977,
39.78588,-0.381000011,4.572000132,
39.81039,-0.382999985,4.595999823,
39.83102,-0.384000002,4.608000026,
39.85134,-0.384999989,4.619999871,
39.87191,-0.384999989,4.619999871,
39.89227,-0.386000006,4.632000074,
39.91276,-0.386000006,4.632000074,
39.93394,-0.386000006,4.632000074,
39.95388,-0.386999993,4.64399992,
39.97421,-0.386999993,4.64399992,
39.99894,-0.386000006,4.632000074,
40.01937,-0.386000006,4.632000074,
40.04066,-0.386000006,4.632000074,
40.06023,-0.386000006,4.632000074,
40.08143,-0.381999998,4.583999977,
40.10212,-0.405,4.86,
40.12186,-0.432999997,5.195999966,
40.14301,-0.456999986,5.483999834,
40.1674,-0.476999997,5.723999963,
40.18738,-0.490000008,5.8800001,
40.20777,-0.509999989,6.119999871,
40.22893,-0.533000021,6.396000252,
40.24956,-0.548999994,6.587999926,
40.26984,-0.554999976,6.659999714,
40.28974,-0.562000005,6.744000063,
40.31022,-0.567999988,6.815999851,
40.33107,-0.577999978,6.935999737,
40.35522,-0.589000015,7.068000183,
40.37567,-0.596999972,7.163999662,
40.39616,-0.596999972,7.163999662,
40.41673,-0.590000002,7.080000029,
40.43723,-0.580000012,6.960000143,
40.45761,-0.571000009,6.852000103,
40.478,-0.558999984,6.707999811,
40.49846,-0.54700002,6.564000235,
40.5195,-0.535999982,6.431999788,
40.54349,-0.525999992,6.311999903,
40.56413,-0.516999989,6.203999863,
40.58531,-0.509000002,6.108000026,
40.60567,-0.502000003,6.024000034,
40.62568,-0.497000008,5.964000092,
40.64602,-0.490999995,5.891999946,
40.66647,-0.483999996,5.807999954,
40.68726,-0.479000001,5.748000011,
40.70747,-0.474999993,5.699999914,
40.73193,-0.469999998,5.639999971,
40.75256,-0.465000002,5.580000029,
40.77396,-0.460000007,5.520000086,
40.79351,-0.45899999,5.507999883,
40.8139,-0.456999986,5.483999834,
40.83497,-0.455000012,5.460000143,
40.85477,-0.453000008,5.436000094,
40.87543,-0.449999987,5.399999843,
40.89982,-0.446999996,5.363999949,
40.92047,-0.442999988,5.315999851,
40.94093,-0.442,5.304000006,
40.96143,-0.439000009,5.268000112,
40.98193,-0.437000005,5.244000063,
41.00239,-0.437999992,5.255999908,
41.02274,-0.437000005,5.244000063,
41.04322,-0.437000005,5.244000063,
41.06386,-0.437999992,5.255999908,
41.08874,-0.435999988,5.23199986,
41.10892,-0.435000001,5.220000014,
41.1297,-0.434000014,5.208000169,
41.1498,-0.432999997,5.195999966,
41.17039,-0.430999993,5.171999917,
41.19085,-0.430999993,5.171999917,
41.21121,-0.428999989,5.147999868,
41.23167,-0.428999989,5.147999868,
41.2522,-0.428999989,5.147999868,
41.27687,-0.428999989,5.147999868,
41.29734,-0.430000006,5.160000072,
41.31773,-0.430000006,5.160000072,
41.339,-0.430000006,5.160000072,
41.35881,-0.428999989,5.147999868,
41.37913,-0.428999989,5.147999868,
41.4003,-0.428000002,5.136000023,
41.42014,-0.425999998,5.111999974,
41.4407,-0.425000011,5.100000129,
41.46526,-0.423999994,5.087999926,
41.48566,-0.425000011,5.100000129,
41.50666,-0.425000011,5.100000129,
41.52674,-0.423000007,5.07600008,
41.54797,-0.423999994,5.087999926,
41.56758,-0.423000007,5.07600008,
41.58863,-0.42199999,5.063999877,
41.60925,-0.421000003,5.052000031,
41.62943,-0.419999986,5.039999828,
41.65397,-0.418999999,5.027999983,
41.67403,-0.418999999,5.027999983,
41.69456,-0.419999986,5.039999828,
41.71521,-0.418999999,5.027999983,
41.73576,-0.418999999,5.027999983,
41.75596,-0.419999986,5.039999828,
41.77649,-0.418999999,5.027999983,
41.79705,-0.419999986,5.039999828,
41.82158,-0.418000011,5.016000137,
41.84197,-0.416999995,5.003999934,
41.86247,-0.416000007,4.992000089,
41.88289,-0.41499999,4.979999886,
41.9035,-0.416000007,4.992000089,
41.92386,-0.416000007,4.992000089,
41.94443,-0.416000007,4.992000089,
41.96551,-0.41499999,4.979999886,
41.98533,-0.412999986,4.955999837,
42.00993,-0.412999986,4.955999837,
42.03053,-0.414000003,4.96800004,
42.05087,-0.414000003,4.96800004,
42.0712,-0.41499999,4.979999886,
42.09196,-0.414000003,4.96800004,
42.11236,-0.412999986,4.955999837,
42.13284,-0.41499999,4.979999886,
42.15327,-0.41499999,4.979999886,
42.17385,-0.41499999,4.979999886,
42.19868,-0.414000003,4.96800004,
42.2192,-0.414000003,4.96800004,
42.23934,-0.412999986,4.955999837,
42.25983,-0.414000003,4.96800004,
42.2805,-0.41499999,4.979999886,
42.3014,-0.416000007,4.992000089,
42.32115,-0.416000007,4.992000089,
42.34177,-0.416999995,5.003999934,
42.36212,-0.418000011,5.016000137,
42.38666,-0.416999995,5.003999934,
42.4073,-0.418000011,5.016000137,
42.42773,-0.419999986,5.039999828,
42.44841,-0.418999999,5.027999983,
42.46911,-0.419999986,5.039999828,
42.48985,-0.451999991,5.423999891,
42.51062,-0.47600001,5.712000117,
42.53009,-0.529000013,6.348000154,
42.5511,-0.580000012,6.960000143,
42.57509,-0.621000021,7.452000246,
42.59563,-0.665999978,7.991999731,
42.61681,-0.71599999,8.591999874,
42.6376,-0.772999971,9.275999651,
42.65799,-0.826000004,9.912000046,
42.67827,-0.872999995,10.47599994,
42.6989,-0.912000029,10.94400035,
42.71868,-0.94900003,11.38800035,
42.74297,-0.987000017,11.84400021,
42.76369,-1.024000018,12.28800021,
42.78407,-1.05699995,12.6839994,
42.80455,-1.09400001,13.12800013,
42.82512,-1.127000003,13.52400003,
42.84637,-1.156999974,13.88399969,
42.86622,-1.184999971,14.21999966,
42.88715,-1.210999994,14.53199993,
42.907,-1.233999996,14.80799995,
42.93159,-1.25300005,15.0360006,
42.95216,-1.265999942,15.1919993,
42.97263,-1.283000021,15.39600025,
42.99308,-1.291999965,15.50399958,
43.01347,-1.304999976,15.65999971,
43.03468,-1.314999967,15.7799996,
43.05437,-1.322999983,15.87599979,
43.07492,-1.321000009,15.8520001,
43.09528,-1.32400003,15.88800035,
43.12045,-1.332999973,15.99599968,
43.14048,-1.33400002,16.00800024,
43.16091,-1.347999959,16.17599951,
43.18144,-1.354000001,16.24800001,
43.20181,-1.357999949,16.29599939,
43.22228,-1.357999949,16.29599939,
43.24279,-1.358999996,16.30799995,
43.26318,-1.36099997,16.33199965,
43.28799,-1.362000017,16.34400021,
43.30836,-1.362999945,16.35599934,
43.32875,-1.367000012,16.40400015,
43.3493,-1.368999987,16.42799984,
43.37019,-1.372000008,16.46400009,
43.3904,-1.373000054,16.47600065,
43.41082,-1.373000054,16.47600065,
43.43118,-1.373999982,16.48799978,
43.45177,-1.375000029,16.50000034,
43.47683,-1.375999956,16.51199947,
43.49723,-1.377000003,16.52400003,
43.51734,-1.375999956,16.51199947,
43.53818,-1.375999956,16.51199947,
43.55812,-1.375999956,16.51199947,
43.57866,-1.375000029,16.50000034,
43.59975,-1.375999956,16.51199947,
43.61961,-1.377000003,16.52400003,
43.64035,-1.37800005,16.5360006,
43.66464,-1.377000003,16.52400003,
43.68551,-1.375999956,16.51199947,
43.70584,-1.375000029,16.50000034,
43.72612,-1.375000029,16.50000034,
43.74659,-1.375000029,16.50000034,
43.76714,-1.375000029,16.50000034,
43.78836,-1.375000029,16.50000034,
43.80811,-1.377000003,16.52400003,
43.83253,-1.37800005,16.5360006,
43.85308,-1.375999956,16.51199947,
43.8737,-1.375999956,16.51199947,
43.89407,-1.375000029,16.50000034,
43.91486,-1.373000054,16.47600065,
43.93507,-1.370999961,16.45199953,
43.95563,-1.370999961,16.45199953,
43.97598,-1.372000008,16.46400009,
43.99638,-1.370999961,16.45199953,
44.02113,-1.370999961,16.45199953,
44.04158,-1.372000008,16.46400009,
44.062,-1.372000008,16.46400009,
44.08246,-1.368999987,16.42799984,
44.1029,-1.373999982,16.48799978,
44.1236,-1.373000054,16.47600065,
44.14377,-1.373000054,16.47600065,
44.16508,-1.372000008,16.46400009,
44.1888,-1.370999961,16.45199953,
44.20939,-1.370999961,16.45199953,
44.23045,-1.368999987,16.42799984,
44.25053,-1.370000033,16.4400004,
44.27087,-1.368000059,16.41600071,
44.29169,-1.365999966,16.39199959,
44.31194,-1.365000038,16.38000046,
44.33281,-1.365000038,16.38000046,
44.35357,-1.365000038,16.38000046,
44.37734,-1.365000038,16.38000046,
44.3979,-1.368999987,16.42799984,
44.41846,-1.372000008,16.46400009,
44.43927,-1.373999982,16.48799978,
44.4594,-1.377000003,16.52400003,
44.47977,-1.377000003,16.52400003,
44.50038,-1.37800005,16.5360006,
44.52155,-1.378999977,16.54799973,
44.54129,-1.377000003,16.52400003,
44.5657,-1.375999956,16.51199947,
44.58611,-1.373999982,16.48799978,
44.60664,-1.377000003,16.52400003,
44.62742,-1.380000024,16.56000029,
44.64792,-1.378999977,16.54799973,
44.66827,-1.378999977,16.54799973,
44.68871,-1.378999977,16.54799973,
44.70982,-1.380000024,16.56000029,
44.73367,-1.380999951,16.57199942,
44.75477,-1.380999951,16.57199942,
44.77505,-1.378999977,16.54799973,
44.79562,-1.378999977,16.54799973,
44.81565,-1.380000024,16.56000029,
44.83613,-1.380000024,16.56000029,
44.85675,-1.377000003,16.52400003,
44.87704,-1.375999956,16.51199947,
44.89761,-1.375000029,16.50000034,
44.92261,-1.337999969,16.05599962,
44.94356,-1.311000018,15.73200022,
44.96332,-1.288999944,15.46799932,
44.98402,-1.271000056,15.25200068,
45.00475,-1.248000054,14.97600065,
45.02538,-1.21900001,14.62800013,
45.04544,-1.186999946,14.24399935,
45.06564,-1.166999965,14.00399958,
45.08594,-1.161000042,13.9320005,
45.11063,-1.158999949,13.90799938,
45.1312,-1.156000047,13.87200056,
45.15168,-1.159999995,13.91999994,
45.17215,-1.161000042,13.9320005,
45.19244,-1.159999995,13.91999994,
45.21307,-1.151000051,13.81200062,
45.23344,-1.138999968,13.66799961,
45.25381,-1.128999977,13.54799973,
45.27845,-1.127000003,13.52400003,
45.29903,-1.127000003,13.52400003,
45.31945,-1.130000024,13.56000029,
45.33994,-1.130999951,13.57199942,
45.36082,-1.131999998,13.58399998,
45.38116,-1.131999998,13.58399998,
45.4018,-1.133000045,13.59600054,
45.422,-1.133999972,13.60799967,
45.44238,-1.130999951,13.57199942,
45.46693,-1.125999956,13.51199947,
45.48764,-1.123999982,13.48799978,
45.50774,-1.122000008,13.46400009,
45.5285,-1.120000033,13.4400004,
45.54881,-1.118000059,13.41600071,
45.56926,-1.115999966,13.39199959,
45.58996,-1.112000017,13.34400021,
45.61028,-1.110000043,13.32000051,
45.63162,-1.105000048,13.26000057,
45.65512,-1.102000027,13.22400032,
45.67618,-1.10099998,13.21199976,
45.69625,-1.10099998,13.21199976,
45.71669,-1.100000052,13.20000063,
45.73724,-1.10099998,13.21199976,
45.75771,-1.100000052,13.20000063,
45.7786,-1.100000052,13.20000063,
45.79885,-1.100000052,13.20000063,
45.8191,-1.097999959,13.17599951,
45.84368,-1.097000031,13.16400038,
45.86481,-1.095999985,13.15199982,
45.88461,-1.095000057,13.14000069,
45.90515,-1.095000057,13.14000069,
45.9257,-1.09400001,13.12800013,
45.94649,-1.092000036,13.10400043,
45.96705,-1.089999943,13.07999931,
45.98721,-1.087999969,13.05599962,
46.0115,-1.087999969,13.05599962,
46.03214,-1.087000041,13.04400049,
46.05263,-1.087000041,13.04400049,
46.07306,-1.087000041,13.04400049,
46.09354,-1.087000041,13.04400049,
46.11417,-1.084999948,13.01999937,
46.13467,-1.085999994,13.03199993,
46.15502,-1.085999994,13.03199993,
46.17555,-1.085999994,13.03199993,
46.20041,-1.084999948,13.01999937,
46.22063,-1.08400002,13.00800024,
46.24092,-1.082999973,12.99599968,
46.26159,-1.08400002,13.00800024,
46.28189,-1.084999948,13.01999937,
46.30268,-1.087000041,13.04400049,
46.32305,-1.087999969,13.05599962,
46.34344,-1.087999969,13.05599962,
46.36392,-1.089000015,13.06800018,
46.38837,-1.089999943,13.07999931,
46.409,-1.089999943,13.07999931,
46.42959,-1.09099999,13.09199987,
46.44994,-1.092000036,13.10400043,
46.47046,-1.092000036,13.10400043,
46.49102,-1.09099999,13.09199987,
46.51134,-1.09099999,13.09199987,
46.53197,-1.09099999,13.09199987,
46.55637,-1.09099999,13.09199987,
46.57678,-1.09099999,13.09199987,
46.59729,-1.092000036,13.10400043,
46.61784,-1.092000036,13.10400043,
46.63849,-1.09099999,13.09199987,
46.65919,-1.089999943,13.07999931,
46.67925,-1.089000015,13.06800018,
46.70011,-1.087999969,13.05599962,
46.72021,-1.087000041,13.04400049,
46.74533,-1.087000041,13.04400049,
46.76526,-1.087000041,13.04400049,
46.78555,-1.087999969,13.05599962,
46.80624,-1.089999943,13.07999931,
46.82722,-1.089999943,13.07999931,
46.84734,-1.089000015,13.06800018,
46.86791,-1.089999943,13.07999931,
46.88809,-1.09099999,13.09199987,
46.90865,-1.089999943,13.07999931,
46.93325,-1.089999943,13.07999931,
46.95369,-1.089000015,13.06800018,
46.9743,-1.089999943,13.07999931,
46.9951,-1.089999943,13.07999931,
47.01511,-1.089999943,13.07999931,
47.03606,-1.09099999,13.09199987,
47.05627,-1.09099999,13.09199987,
47.07662,-1.092999964,13.11599957,
47.10107,-1.09099999,13.09199987,
47.12162,-1.089999943,13.07999931,
47.14211,-1.09099999,13.09199987,
47.16271,-1.09099999,13.09199987,
47.18342,-1.09099999,13.09199987,
47.2035,-1.09099999,13.09199987,
47.22407,-1.09099999,13.09199987,
47.24454,-1.089000015,13.06800018,
47.26553,-1.089000015,13.06800018,
47.28951,-1.087000041,13.04400049,
47.31025,-1.085999994,13.03199993,
47.33058,-1.084999948,13.01999937,
47.35093,-1.084999948,13.01999937,
47.372,-1.08400002,13.00800024,
47.39198,-1.08400002,13.00800024,
47.41246,-1.08400002,13.00800024,
47.433,-1.08400002,13.00800024,
47.45365,-1.085999994,13.03199993,
47.47826,-1.089000015,13.06800018,
47.4985,-1.09099999,13.09199987,
47.5189,-1.089999943,13.07999931,
47.53979,-1.089999943,13.07999931,
47.55991,-1.089999943,13.07999931,
47.58042,-1.089999943,13.07999931,
47.60088,-1.089999943,13.07999931,
47.62136,-1.089000015,13.06800018,
47.64587,-1.087000041,13.04400049,
47.66639,-1.084999948,13.01999937,
47.68693,-1.08400002,13.00800024,
47.70743,-1.08400002,13.00800024,
47.72778,-1.082999973,12.99599968,
47.74831,-1.082999973,12.99599968,
47.76875,-1.08400002,13.00800024,
47.78937,-1.08400002,13.00800024,
47.80989,-1.082999973,12.99599968,
47.83425,-1.082999973,12.99599968,
47.85484,-1.080999999,12.97199999,
47.8757,-1.080999999,12.97199999,
47.89577,-1.080999999,12.97199999,
47.9163,-1.082999973,12.99599968,
47.93662,-1.08400002,13.00800024,
47.95713,-1.084999948,13.01999937,
47.97775,-1.08400002,13.00800024,
47.99819,-1.084999948,13.01999937,
48.02256,-1.08400002,13.00800024,
48.04327,-1.085999994,13.03199993,
48.06372,-1.089999943,13.07999931,
48.0842,-1.092000036,13.10400043,
48.10474,-1.095999985,13.15199982,
48.12513,-1.095999985,13.15199982,
48.14609,-1.095999985,13.15199982,
48.16613,-1.095999985,13.15199982,
48.18662,-1.095999985,13.15199982,
48.21123,-1.095000057,13.14000069,
48.23159,-1.095999985,13.15199982,
48.25208,-1.095000057,13.14000069,
48.27251,-1.09400001,13.12800013,
48.29302,-1.09400001,13.12800013,
48.31361,-1.09400001,13.12800013,
48.33456,-1.095000057,13.14000069,
48.35464,-1.09400001,13.12800013,
48.37895,-1.092999964,13.11599957,
48.3995,-1.092999964,13.11599957,
48.42023,-1.092999964,13.11599957,
48.44094,-1.092999964,13.11599957,
48.46104,-1.092000036,13.10400043,
48.48158,-1.092000036,13.10400043,
48.50192,-1.092000036,13.10400043,
48.52264,-1.092999964,13.11599957,
48.54297,-1.092000036,13.10400043,
48.56747,-1.089999943,13.07999931,
48.59121,-1.087999969,13.05599962,
48.61147,-1.087000041,13.04400049,
48.64051,-1.085999994,13.03199993,
48.64956,-1.085999994,13.03199993,
48.67029,-1.084999948,13.01999937,
48.69027,-1.082999973,12.99599968,
48.71078,-1.080999999,12.97199999,
48.73147,-1.079999952,12.95999943,
48.75589,-1.079000025,12.9480003,
48.77631,-1.079000025,12.9480003,
48.79674,-1.079000025,12.9480003,
48.81736,-1.079000025,12.9480003,
48.83784,-1.080999999,12.97199999,
48.85893,-1.082000046,12.98400055,
48.88,-1.082999973,12.99599968,
48.8994,-1.080999999,12.97199999,
48.92377,-1.080999999,12.97199999,
48.94501,-0.974000006,11.68800007,
48.96607,-0.875000029,10.50000034,
48.98551,-0.783000021,9.396000252,
49.00578,-0.701999991,8.423999891,
49.02617,-0.631000011,7.572000132,
49.04678,-0.568999975,6.827999697,
49.06718,-0.511000006,6.132000074,
49.08771,-0.460000007,5.520000086,
49.11221,-0.412999986,4.955999837,
49.13272,-0.370000004,4.440000043,
49.15341,-0.330999999,3.971999989,
49.17358,-0.29699999,3.563999877,
49.19416,-0.266000001,3.192000017,
49.21464,-0.240999995,2.891999946,
49.23511,-0.216000004,2.592000053,
49.2557,-0.194000005,2.328000054,
49.27605,-0.175999998,2.111999974,
49.30058,-0.156000002,1.872000024,
49.32121,-0.142000003,1.704000041,
49.34173,-0.128999999,1.547999994,
49.36223,-0.116999997,1.40399997,
49.38254,-0.107,1.283999995,
49.40305,-0.096,1.151999996,
49.42364,-0.089999999,1.079999984,
49.44395,-0.080999999,0.971999989,
49.46864,-0.071999999,0.863999993,
49.48918,-0.065,0.780000002,
49.50961,-0.058000001,0.69600001,
49.53059,-0.052,0.623999999,
49.55048,-0.046000001,0,
49.57107,-0.042,0,
49.59144,-0.038,0,
49.61196,-0.034,0,
49.63239,-0.031,0,
49.65714,-0.027,0,
49.67758,-0.023,0,
49.69796,-0.02,0,
49.71844,-0.018,0,
49.73885,-0.018,0,
49.75955,-0.016,0,
49.77996,-0.015,0,
49.80027,-0.013999999,0,
49.82086,-0.013999999,0,
49.84536,-0.012000001,0,
49.86581,-0.01,0,
49.88644,-0.009,0,
49.90677,-0.007,0,
49.92721,-0.005,0,
49.94775,-0.006,0,
49.96822,-0.007,0,
49.98887,-0.006,0,
50.00925,-0.005,0,
50.0298,-0.005,0,
50.05425,-0.003999999,0,
50.07493,-0.002999999,0,
50.09533,-0.002999999,0,
50.11572,-0.003999999,0,
50.13663,-0.005,0,
50.15671,-0.005,0,
50.17714,-0.001999999,0,
50.19813,-0.001999999,0,
50.21809,-0.001000001,0,
50.24268,-0.001999999,0,
50.26314,-0.003999999,0,
50.2836,-0.002999999,0,
50.30435,-0.003999999,0,
50.32522,-0.003999999,0,
50.34545,-0.003999999,0,
50.36555,-0.002999999,0,
50.38624,-0.001999999,0,
50.40665,-0.001000001,0,
50.43106,-6.71E-10,0,
50.45161,0.000999999,0,
50.47199,0.000999999,0,
50.49248,-6.71E-10,0,
50.51311,0.000999999,0,
50.53349,0.000999999,0,
50.55391,-0.001999999,0,
50.57454,-0.001000001,0,
50.59494,-0.001000001,0,
50.61978,0.000999999,0,
50.6401,0.003,0,
50.66068,0.003,0,
50.68108,0.004000002,0,
50.70146,0.003,0,
50.72208,0.003,0,
50.74242,0.004000002,0,
50.76292,0.004000002,0,
50.78333,0.004000002,0,
50.8079,0.004000002,0,
50.8292,0.004000002,0,
50.84904,0.004000002,0,
50.86942,0.004000002,0,
50.88991,0.003,0,
50.91022,0.004000002,0,
50.93117,0.004000002,0,
50.95133,0.004000002,0,
50.97179,0.002000002,0,
50.99641,0.003,0,
51.01685,0.003,0,
51.03738,0.003,0,
51.05773,0.002000002,0,
51.07828,0.003,0,
51.09876,-6.71E-10,0,
51.11922,0.000999999,0,
51.13988,0.002000002,0,
51.16029,0.003,0,
51.18529,-0.019,0,
51.20611,-0.063,0.755999998,
51.22576,-0.126000001,1.51200001,
51.24632,-0.180999993,2.171999917,
51.2672,-0.224999993,2.699999914,
51.28867,-0.261999993,3.14399992,
51.30762,-0.291999995,3.503999934,
51.32825,-0.317,3.804000006,
51.34872,-0.335999994,4.031999931,
51.3732,-0.35100001,4.212000117,
51.39364,-0.367000012,4.404000149,
51.4142,-0.377000003,4.524000034,
51.4346,-0.391000001,4.692000017,
51.45515,-0.412999986,4.955999837,
51.47552,-0.435999988,5.23199986,
51.49605,-0.446000009,5.352000103,
51.51654,-0.444000005,5.328000054,
51.53699,-0.45899999,5.507999883,
51.56163,-0.481999992,5.783999906,
51.58206,-0.493999987,5.92799984,
51.60248,-0.492000012,5.904000149,
51.62314,-0.495000004,5.940000043,
51.64346,-0.51300001,6.156000123,
51.66422,-0.534999995,6.419999943,
51.68491,-0.545999973,6.551999674,
51.70533,-0.554999976,6.659999714,
51.73016,-0.559999971,6.719999657,
51.74994,-0.572999983,6.875999794,
51.77068,-0.575000017,6.9000002,
51.79089,-0.566000013,6.79200016,
51.81139,-0.551000028,6.612000332,
51.83197,-0.537000029,6.444000349,
51.85233,-0.523000001,6.276000009,
51.87286,-0.511000006,6.132000074,
51.89348,-0.497999995,5.975999937,
51.91793,-0.486,5.832000003,
51.93846,-0.474999993,5.699999914,
51.95897,-0.467000006,5.604000077,
51.97946,-0.460000007,5.520000086,
51.99989,-0.453000008,5.436000094,
52.02036,-0.449,5.387999997,
52.04075,-0.444000005,5.328000054,
52.06123,-0.437999992,5.255999908,
52.082,-0.435999988,5.23199986,
52.10629,-0.434000014,5.208000169,
52.12681,-0.430999993,5.171999917,
52.14733,-0.43200001,5.18400012,
52.16801,-0.430000006,5.160000072,
52.18834,-0.427000015,5.124000177,
52.20876,-0.423000007,5.07600008,
52.22948,-0.423000007,5.07600008,
52.24972,-0.423000007,5.07600008,
52.2704,-0.419999986,5.039999828,
52.29482,-0.416000007,4.992000089,
52.31522,-0.416000007,4.992000089,
52.33579,-0.414000003,4.96800004,
52.35613,-0.412999986,4.955999837,
52.37672,-0.411000012,4.932000146,
52.3973,-0.409000008,4.908000097,
52.41766,-0.405999987,4.871999846,
52.4381,-0.405,4.86,
52.46263,-0.402999996,4.835999951,
52.48316,-0.400000005,4.800000057,
52.50389,-0.400999992,4.811999903,
52.52412,-0.398999988,4.787999854,
52.54464,-0.398000001,4.776000009,
52.56516,-0.398000001,4.776000009,
52.58568,-0.397000014,4.764000163,
52.60605,-0.397000014,4.764000163,
52.62653,-0.395999997,4.75199996,
52.65105,-0.39500001,4.740000114,
52.67162,-0.395999997,4.75199996,
52.69209,-0.39500001,4.740000114,
52.71261,-0.39500001,4.740000114,
52.73296,-0.39500001,4.740000114,
52.75352,-0.393999993,4.727999911,
52.77421,-0.393999993,4.727999911,
52.79438,-0.391999989,4.703999863,
52.81525,-0.393999993,4.727999911,
52.83955,-0.39500001,4.740000114,
52.86008,-0.393999993,4.727999911,
52.88051,-0.39500001,4.740000114,
52.90138,-0.39500001,4.740000114,
52.92167,-0.393999993,4.727999911,
52.94193,-0.39500001,4.740000114,
52.9623,-0.393999993,4.727999911,
52.98283,-0.393000005,4.716000066,
53.00356,-0.393999993,4.727999911,
53.02805,-0.393000005,4.716000066,
53.04839,-0.391000001,4.692000017,
53.06947,-0.390000014,4.680000172,
53.08933,-0.390000014,4.680000172,
53.10991,-0.388999997,4.667999969,
53.13088,-0.388999997,4.667999969,
53.15115,-0.38800001,4.656000123,
53.17139,-0.391999989,4.703999863,
53.19169,-0.391000001,4.692000017,
53.21648,-0.391000001,4.692000017,
53.23687,-0.391000001,4.692000017,
53.25792,-0.391000001,4.692000017,
53.27832,-0.391999989,4.703999863,
53.29819,-0.393000005,4.716000066,
53.31885,-0.391999989,4.703999863,
53.33942,-0.393000005,4.716000066,
53.35966,-0.393000005,4.716000066,
53.38426,-0.391999989,4.703999863,
53.40497,-0.391000001,4.692000017,
53.42536,-0.388999997,4.667999969,
53.44577,-0.388999997,4.667999969,
53.4662,-0.390000014,4.680000172,
53.48656,-0.391000001,4.692000017,
53.50728,-0.390000014,4.680000172,
53.52782,-0.390000014,4.680000172,
53.54823,-0.390000014,4.680000172,
53.57263,-0.388999997,4.667999969,
53.59323,-0.388999997,4.667999969,
53.61369,-0.38800001,4.656000123,
53.63408,-0.388999997,4.667999969,
53.65472,-0.388999997,4.667999969,
53.67513,-0.388999997,4.667999969,
53.6955,-0.390000014,4.680000172,
53.71606,-0.38800001,4.656000123,
53.7365,-0.386999993,4.64399992,
53.76115,-0.38800001,4.656000123,
53.78161,-0.386999993,4.64399992,
53.80202,-0.386999993,4.64399992,
53.82258,-0.386000006,4.632000074,
53.84308,-0.386999993,4.64399992,
53.86356,-0.38800001,4.656000123,
53.8839,-0.38800001,4.656000123,
53.90436,-0.386000006,4.632000074,
53.92899,-0.384000002,4.608000026,
53.94947,-0.384999989,4.619999871,
53.97006,-0.384999989,4.619999871,
53.99049,-0.386999993,4.64399992,
54.01095,-0.386999993,4.64399992,
54.03136,-0.386999993,4.64399992,
54.05182,-0.386999993,4.64399992,
54.07247,-0.386000006,4.632000074,
54.09311,-0.386000006,4.632000074,
54.11754,-0.384999989,4.619999871,
54.13797,-0.386999993,4.64399992,
54.1587,-0.386999993,4.64399992,
54.17912,-0.386999993,4.64399992,
54.19958,-0.386000006,4.632000074,
54.22002,-0.386000006,4.632000074,
54.24033,-0.384999989,4.619999871,
54.26083,-0.384000002,4.608000026,
54.28165,-0.384000002,4.608000026,
54.30582,-0.382999985,4.595999823,
54.32629,-0.381000011,4.572000132,
54.34689,-0.381000011,4.572000132,
54.36725,-0.381999998,4.583999977,
54.38808,-0.382999985,4.595999823,
54.40844,-0.381000011,4.572000132,
54.42875,-0.381999998,4.583999977,
54.44923,-0.381999998,4.583999977,
54.4697,-0.381999998,4.583999977,
54.49433,-0.379000007,4.548000083,
54.51479,-0.377000003,4.524000034,
54.53521,-0.374999999,4.499999986,
54.55568,-0.374999999,4.499999986,
54.57628,-0.374999999,4.499999986,
54.59679,-0.374999999,4.499999986,
54.6171,-0.374999999,4.499999986,
54.63759,-0.377000003,4.524000034,
54.66213,-0.377000003,4.524000034,
54.68272,-0.377000003,4.524000034,
54.7034,-0.379999994,4.559999928,
54.72371,-0.381999998,4.583999977,
54.74414,-0.386999993,4.64399992,
54.76455,-0.393999993,4.727999911,
54.78532,-0.400999992,4.811999903,
54.80567,-0.409999995,4.919999943,
54.82598,-0.423000007,5.07600008,
54.85064,-0.439000009,5.268000112,
54.87105,-0.460999994,5.531999931,
54.89147,-0.472999989,5.675999866,
54.91232,-0.478000014,5.736000166,
54.9326,-0.478000014,5.736000166,
54.95309,-0.479999988,5.759999857,
54.97367,-0.483999996,5.807999954,
54.99393,-0.486,5.832000003,
55.01461,-0.490000008,5.8800001,
55.03914,-0.493999987,5.92799984,
55.05954,-0.495000004,5.940000043,
55.07997,-0.499999999,5.999999986,
55.10052,-0.504000007,6.048000083,
55.12095,-0.509000002,6.108000026,
55.14155,-0.51300001,6.156000123,
55.16194,-0.513999997,6.167999969,
55.18248,-0.51300001,6.156000123,
55.20293,-0.509000002,6.108000026,
55.22802,-0.50299999,6.03599988,
55.24796,-0.499999999,5.999999986,
55.26842,-0.497999995,5.975999937,
55.28894,-0.497999995,5.975999937,
55.30937,-0.502000003,6.024000034,
55.32993,-0.50299999,6.03599988,
55.35045,-0.506000011,6.072000132,
55.37139,-0.511999993,6.14399992,
55.39118,-0.523000001,6.276000009,
55.41595,-0.535999982,6.431999788,
55.4364,-0.543000011,6.516000137,
55.45673,-0.539000003,6.46800004,
55.47788,-0.533000021,6.396000252,
55.49772,-0.527000009,6.324000106,
55.51825,-0.516000001,6.192000017,
55.53886,-0.506999998,6.083999977,
55.55915,-0.497000008,5.964000092,
55.58376,-0.490000008,5.8800001,
55.60421,-0.483000009,5.796000109,
55.62473,-0.476999997,5.723999963,
55.6454,-0.469999998,5.639999971,
55.66566,-0.463999985,5.567999825,
55.68622,-0.45899999,5.507999883,
55.70661,-0.453000008,5.436000094,
55.72709,-0.448000013,5.376000152,
55.74767,-0.444000005,5.328000054,
55.77218,-0.437999992,5.255999908,
55.79272,-0.434000014,5.208000169,
55.81395,-0.430000006,5.160000072,
55.8337,-0.427000015,5.124000177,
55.85432,-0.423999994,5.087999926,
55.8746,-0.421000003,5.052000031,
55.89505,-0.418999999,5.027999983,
55.9155,-0.416000007,4.992000089,
55.93598,-0.416000007,4.992000089,
55.96076,-0.414000003,4.96800004,
55.98106,-0.411999999,4.943999991,
56.00157,-0.407999991,4.895999894,
56.02213,-0.407000004,4.884000049,
56.04247,-0.405999987,4.871999846,
56.06303,-0.404000013,4.848000154,
56.08347,-0.402999996,4.835999951,
56.10394,-0.402000009,4.824000106,
56.12438,-0.402999996,4.835999951,
56.14973,-0.400999992,4.811999903,
56.16975,-0.400000005,4.800000057,
56.19016,-0.398999988,4.787999854,
56.21048,-0.398000001,4.776000009,
56.23096,-0.397000014,4.764000163,
56.2515,-0.397000014,4.764000163,
56.27207,-0.398000001,4.776000009,
56.29239,-0.398000001,4.776000009,
56.31689,-0.395999997,4.75199996,
56.33739,-0.395999997,4.75199996,
56.35799,-0.393999993,4.727999911,
56.37852,-0.393000005,4.716000066,
56.39886,-0.393000005,4.716000066,
56.41998,-0.393999993,4.727999911,
56.4399,-0.391999989,4.703999863,
56.46026,-0.393000005,4.716000066,
56.4809,-0.391999989,4.703999863,
56.50527,-0.391999989,4.703999863,
56.52593,-0.388999997,4.667999969,
56.54635,-0.390000014,4.680000172,
56.56768,-0.388999997,4.667999969,
56.58741,-0.38800001,4.656000123,
56.6078,-0.388999997,4.667999969,
56.62831,-0.390000014,4.680000172,
56.6487,-0.391000001,4.692000017,
56.66912,-0.393000005,4.716000066,
56.69402,-0.393000005,4.716000066,
56.71424,-0.391999989,4.703999863,
56.73505,-0.391000001,4.692000017,
56.75523,-0.391999989,4.703999863,
56.77571,-0.391999989,4.703999863,
56.79632,-0.393000005,4.716000066,
56.8166,-0.393999993,4.727999911,
56.83707,-0.39500001,4.740000114,
56.85781,-0.395999997,4.75199996,
56.88214,-0.393999993,4.727999911,
56.90277,-0.391999989,4.703999863,
56.92323,-0.391000001,4.692000017,
56.94357,-0.391000001,4.692000017,
56.9641,-0.390000014,4.680000172,
56.98454,-0.391000001,4.692000017,
57.00517,-0.393000005,4.716000066,
57.02565,-0.393000005,4.716000066,
57.05014,-0.391999989,4.703999863,
57.07061,-0.391999989,4.703999863,
57.091,-0.393000005,4.716000066,
57.1117,-0.393999993,4.727999911,
57.13207,-0.393000005,4.716000066,
57.15256,-0.393999993,4.727999911,
57.17306,-0.393999993,4.727999911,
57.1936,-0.39500001,4.740000114,
57.21397,-0.393000005,4.716000066,
57.23857,-0.393000005,4.716000066,
57.25912,-0.391999989,4.703999863,
57.27976,-0.391999989,4.703999863,
57.30005,-0.390000014,4.680000172,
57.32053,-0.390000014,4.680000172,
57.34158,-0.393000005,4.716000066,
57.36161,-0.395999997,4.75199996,
57.38191,-0.39500001,4.740000114,
57.40231,-0.39500001,4.740000114,
57.42724,-0.395999997,4.75199996,
57.44751,-0.39500001,4.740000114,
57.46848,-0.393999993,4.727999911,
57.48839,-0.39500001,4.740000114,
57.50883,-0.39500001,4.740000114,
57.52954,-0.393999993,4.727999911,
57.55004,-0.39500001,4.740000114,
57.57047,-0.39500001,4.740000114,
57.59485,-0.393000005,4.716000066,
57.61549,-0.393999993,4.727999911,
57.63601,-0.393999993,4.727999911,
57.65677,-0.39500001,4.740000114,
57.67672,-0.393999993,4.727999911,
57.69733,-0.393999993,4.727999911,
57.71776,-0.393000005,4.716000066,
57.7385,-0.391999989,4.703999863,
57.75871,-0.391999989,4.703999863,
57.78331,-0.391000001,4.692000017,
57.80383,-0.391000001,4.692000017,
57.82422,-0.390000014,4.680000172,
57.84482,-0.388999997,4.667999969,
57.8653,-0.388999997,4.667999969,
57.88573,-0.390000014,4.680000172,
57.9062,-0.388999997,4.667999969,
57.92664,-0.386999993,4.64399992,
57.94712,-0.386999993,4.64399992,
57.97176,-0.384999989,4.619999871,
57.99227,-0.384999989,4.619999871,
58.01266,-0.381999998,4.583999977,
58.0332,-0.381000011,4.572000132,
58.05369,-0.384000002,4.608000026,
58.0743,-0.384999989,4.619999871,
58.09517,-0.384999989,4.619999871,
58.1151,-0.384999989,4.619999871,
58.13596,-0.386999993,4.64399992,
58.16029,-0.386999993,4.64399992,
58.18069,-0.386999993,4.64399992,
58.2012,-0.386999993,4.64399992,
58.22153,-0.388999997,4.667999969,
58.242,-0.388999997,4.667999969,
58.26266,-0.388999997,4.667999969,
58.28307,-0.388999997,4.667999969,
58.3036,-0.386999993,4.64399992,
58.32415,-0.38800001,4.656000123,
58.34877,-0.38800001,4.656000123,
58.36943,-0.386999993,4.64399992,
58.38959,-0.386999993,4.64399992,
58.4101,-0.38800001,4.656000123,
58.43074,-0.386999993,4.64399992,
58.45106,-0.38800001,4.656000123,
58.47155,-0.388999997,4.667999969,
58.49191,-0.390000014,4.680000172,
58.5164,-0.390000014,4.680000172,
58.53711,-0.388999997,4.667999969,
58.56056,-0.388999997,4.667999969,
58.58112,-0.388999997,4.667999969,
58.61006,-0.388999997,4.667999969,
58.61918,-0.390000014,4.680000172,
58.63947,-0.391999989,4.703999863,
58.65983,-0.393000005,4.716000066,
58.68048,-0.391000001,4.692000017,
58.70493,-0.390000014,4.680000172,
58.72533,-0.391000001,4.692000017,
58.74587,-0.391000001,4.692000017,
58.76633,-0.391999989,4.703999863,
58.78691,-0.391999989,4.703999863,
58.80736,-0.391999989,4.703999863,
58.82793,-0.391999989,4.703999863,
58.84826,-0.393000005,4.716000066,
58.86884,-0.393000005,4.716000066,
58.8933,-0.390000014,4.680000172,
58.91384,-0.391000001,4.692000017,
58.93432,-0.390000014,4.680000172,
58.9547,-0.391999989,4.703999863,
58.97525,-0.390000014,4.680000172,
58.99577,-0.388999997,4.667999969,
59.01617,-0.38800001,4.656000123,
59.03685,-0.386999993,4.64399992,
59.05706,-0.386999993,4.64399992,
59.08164,-0.384999989,4.619999871,
59.10252,-0.384999989,4.619999871,
59.12289,-0.386000006,4.632000074,
59.14313,-0.382999985,4.595999823,
59.16365,-0.381000011,4.572000132,
59.18421,-0.382999985,4.595999823,
59.20544,-0.384999989,4.619999871,
59.22507,-0.384999989,4.619999871,
59.24954,-0.384000002,4.608000026,
59.27003,-0.384000002,4.608000026,
59.2907,-0.384000002,4.608000026,
59.31113,-0.381999998,4.583999977,
59.33179,-0.381999998,4.583999977,
59.3521,-0.381999998,4.583999977,
59.37273,-0.382999985,4.595999823,
59.39297,-0.384000002,4.608000026,
59.41426,-0.368,4.415999994,
59.43875,-0.386000006,4.632000074,
59.45876,-0.425999998,5.111999974,
59.47915,-0.45899999,5.507999883,
59.49966,-0.476999997,5.723999963,
59.52099,-0.495000004,5.940000043,
59.54139,-0.504000007,6.048000083,
59.56099,-0.515000014,6.180000172,
59.5815,-0.539000003,6.46800004,
59.60183,-0.55700001,6.68400012,
59.62653,-0.565000026,6.780000315,
59.64699,-0.570000021,6.840000257,
59.66744,-0.576000004,6.912000046,
59.68792,-0.581999986,6.983999834,
59.70844,-0.59099999,7.091999874,
59.72891,-0.602000027,7.22400032,
59.74934,-0.602000027,7.22400032,
59.76981,-0.596999972,7.163999662,
59.79024,-0.585999994,7.031999931,
59.81499,-0.571999996,6.863999949,
59.83549,-0.559999971,6.719999657,
59.85587,-0.543999999,6.527999983,
59.87634,-0.533000021,6.396000252,
59.89755,-0.522000014,6.264000163,
59.91718,-0.511999993,6.14399992,
59.93787,-0.504000007,6.048000083,
59.95829,-0.497000008,5.964000092,
59.98277,-0.490000008,5.8800001,
