1.709311,0.029,0,9.46800004
1.730043,-0.041,0.491999999,1.005591383
1.750769,-0.120000004,1.440000043,
1.770929,-0.186000003,2.232000039,
1.795279,-0.246999993,2.963999913,
1.815819,-0.29699999,3.563999877,
1.83647,-0.347999989,4.175999866,
1.856676,-0.418999999,5.027999983,
1.877228,-0.495999991,5.951999888,
1.897753,-0.566000013,6.79200016,
1.91814,-0.622999995,7.475999937,
1.938765,-0.676000028,8.112000332,
1.960226,-0.622000008,7.464000092,
1.983824,-0.571999996,6.863999949,
2.00423,-0.525000005,6.300000057,
2.024786,-0.483000009,5.796000109,
2.045259,-0.444999992,5.3399999,
2.065672,-0.411999999,4.943999991,
2.086262,-0.381000011,4.572000132,
2.106543,-0.338999985,4.067999825,
2.127014,-0.302000015,3.624000177,
2.151695,-0.268000005,3.216000066,
2.172113,-0.237000002,2.844000027,
2.192528,-0.208000003,2.496000037,
2.21298,-0.183999999,2.20799999,
2.233498,-0.160999997,1.931999967,
2.254616,-0.141000001,1.692000017,
2.274601,-0.123999997,1.487999961,
2.295097,-0.109999998,1.319999979,
2.31555,-0.096,1.151999996,
2.340014,-0.082999999,0.995999992,
2.360571,-0.069999999,0.839999989,
2.380939,-0.058999999,0.70799999,
2.401424,-0.048999999,0.587999993,
2.421947,-0.041,0.491999999,
2.442488,-0.033,0.396,
2.463055,-0.029,0.347999999,
2.483664,-0.023,0.275999997,
2.503874,-0.018,0.215999999,
2.528437,-0.012000001,0.144000009,
2.548943,-0.008,0.096000001,
2.5697,-0.005,0.059999996,
2.589895,-0.003999999,0.047999994,
2.610271,-0.001999999,0.02399999,
2.630898,0.000999999,0,
2.65135,0.005,0,
2.671888,0.009000001,0,
2.692266,0.011000001,0,
2.717367,0.014,0,
2.738087,0.016,0,
2.757942,0.016999998,0,
2.778395,0.020000001,0,
2.79879,0.022000001,0,
2.819254,0.022000001,0,
2.840422,0.020999999,0,
2.860968,0.018999999,0,
2.880928,0.018,0,
2.905684,0.016999998,0,
2.92577,0.016999998,0,
2.946199,0.018999999,0,
2.966728,0.018,0,
2.987307,0.016,0,
3.007914,0.018999999,0,
3.028202,0.018,0,
3.048676,0.016999998,0,
3.06933,0.016999998,0,
3.093803,0.018,0,
3.114157,0.018999999,0,
3.134626,0.018999999,0,
3.155106,0.018999999,0,
3.175545,-0.037,0.444000003,
3.196215,-0.085,1.019999996,
3.216869,-0.139999999,1.679999993,
3.237005,-0.216000004,2.592000053,
3.257704,-0.302000015,3.624000177,
3.278076,-0.388999997,4.667999969,
3.302641,-0.460999994,5.531999931,
3.323149,-0.53,6.36,
3.34342,-0.59099999,7.091999874,
3.363934,-0.644000022,7.728000269,
3.38446,-0.692999988,8.315999851,
3.405298,-0.640000014,7.680000172,
3.425465,-0.589000015,7.068000183,
3.446058,-0.540999978,6.491999731,
3.470861,-0.497000008,5.964000092,
3.491137,-0.45899999,5.507999883,
3.511652,-0.425000011,5.100000129,
3.531965,-0.39500001,4.740000114,
3.552525,-0.354000001,4.248000011,
3.57303,-0.317,3.804000006,
3.593426,-0.284000008,3.408000097,
3.614048,-0.253000005,3.036000059,
3.634785,-0.225999995,2.711999938,
3.658993,-0.201000004,2.412000046,
3.679768,-0.178000002,2.136000023,
3.699837,-0.158999993,1.907999918,
3.720392,-0.142999998,1.715999976,
3.741024,-0.127000003,1.524000034,
3.761395,-0.111,1.332000003,
3.7819,-0.098000004,1.176000044,
3.802349,-0.087,1.044,
3.823059,-0.078,0.936000005,
3.847555,-0.067999999,0.815999985,
3.86771,-0.060999999,0.731999994,
3.888279,-0.055,0.660000004,
3.908796,-0.047999999,0.575999991,
3.929384,-0.042,0.504000001,
3.949835,-0.036,0.432000001,
3.970226,-0.029,0.347999999,
3.990885,-0.024,0.287999999,
4.011261,-0.019,0.228000001,
4.036345,-0.012000001,0.144000009,
4.056238,-0.008,0.096000001,
4.076637,-0.006,0.071999997,
4.097511,-0.001999999,0.02399999,
4.117933,0.002000002,0,
4.138329,0.004000002,0,
4.158688,0.005,0,
4.17918,0.007,0,
4.199766,0.007999999,0,
4.224062,0.009000001,0,
4.244625,0.011000001,0,
4.265162,0.011999999,0,
4.285769,0.014,0,
4.306179,0.016,0,
4.326725,0.018,0,
4.347912,0.018,0,
4.374458,0.018,0,
4.3922,0.018,0,
4.421682,0.020999999,0,
4.433687,0.022000001,0,
4.454601,0.022000001,0,
4.474148,0.022000001,0,
4.494562,0.024000001,0,
4.515491,0.025,0,
4.5355,0.022999999,0,
4.556084,0.022999999,0,
4.576529,0.022999999,0,
4.601013,0.024000001,0,
4.621523,0.026000002,0,
4.641981,0.027999998,0,
4.66258,0.027999998,0,
4.683334,0.029,0,
4.7034,0.027999998,0,
4.723942,0.027999998,0,
4.74437,0.027,0,
4.765091,0.026000002,0,
4.789345,0.027999998,0,
4.810284,0.026000002,0,
4.83045,0.027,0,
4.850859,0.027,0,
4.871422,0.026000002,0,
4.891855,0.025,0,
4.912376,0.024000001,0,
4.932755,-0.001000001,0.01200001,
4.953234,-0.036,0.432000001,
4.97781,-0.065999998,0.791999981,
4.998528,-0.1,1.200000004,
5.019077,-0.149999997,1.799999968,
5.039305,-0.196999996,2.363999949,
5.059784,-0.234999998,2.819999979,
5.080433,-0.260000004,3.12000005,
5.100836,-0.326000004,3.912000046,
5.121706,-0.360000013,4.320000157,
5.141836,-0.368999987,4.42799984,
5.166645,-0.33399999,4.007999883,
5.186829,-0.303000002,3.636000023,
5.207163,-0.273000001,3.276000009,
5.227779,-0.246999993,2.963999913,
5.248257,-0.222000002,2.66400002,
5.268702,-0.202000006,2.42400007,
5.289242,-0.185000001,2.220000014,
5.30962,-0.168999999,2.027999983,
5.330202,-0.157000004,1.884000049,
5.354937,-0.146999999,1.763999984,
5.375208,-0.138000003,1.656000034,
5.396053,-0.131000004,1.572000042,
5.416086,-0.123999997,1.487999961,
5.436701,-0.118,1.415999994,
5.45713,-0.112999997,1.355999962,
5.478012,-0.111,1.332000003,
5.498627,-0.109999998,1.319999979,
5.518591,-0.107,1.283999995,
5.543081,-0.098999998,1.187999979,
5.563955,-0.087,1.044,
5.584118,-0.076,0.912000001,
5.604599,-0.065999998,0.791999981,
5.625015,-0.057000001,0.684000008,
5.645454,-0.05,0.599999995,
5.665993,-0.044,0.528000005,
5.686386,-0.036,0.432000001,
5.711025,-0.032,0.384000001,
5.731367,-0.028,0.335999999,
5.75201,-0.023,0.275999997,
5.772501,-0.018,0.215999999,
5.79285,-0.016,0.191999995,
5.813478,-0.013999999,0.167999991,
5.834059,-0.011000001,0.132000007,
5.854425,-0.008,0.096000001,
5.874842,-0.003999999,0.047999994,
5.89529,-0.001999999,0.02399999,
5.919998,0.000999999,0,
5.940773,0.004000002,0,
5.96117,0.005,0,
5.981255,0.005,0,
6.00197,0.005999998,0,
6.022551,0.005999998,0,
6.042774,0.005999998,0,
6.063929,0.005,0,
6.084808,0.005999998,0,
6.108269,0.007,0,
6.128809,0.009999999,0,
6.149231,0.013000001,0,
6.170309,0.013000001,0,
6.190845,0.014,0,
6.210768,0.016999998,0,
6.231281,0.016999998,0,
6.251656,0.016,0,
6.272251,0.014,0,
6.29665,0.015000002,0,
6.317116,0.016999998,0,
6.337883,0.018999999,0,
6.358065,0.018,0,
6.378601,0.018999999,0,
6.399237,0.018999999,0,
6.419552,0.018,0,
6.440161,0.018999999,0,
6.460657,0.020000001,0,
6.485062,0.020000001,0,
6.505737,0.020999999,0,
6.526472,0.022000001,0,
6.546616,0.022000001,0,
6.567085,0.020999999,0,
6.587559,0.020000001,0,
6.608038,0.020000001,0,
6.628559,0.020000001,0,
6.649124,0.020999999,0,
6.673498,-0.002999999,0.035999992,
6.693991,-0.031,0.372000001,
6.714384,-0.047999999,0.575999991,
6.734964,-0.074,0.887999997,
6.755632,-0.096,1.151999996,
6.776464,-0.112000002,1.344000027,
6.796354,-0.131999998,1.583999977,
6.817007,-0.138000003,1.656000034,
6.837589,-0.150999999,1.811999992,
6.862141,-0.166999995,2.003999934,
6.882332,-0.174999996,2.09999995,
6.903284,-0.163000001,1.956000016,
6.923412,-0.150999999,1.811999992,
6.943806,-0.141000001,1.692000017,
6.964418,-0.130000001,1.560000018,
6.984869,-0.122,1.464000002,
7.005589,-0.115000001,1.380000011,
7.025896,-0.109000004,1.308000044,
7.050941,-0.102999999,1.235999987,
7.07095,-0.098999998,1.187999979,
7.091236,-0.094999998,1.139999971,
7.111725,-0.091999999,1.103999988,
7.132217,-0.091000001,1.092000008,
7.152775,-0.082000001,0.984000013,
7.173336,-0.071999999,0.863999993,
7.193775,-0.065,0.780000002,
7.218256,-0.056000001,0.672000006,
7.238684,-0.047999999,0.575999991,
7.25918,-0.04,0.479999997,
7.279955,-0.034,0.408000002,
7.300394,-0.029,0.347999999,
7.32091,-0.026,0.311999998,
7.341316,-0.022,0.263999995,
7.361799,-0.017,0.203999997,
7.382244,-0.015,0.180000004,
7.402651,-0.012999999,0.155999989,
7.427666,-0.01,0.120000005,
7.447609,-0.008,0.096000001,
7.468025,-0.003999999,0.047999994,
7.488724,-0.001000001,0.01200001,
7.509132,0.000999999,0,
7.529646,0.003,0,
7.550158,0.004000002,0,
7.570499,0.005,0,
7.591112,0.005999998,0,
7.61607,0.007,0,
7.636087,0.009999999,0,
7.656591,0.011000001,0,
7.677151,0.009999999,0,
7.698174,0.011000001,0,
7.718742,0.009999999,0,
7.738462,0.011000001,0,
7.759201,0.011999999,0,
7.779985,0.013000001,0,
7.805058,0.015000002,0,
7.824493,0.015000002,0,
7.845161,0.016999998,0,
7.865517,0.015000002,0,
7.885939,0.016,0,
7.906523,0.016999998,0,
7.927034,0.018,0,
7.947392,0.018999999,0,
7.96866,0.018999999,0,
7.992331,0.020000001,0,
8.012966,0.022000001,0,
8.033588,0.024000001,0,
8.053989,0.025,0,
8.07439,0.025,0,
8.094934,0.025,0,
8.115355,0.026000002,0,
8.135826,0.027,0,
8.156425,0.027,0,
8.180862,0.027999998,0,
8.20145,0.027999998,0,
8.221899,0.027,0,
8.242283,0.026000002,0,
8.262779,0.025,0,
8.283266,-0.003999999,0.047999994,
8.303757,-0.04,0.479999997,
8.324345,-0.108000002,1.296000019,
8.344879,-0.172000005,2.064000056,
8.369226,-0.215000002,2.580000029,
8.390148,-0.243,2.915999994,
8.410114,-0.261999993,3.14399992,
8.430967,-0.277999996,3.335999951,
8.451157,-0.293000011,3.516000137,
8.471777,-0.305000006,3.660000072,
8.492065,-0.317,3.804000006,
8.51313,-0.287999986,3.455999837,
8.533266,-0.261999993,3.14399992,
8.557734,-0.241999997,2.90399997,
8.578159,-0.221,2.651999996,
8.598555,-0.201000004,2.412000046,
8.619184,-0.183999999,2.20799999,
8.639677,-0.168999999,2.027999983,
8.660532,-0.158000006,1.896000073,
8.680817,-0.148000001,1.776000009,
8.701031,-0.139999999,1.679999993,
8.72147,-0.131999998,1.583999977,
8.746222,-0.124999999,1.499999986,
8.766466,-0.116000003,1.392000035,
8.786963,-0.101999997,1.223999963,
8.807535,-0.089999999,1.079999984,
8.828005,-0.078,0.936000005,
8.84866,-0.067999999,0.815999985,
8.869066,-0.058999999,0.70799999,
8.88946,-0.052,0.623999999,
8.914003,-0.043,0.516000003,
8.934397,-0.036,0.432000001,
8.954964,-0.03,0.36,
8.975437,-0.023,0.275999997,
8.995836,-0.018,0.215999999,
9.016544,-0.013999999,0.167999991,
9.036968,-0.009,0.108000003,
9.057539,-0.005,0.059999996,
9.077841,-0.001000001,0.01200001,
9.098267,0.003,0,
9.123329,0.004000002,0,
9.143301,0.007,0,
9.164005,0.009999999,0,
9.184347,0.009999999,0,
9.204794,0.011000001,0,
9.225428,0.014,0,
9.246363,0.015000002,0,
9.267033,0.013000001,0,
9.287157,0.015000002,0,
9.311186,0.016999998,0,
9.331787,0.016999998,0,
9.352312,0.016999998,0,
9.37352,0.016999998,0,
9.393923,0.018,0,
9.41398,0.018999999,0,
9.434151,0.018999999,0,
9.454687,0.020999999,0,
9.475266,0.024000001,0,
9.500172,0.025,0,
9.520229,0.026000002,0,
9.540728,0.026000002,0,
9.561201,0.026000002,0,
9.581791,0.026000002,0,
9.602261,0.027999998,0,
9.622627,0.027,0,
9.643057,0.027,0,
9.663527,0.027,0,
9.688148,0.027,0,
9.708578,-0.042,0.504000001,
9.729193,-0.112999997,1.355999962,
9.749544,-0.178000002,2.136000023,
9.770153,-0.255999996,3.071999953,
9.790651,-0.337999998,4.05599998,
9.811069,-0.419999986,5.039999828,
9.831499,-0.490000008,5.8800001,
9.852131,-0.552000015,6.624000177,
9.876448,-0.61099997,7.331999645,
9.897135,-0.663000016,7.956000195,
9.917542,-0.710000007,8.520000086,
9.938332,-0.654000013,7.848000154,
9.958941,-0.599999993,7.199999914,
9.979113,-0.551000028,6.612000332,
9.999517,-0.506000011,6.072000132,
10.02003,-0.467999994,5.615999923,
10.04054,-0.434000014,5.208000169,
10.06491,-0.402000009,4.824000106,
10.08542,-0.360000013,4.320000157,
10.10616,-0.321999996,3.863999949,
10.12642,-0.286999999,3.443999991,
10.14692,-0.255999996,3.071999953,
10.16782,-0.230000003,2.760000036,
10.18786,-0.204999997,2.459999964,
10.20836,-0.182999997,2.195999966,
10.23286,-0.160999997,1.931999967,
10.25334,-0.142000003,1.704000041,
10.27379,-0.126000001,1.51200001,
10.29431,-0.112999997,1.355999962,
10.31499,-0.1,1.200000004,
10.33558,-0.089,1.068000004,
10.35583,-0.080000001,0.960000009,
10.37615,-0.069000001,0.82800001,
10.39748,-0.062000002,0.744000018,
10.42138,-0.052,0.623999999,
10.4417,-0.044,0.528000005,
10.46209,-0.036,0.432000001,
10.48272,-0.03,0.36,
10.50323,-0.024,0.287999999,
10.5239,-0.018,0.215999999,
10.54415,-0.012000001,0.144000009,
10.56472,-0.008,0.096000001,
10.58523,-0.003999999,0.047999994,
10.6105,-0.001000001,0.01200001,
10.63049,0.002000002,0,
10.65081,0.004000002,0,
10.67132,0.005999998,0,
10.69197,0.009000001,0,
10.71234,0.009999999,0,
10.73295,0.011999999,0,
10.7533,0.014,0,
10.77376,0.014,0,
10.79843,0.016,0,
10.81931,0.016,0,
10.83935,0.016999998,0,
10.85987,0.018,0,
10.88023,0.016999998,0,
10.90126,0.018,0,
10.92172,0.020999999,0,
10.94173,0.022999999,0,
10.96202,0.024000001,0,
10.98249,0.026000002,0,
11.00777,0.024000001,0,
11.02867,0.024000001,0,
11.0483,0.026000002,0,
11.06891,0.025,0,
11.08922,0.026000002,0,
11.10975,0.025,0,
11.13015,0.026000002,0,
11.1508,0.025,0,
11.17112,0.027,0,
11.19572,0.026000002,0,
11.21615,0.025,0,
11.23671,0.026000002,0,
11.25712,0.027,0,
11.2776,0.026000002,0,
11.2981,0.027,0,
11.31856,0.027,0,
11.33904,0.027,0,
11.35966,0.025,0,
11.38397,0.027999998,0,
11.4045,-0.052,0.623999999,
11.42504,-0.120999998,1.451999978,
11.44541,-0.194000005,2.328000054,
11.46596,-0.293000011,3.516000137,
11.48657,-0.360000013,4.320000157,
11.50699,-0.430999993,5.171999917,
11.5275,-0.504999994,6.059999928,
11.5482,-0.562999992,6.755999908,
11.57258,-0.614999979,7.379999743,
11.59308,-0.663000016,7.956000195,
11.61347,-0.719999998,8.639999971,
11.6344,-0.653000026,7.836000309,
11.65437,-0.591999977,7.10399972,
11.67495,-0.538000016,6.456000195,
11.69548,-0.492000012,5.904000149,
11.71587,-0.451000004,5.412000046,
11.74037,-0.409999995,4.919999943,
11.76085,-0.374000012,4.48800014,
11.78142,-0.342999994,4.115999923,
11.80191,-0.316000013,3.79200016,
11.82231,-0.286000012,3.432000146,
11.84288,-0.253000005,3.036000059,
11.86338,-0.224000006,2.688000069,
11.88383,-0.197999998,2.375999973,
11.90396,-0.173999994,2.087999926,
11.92857,-0.153000003,1.836000041,
11.94909,-0.133,1.596000001,
11.96962,-0.116999997,1.40399997,
11.99013,-0.102999999,1.235999987,
12.01067,-0.091000001,1.092000008,
12.03113,-0.076999998,0.923999981,
12.0515,-0.065999998,0.791999981,
12.07211,-0.057000001,0.684000008,
12.09253,-0.047000001,0.564000011,
12.11692,-0.039,0.467999995,
12.13737,-0.034,0.408000002,
12.15801,-0.028,0.335999999,
12.17848,-0.022,0.263999995,
12.19918,-0.017,0.203999997,
12.21953,-0.012999999,0.155999989,
12.23993,-0.008,0.096000001,
12.2612,-0.003999999,0.047999994,
12.28102,-0.001999999,0.02399999,
12.30548,0.002000002,0,
12.3258,0.005999998,0,
12.34629,0.007999999,0,
12.36691,0.009999999,0,
12.3873,0.011999999,0,
12.40791,0.013000001,0,
12.42892,0.015000002,0,
12.44955,0.016,0,
12.46945,0.016999998,0,
12.49373,0.016999998,0,
12.51436,0.016999998,0,
12.53508,0.016,0,
12.55574,0.016999998,0,
12.57657,0.020000001,0,
12.59651,0.022000001,0,
12.61691,0.020000001,0,
12.63719,0.020000001,0,
12.65777,0.018999999,0,
12.68218,0.018999999,0,
12.70301,0.018999999,0,
12.72345,0.018999999,0,
12.7438,0.018999999,0,
12.76416,0.018999999,0,
12.78467,0.018999999,0,
12.80522,0.018,0,
12.8257,0.018,0,
12.84617,0.016999998,0,
12.87068,0.018999999,0,
12.8911,0.018999999,0,
12.91166,0.018,0,
12.9323,0.018,0,
12.95265,-0.078999999,0.947999985,
12.97306,-0.167999997,2.015999959,
12.99356,-0.260000004,3.12000005,
13.01403,-0.356000005,4.27200006,
13.03462,-0.442999988,5.315999851,
13.059,-0.52000001,6.240000114,
13.07953,-0.586999981,7.043999777,
13.10009,-0.644000022,7.728000269,
13.12074,-0.700000017,8.4000002,
13.14106,-0.747999995,8.975999937,
13.16144,-0.789000003,9.46800004,
13.18241,-0.71599999,8.591999874,
13.20341,-0.650999992,7.811999903,
13.22284,-0.591999977,7.10399972,
13.24746,-0.53999999,6.479999886,
13.26787,-0.492000012,5.904000149,
13.2885,-0.446999996,5.363999949,
13.30915,-0.407999991,4.895999894,
13.32947,-0.377000003,4.524000034,
13.34993,-0.347000002,4.16400002,
13.37059,-0.317999988,3.815999851,
13.39091,-0.293000011,3.516000137,
13.41132,-0.269999995,3.239999936,
13.43593,-0.251000001,3.01200001,
13.45654,-0.232999994,2.79599993,
13.47689,-0.217000006,2.604000077,
13.49734,-0.202999993,2.435999916,
13.51789,-0.180000006,2.160000072,
13.53837,-0.159999995,1.919999943,
13.55884,-0.142000003,1.704000041,
13.57923,-0.126000001,1.51200001,
13.59984,-0.111,1.332000003,
13.62436,-0.098000004,1.176000044,
13.6447,-0.087,1.044,
13.6653,-0.075000002,0.900000021,
13.68583,-0.065999998,0.791999981,
13.70637,-0.059999999,0.719999992,
13.72686,-0.052,0.623999999,
13.74739,-0.047000001,0.564000011,
13.76792,-0.041,0.491999999,
13.79214,-0.036,0.432000001,
13.81274,-0.031,0.372000001,
13.8331,-0.027,0.324,
13.85364,-0.023,0.275999997,
13.87438,-0.02,0.240000003,
13.8946,-0.018,0.215999999,
13.91517,-0.013999999,0.167999991,
13.93563,-0.011000001,0.132000007,
13.956,-0.009,0.108000003,
13.97657,-0.008,0.096000001,
14.0012,-0.003999999,0.047999994,
14.02162,-0.001000001,0.01200001,
14.04221,-0.001000001,0.01200001,
14.06271,-6.71E-10,8.05E-09,
14.0835,0.000999999,0,
14.10361,0.003,0,
14.12399,0.005,0,
14.14439,0.005999998,0,
14.16495,0.007,0,
14.18953,0.005999998,0,
14.21004,0.007999999,0,
14.23049,0.009999999,0,
14.25097,0.009000001,0,
14.27156,0.009000001,0,
14.29275,0.009000001,0,
14.31327,0.009000001,0,
14.33291,0.007,0,
14.35334,0.007,0,
14.37794,0.007999999,0,
14.39886,0.007999999,0,
14.41987,0.007999999,0,
14.43959,0.011000001,0,
14.45998,0.011999999,0,
14.48054,0.013000001,0,
14.50097,0.013000001,0,
14.52128,0.013000001,0,
14.54198,0.014,0,
14.56642,0.016999998,0,
14.58679,0.018,0,
14.60797,0.018999999,0,
14.62788,0.020999999,0,
14.64826,0.022000001,0,
14.66875,0.020000001,0,
14.68931,0.020999999,0,
14.71072,0.022000001,0,
14.73029,0.022000001,0,
14.75478,-0.048999999,0.587999993,
14.77519,-0.109000004,1.308000044,
14.79891,-0.166999995,2.003999934,
14.81946,-0.219999998,2.639999971,
14.84022,-0.266000001,3.192000017,
14.8658,-0.310000001,3.720000014,
14.87797,-0.353000014,4.236000166,
14.89829,-0.402999996,4.835999951,
14.91873,-0.453000008,5.436000094,
14.94317,-0.506999998,6.083999977,
14.96365,-0.563999979,6.767999754,
14.98442,-0.523000001,6.276000009,
15.00461,-0.483000009,5.796000109,
15.02538,-0.446999996,5.363999949,
15.04572,-0.41499999,4.979999886,
15.0662,-0.38800001,4.656000123,
15.08662,-0.361999987,4.343999848,
15.10707,-0.337999998,4.05599998,
15.1317,-0.316000013,3.79200016,
15.15206,-0.294999986,3.539999828,
15.17253,-0.277999996,3.335999951,
15.19361,-0.247999995,2.975999937,
15.21354,-0.221,2.651999996,
15.23406,-0.197999998,2.375999973,
15.25459,-0.174999996,2.09999995,
15.27587,-0.155,1.86,
15.2995,-0.138999997,1.667999969,
15.32031,-0.122,1.464000002,
15.34062,-0.108000002,1.296000019,
15.36106,-0.094000003,1.128000036,
15.38168,-0.080999999,0.971999989,
15.40194,-0.071000001,0.852000014,
15.42241,-0.062000002,0.744000018,
15.44307,-0.052,0.623999999,
15.46352,-0.045,0.539999996,
15.48795,-0.036,0.432000001,
15.50844,-0.028,0.335999999,
15.52894,-0.02,0.240000003,
15.54959,-0.015,0.180000004,
15.57003,-0.011000001,0.132000007,
15.59041,-0.006,0.071999997,
15.61081,-0.001000001,0.01200001,
15.63142,0.003,0,
15.65185,0.005,0,
15.67622,0.007999999,0,
15.69675,0.011999999,0,
15.71801,0.014,0,
15.73853,0.015000002,0,
15.75856,0.016999998,0,
15.77875,0.016999998,0,
15.80019,0.018999999,0,
15.82063,0.018999999,0,
15.84026,0.020000001,0,
15.86111,0.018999999,0,
15.88526,0.020000001,0,
15.90586,0.020000001,0,
15.92624,0.022999999,0,
15.94684,0.022999999,0,
15.96749,0.022999999,0,
15.98772,0.022999999,0,
16.00813,0.022000001,0,
16.02877,0.020000001,0,
16.04926,0.022000001,0,
16.07378,0.022000001,0,
16.09421,0.022000001,0,
16.11477,0.020999999,0,
16.13519,0.022000001,0,
16.15561,-0.016,0.191999995,
16.17619,-0.023,0.275999997,
16.19663,-0.031,0.372000001,
16.21716,-0.041,0.491999999,
16.23812,-0.063,0.755999998,
16.26199,-0.098999998,1.187999979,
16.28269,-0.134999997,1.619999961,
16.30298,-0.161999999,1.943999991,
16.32358,-0.180000006,2.160000072,
16.34406,-0.202999993,2.435999916,
16.36449,-0.229000001,2.748000011,
16.38586,-0.217999994,2.615999923,
16.40541,-0.205999999,2.471999989,
16.42586,-0.197999998,2.375999973,
16.4504,-0.189999996,2.279999957,
16.47101,-0.181999995,2.183999941,
16.49167,-0.175999998,2.111999974,
16.51198,-0.168999999,2.027999983,
16.53244,-0.165000005,1.980000064,
16.55298,-0.160999997,1.931999967,
16.57342,-0.158999993,1.907999918,
16.594,-0.141000001,1.692000017,
16.61829,-0.124999999,1.499999986,
16.63902,-0.109999998,1.319999979,
16.65997,-0.094999998,1.139999971,
16.67988,-0.082000001,0.984000013,
16.70054,-0.071000001,0.852000014,
16.72092,-0.060999999,0.731999994,
16.74132,-0.053,0.636000001,
16.76178,-0.046000001,0.552000009,
16.7823,-0.039,0.467999995,
16.80684,-0.032,0.384000001,
16.82732,-0.025,0.300000001,
16.84777,-0.021,0.252000005,
16.8682,-0.018,0.215999999,
16.88906,-0.013999999,0.167999991,
16.9093,-0.011000001,0.132000007,
16.92972,-0.007,0.083999999,
16.95031,-0.002999999,0.035999992,
16.97063,-0.001000001,0.01200001,
16.9951,0.003,0,
17.01595,0.005,0,
17.03635,0.005,0,
17.05688,0.007999999,0,
17.07737,0.011000001,0,
17.09763,0.014,0,
17.11933,0.014,0,
17.13866,0.013000001,0,
17.15915,0.014,0,
17.17949,0.013000001,0,
17.20405,0.015000002,0,
17.22476,0.014,0,
17.24522,0.015000002,0,
17.2656,0.016,0,
17.28603,0.016999998,0,
17.30654,0.016,0,
17.32711,0.016,0,
17.34824,0.018,0,
17.3681,0.014,0,
17.39252,0.014,0,
17.41312,0.013000001,0,
17.43377,0.014,0,
17.45414,0.015000002,0,
17.47456,0.016,0,
17.49492,0.016999998,0,
17.5155,0.016999998,0,
17.5367,0.016999998,0,
17.55637,0.018,0,
17.58106,0.018999999,0,
17.60138,0.018,0,
17.622,0.018999999,0,
17.64255,0.018999999,0,
17.66295,0.018999999,0,
17.68341,0.020000001,0,
17.70458,0.018999999,0,
17.72438,0.018,0,
17.74509,0.016,0,
17.7693,0.016999998,0,
17.78988,0.016999998,0,
17.81102,0.018,0,
17.83153,0.016999998,0,
17.8515,0.018,0,
17.87234,0.018999999,0,
17.89411,0.016,0,
17.9154,0.016999998,0,
17.93325,0.016,0,
17.958,0.016999998,0,
17.98111,0.018,0,
18.00107,0.018,0,
18.01948,0.018999999,0,
18.03983,0.018,0,
18.06077,0.018,0,
18.08076,0.018999999,0,
18.10236,0.018,0,
18.12161,0.018999999,0,
18.14615,0.020000001,0,
18.16681,0.018,0,
18.18712,0.018,0,
18.2081,0.018,0,
18.22821,0.016999998,0,
18.24855,0.018,0,
18.26915,0.016999998,0,
18.28949,0.016999998,0,
18.31009,0.015000002,0,
18.3351,0.015000002,0,
18.35512,0.015000002,0,
18.37565,0.016,0,
18.39614,0.016,0,
18.41726,0.016,0,
18.43777,0.018,0,
18.45762,0.016999998,0,
18.47802,0.016999998,0,
18.49914,0.016999998,0,
18.52376,0.016999998,0,
18.54355,0.018,0,
18.56414,0.018,0,
18.58457,0.018999999,0,
18.60497,0.018,0,
18.62543,0.018999999,0,
18.64599,0.018999999,0,
18.66635,0.018,0,
18.68697,0.020000001,0,
18.70736,0.020999999,0,
18.73228,0.020999999,0,
18.75242,0.022000001,0,
18.7729,0.020999999,0,
18.79344,0.020999999,0,
18.81392,0.020999999,0,
18.83444,-0.052,0.623999999,
18.85473,-0.116999997,1.40399997,
18.87526,-0.187000005,2.244000063,
18.89589,-0.261000006,3.132000074,
18.9204,-0.35100001,4.212000117,
18.9408,-0.395999997,4.75199996,
18.96163,-0.471000015,5.652000175,
18.98182,-0.497000008,5.964000092,
19.00233,-0.553000002,6.636000023,
19.02278,-0.576000004,6.912000046,
19.04389,-0.618999987,7.42799984,
19.0642,-0.571999996,6.863999949,
19.08824,-0.529000013,6.348000154,
19.1088,-0.488999991,5.867999897,
19.12922,-0.451999991,5.423999891,
19.14984,-0.419999986,5.039999828,
19.17028,-0.390000014,4.680000172,
19.19072,-0.363999991,4.367999897,
19.21128,-0.326000004,3.912000046,
19.23169,-0.28999999,3.479999886,
19.25204,-0.256999998,3.083999977,
19.27677,-0.227999999,2.735999987,
19.29711,-0.202000006,2.42400007,
19.31779,-0.180000006,2.160000072,
19.33812,-0.159999995,1.919999943,
19.35867,-0.142000003,1.704000041,
19.3801,-0.126000001,1.51200001,
19.39973,-0.112000002,1.344000027,
19.42015,-0.1,1.200000004,
19.4405,-0.087,1.044,
19.46507,-0.076,0.912000001,
19.48549,-0.065999998,0.791999981,
19.50604,-0.056000001,0.672000006,
19.52665,-0.047999999,0.575999991,
19.54697,-0.039,0.467999995,
19.5675,-0.033,0.396,
19.58796,-0.028,0.335999999,
19.60842,-0.021,0.252000005,
19.62918,-0.015,0.180000004,
19.65358,-0.011000001,0.132000007,
19.67406,-0.008,0.096000001,
19.69448,-0.003999999,0.047999994,
19.71488,-0.001999999,0.02399999,
19.7356,-6.71E-10,8.05E-09,
19.75596,0.000999999,0,
19.77647,0.003,0,
19.79679,0.005999998,0,
19.8173,0.007999999,0,
19.8427,0.009999999,0,
19.86312,0.011999999,0,
19.88348,0.011999999,0,
19.90429,0.015000002,0,
19.92385,0.015000002,0,
19.94447,0.014,0,
19.96484,0.016,0,
19.98529,0.015000002,0,
20.00641,0.014,0,
20.0303,0.014,0,
20.05121,0.013000001,0,
20.07143,0.011999999,0,
20.09179,0.013000001,0,
20.11313,0.013000001,0,
20.133,0.014,0,
20.15349,0.014,0,
20.17387,0.014,0,
20.19426,0.014,0,
20.21884,-0.065999998,0.791999981,
20.23929,-0.123000002,1.476000026,
20.25984,-0.183999999,2.20799999,
20.28021,-0.262999995,3.155999944,
20.30066,-0.33399999,4.007999883,
20.32114,-0.412999986,4.955999837,
20.34163,-0.442,5.304000006,
20.36234,-0.511999993,6.14399992,
20.38282,-0.529000013,6.348000154,
20.40754,-0.58400002,7.00800024,
20.42788,-0.599999993,7.199999914,
20.44873,-0.554999976,6.659999714,
20.46896,-0.51300001,6.156000123,
20.48936,-0.474000006,5.688000069,
20.50974,-0.437999992,5.255999908,
20.53044,-0.407000004,4.884000049,
20.55068,-0.379000007,4.548000083,
20.57113,-0.354000001,4.248000011,
20.59563,-0.316000013,3.79200016,
20.61603,-0.282999991,3.395999894,
20.63655,-0.254000007,3.048000083,
20.65702,-0.227999999,2.735999987,
20.67776,-0.203999995,2.44799994,
20.6982,-0.181999995,2.183999941,
20.7184,-0.161999999,1.943999991,
20.73906,-0.145000002,1.740000025,
20.75936,-0.130000001,1.560000018,
20.78404,-0.115000001,1.380000011,
20.8045,-0.101000002,1.212000028,
20.82495,-0.089,1.068000004,
20.84543,-0.076999998,0.923999981,
20.86669,-0.067,0.804000006,
20.88649,-0.059999999,0.719999992,
20.90695,-0.052,0.623999999,
20.92789,-0.046000001,0.552000009,
20.95176,-0.039,0.467999995,
20.97248,-0.032,0.384000001,
20.99306,-0.026,0.311999998,
21.01344,-0.021,0.252000005,
21.03391,-0.018,0.215999999,
21.05427,-0.013999999,0.167999991,
21.07478,-0.011000001,0.132000007,
21.0962,-0.008,0.096000001,
21.11571,-0.007,0.083999999,
21.13615,-0.005,0.059999996,
21.16088,-0.001000001,0.01200001,
21.18127,0.000999999,0,
21.20198,0.003,0,
21.2223,0.005,0,
21.24283,0.005999998,0,
21.26324,0.005999998,0,
21.28364,0.005999998,0,
21.30422,0.005999998,0,
21.32459,0.007,0,
21.34928,0.009000001,0,
21.36975,0.011999999,0,
21.39028,0.011999999,0,
21.4108,0.011999999,0,
21.43112,0.013000001,0,
21.45164,0.011999999,0,
21.47202,0.011999999,0,
21.49254,0.009000001,0,
21.51327,0.009000001,0,
21.53753,0.011000001,0,
21.5581,0.011999999,0,
21.5786,0.011999999,0,
21.59948,0.009999999,0,
21.61974,0.009999999,0,
21.64018,0.009999999,0,
21.66051,0.009000001,0,
21.68111,0.007999999,0,
21.70143,0.007999999,0,
21.72614,0.007,0,
21.74672,0.007,0,
21.76703,0.007,0,
21.78744,0.005999998,0,
21.80874,0.007,0,
21.82928,0.007,0,
21.84926,0.007,0,
21.86946,0.007999999,0,
21.88983,0.007,0,
21.91458,0.007999999,0,
21.93505,0.007,0,
21.95537,0.005,0,
21.97595,0.005999998,0,
21.99725,0.005999998,0,
22.01697,0.005999998,0,
22.03768,0.005,0,
22.05778,0.005,0,
22.07838,0.003,0,
22.10291,0.004000002,0,
22.12329,0.005,0,
22.14386,0.004000002,0,
22.16458,0.004000002,0,
22.18479,0.004000002,0,
22.20534,0.005,0,
22.22578,0.005999998,0,
22.24645,0.005999998,0,
22.26709,0.005999998,0,
22.29121,0.007,0,
22.31172,0.007999999,0,
22.33217,0.007,0,
22.35302,0.007999999,0,
22.37333,0.007999999,0,
22.39366,0.007999999,0,
22.41433,0.009000001,0,
22.4346,0.009000001,0,
22.45524,0.007999999,0,
22.47972,0.007999999,0,
22.50022,0.007,0,
22.52073,0.007,0,
22.54107,0.005999998,0,
22.56163,0.005,0,
22.5829,0.005999998,0,
22.60259,0.007999999,0,
22.62296,0.007,0,
22.64343,0.007,0,
22.66819,0.007,0,
22.68865,0.007999999,0,
22.70915,0.007999999,0,
22.72957,0.009000001,0,
22.75008,0.009999999,0,
22.77138,0.007999999,0,
22.79098,0.007,0,
22.81144,0.005,0,
22.8319,0.005,0,
22.85648,0.007,0,
22.87718,0.009000001,0,
22.89747,0.009000001,0,
22.91884,0.009000001,0,
22.93846,0.011999999,0,
22.95891,0.013000001,0,
22.97943,0.013000001,0,
22.99986,0.011000001,0,
23.02054,0.011000001,0,
23.04092,0.011000001,0,
23.0654,0.011000001,0,
23.08612,0.011000001,0,
23.10645,0.009999999,0,
23.12695,0.011000001,0,
23.14728,0.009999999,0,
23.16796,0.009999999,0,
23.18844,0.009000001,0,
23.20873,0.009999999,0,
23.22922,0.009999999,0,
23.2539,0.009000001,0,
23.27434,0.011000001,0,
23.29482,0.011999999,0,
23.31532,0.011000001,0,
23.33633,0.011999999,0,
23.35626,0.011999999,0,
23.37683,0.009999999,0,
23.39722,0.011000001,0,
23.41767,0.009999999,0,
23.44226,0.011999999,0,
23.46285,0.013000001,0,
23.48321,0.011999999,0,
23.5037,0.011999999,0,
23.52417,0.004000002,0,
23.54601,-0.003999999,0,
23.56515,-0.013999999,0,
23.5856,-0.024,0,
23.60619,-0.031,0,
23.63057,-0.037,0,
23.65114,-0.044,0,
23.67164,-0.052,0,
23.69212,-0.058000001,0,
23.71268,-0.063,0,
23.73324,-0.056000001,0,
23.7536,-0.048999999,0,
23.77404,-0.041,0,
23.79447,-0.035,0,
23.8191,-0.029,0,
23.83957,-0.025,0,
23.85998,-0.021,0,
23.88044,-0.015,0,
23.90094,-0.012000001,0,
23.92165,-0.01,0,
23.94184,-0.006,0,
23.96239,-0.003999999,0,
23.98284,-0.001000001,0,
24.00741,0.000999999,0,
24.02812,0.002000002,0,
24.04848,0.003,0,
24.06889,0.002000002,0,
24.08948,0.004000002,0,
24.10987,0.003,0,
24.13036,0.003,0,
24.15082,0.003,0,
24.1713,0.004000002,0,
24.19651,0.005999998,0,
24.21741,0.007999999,0,
24.237,0.011000001,0,
24.25742,0.011999999,0,
24.27781,0.011999999,0,
24.29823,0.011999999,0,
24.31867,0.011000001,0,
24.33989,0.009999999,0,
24.36065,0.011000001,0,
24.38436,0.009999999,0,
24.40479,0.011999999,0,
24.42616,0.011999999,0,
24.44589,0.013000001,0,
24.46623,0.015000002,0,
24.48677,0.014,0,
24.50715,0.013000001,0,
24.52762,0.011000001,0,
24.54818,0.011000001,0,
24.57266,0.013000001,0,
24.59323,0.013000001,0,
24.61363,0.013000001,0,
24.63411,0.014,0,
24.65465,0.013000001,0,
24.67521,-0.055,0.660000004,
24.69576,-0.101999997,1.223999963,
24.71619,-0.142999998,1.715999976,
24.73662,-0.185000001,2.220000014,
24.76129,-0.232000007,2.784000084,
24.78163,-0.287999986,3.455999837,
24.80224,-0.344999998,4.139999971,
24.82256,-0.411999999,4.943999991,
24.84303,-0.478000014,5.736000166,
24.86362,-0.548000007,6.57600008,
24.88396,-0.605999975,7.271999702,
24.90535,-0.559999971,6.719999657,
24.92498,-0.518999993,6.227999911,
24.94951,-0.479999988,5.759999857,
24.9701,-0.444000005,5.328000054,
24.99059,-0.414000003,4.96800004,
25.01105,-0.386000006,4.632000074,
25.03143,-0.361,4.332000003,
25.05191,-0.337999998,4.05599998,
25.07318,-0.314999996,3.779999957,
25.09293,-0.296000003,3.552000031,
25.11345,-0.267000003,3.204000041,
25.13808,-0.239000006,2.868000076,
25.15837,-0.212999998,2.55599998,
25.17903,-0.188999994,2.267999933,
25.20014,-0.170000001,2.040000007,
25.21982,-0.152000001,1.824000016,
25.24663,-0.134000002,1.608000026,
25.26428,-0.120999998,1.451999978,
25.29002,-0.108000002,1.296000019,
25.30187,-0.096,1.151999996,
25.32641,-0.085,1.019999996,
25.34696,-0.074,0.887999997,
25.36734,-0.067,0.804000006,
25.38787,-0.058999999,0.70799999,
25.40846,-0.053,0.636000001,
25.4289,-0.046000001,0.552000009,
25.44922,-0.04,0.479999997,
25.46969,-0.035,0.419999999,
25.49454,-0.03,0.36,
25.51481,-0.027,0.324,
25.53519,-0.023,0.275999997,
25.55582,-0.02,0.240000003,
25.57624,-0.017,0.203999997,
25.59678,-0.015,0.180000004,
25.61717,-0.012999999,0.155999989,
25.63763,-0.011000001,0.132000007,
25.65811,-0.008,0.096000001,
25.67855,-0.003999999,0.047999994,
25.7032,0.000999999,0,
25.72387,0.004000002,0,
25.74431,0.007,0,
25.7647,0.009000001,0,
25.78537,0.009999999,0,
25.80638,0.009999999,0,
25.82612,0.009999999,0,
25.84762,0.009999999,0,
25.86778,0.009999999,0,
25.89158,0.011000001,0,
25.9131,0.009999999,0,
25.9325,0.011000001,0,
25.95347,0.011000001,0,
25.97448,0.009999999,0,
25.99402,0.009999999,0,
26.0147,0.011999999,0,
26.03509,0.011999999,0,
26.05549,0.013000001,0,
26.08064,0.014,0,
26.1009,0.015000002,0,
26.12115,0.016999998,0,
26.14142,0.018,0,
26.1619,0.018,0,
26.18238,0.020999999,0,
26.20281,0.020000001,0,
26.22349,0.020000001,0,
26.24439,0.018,0,
26.2684,0.018,0,
26.28891,0.016999998,0,
26.3094,-0.023,0,
26.33007,-0.02,0,
26.35035,-0.022,0,
26.37079,-0.04,0,
26.39128,-0.044,0,
26.4118,-0.044,0,
26.43242,-0.041,0,
26.45688,-0.035,0,
26.47737,-0.037,0,
26.49782,-0.036,0,
26.51836,-0.04,0,
26.53932,-0.034,0,
26.55926,-0.031,0,
26.57985,-0.028,0,
26.60016,-0.026,0,
26.62066,-0.025,0,
26.6453,-0.02,0,
26.66647,-0.02,0,
26.68623,-0.019,0,
26.70666,-0.019,0,
26.72722,-0.018,0,
26.74787,-0.016,0,
26.76823,-0.016,0,
26.78853,-0.018,0,
26.80908,-0.019,0,
26.82958,-0.02,0,
26.85422,-0.02,0,
26.87465,-0.024,0,
26.89505,-0.028,0,
26.91594,-0.031,0,
26.9362,-0.036,0,
26.9565,-0.041,0,
26.97693,-0.044,0,
26.99744,-0.047999999,0,
27.01795,-0.05,0,
27.04261,-0.051,0,
27.06385,-0.051,0,
27.08352,-0.054,0,
27.10405,-0.053,0,
27.12445,-0.047000001,0,
27.14535,-0.04,0,
27.16539,-0.034,0,
27.18587,-0.027,0,
27.21045,-0.023,0,
27.23102,-0.018,0,
27.25146,-0.012999999,0,
27.27194,-0.011000001,0,
27.29268,-0.008,0,
27.31338,-0.002999999,0,
27.33379,-0.001999999,0,
27.35385,0.002000002,0,
27.37459,0.003,0,
27.39472,0.004000002,0,
27.41945,0.005,0,
27.44031,0.005999998,0,
27.46105,0.005999998,0,
27.48091,0.009000001,0,
27.50128,0.009000001,0,
27.52175,0.009000001,0,
27.54231,0.009999999,0,
27.56327,0.011000001,0,
27.58377,0.013000001,0,
27.60771,0.015000002,0,
27.62893,0.016,0,
27.64878,0.014,0,
27.66918,0.016,0,
27.69033,0.016,0,
27.71073,0.016,0,
27.73135,0.016,0,
27.75125,0.015000002,0,
27.77154,0.016,0,
27.79685,0.015000002,0,
27.81765,0.016,0,
27.83729,0.016,0,
27.85763,0.015000002,0,
27.87824,0.015000002,0,
27.89876,0.015000002,0,
27.91913,0.015000002,0,
27.93949,0.016,0,
27.96025,0.015000002,0,
27.98474,0.016,0,
28.00521,0.016,0,
28.02571,0.018,0,
28.04607,0.020000001,0,
28.06709,0.018,0,
28.08721,0.018999999,0,
28.10754,0.018,0,
28.12792,0.018999999,0,
28.14841,-0.021,0,
28.17302,-0.029,0.347999999,
28.19353,-0.043,0.516000003,
28.2143,-0.058000001,0.69600001,
28.23468,-0.091000001,1.092000008,
28.2555,-0.116999997,1.40399997,
28.27538,-0.157000004,1.884000049,
28.29587,-0.183999999,2.20799999,
28.31646,-0.202999993,2.435999916,
28.33684,-0.229000001,2.748000011,
28.36139,-0.239000006,2.868000076,
28.38227,-0.227999999,2.735999987,
28.40237,-0.217000006,2.604000077,
28.42299,-0.208000003,2.496000037,
28.44338,-0.200000002,2.400000021,
28.46404,-0.192,2.304000006,
28.48486,-0.183999999,2.20799999,
28.50493,-0.178000002,2.136000023,
28.52534,-0.172000005,2.064000056,
28.54993,-0.167999997,2.015999959,
28.57031,-0.163000001,1.956000016,
28.59083,-0.145000002,1.740000025,
28.61138,-0.128999999,1.547999994,
28.63182,-0.113999999,1.367999986,
28.65222,-0.101999997,1.223999963,
28.67269,-0.089999999,1.079999984,
28.6931,-0.078,0.936000005,
28.71353,-0.069000001,0.82800001,
28.73867,-0.058999999,0.70799999,
28.75953,-0.053,0.636000001,
28.7792,-0.046000001,0.552000009,
28.79979,-0.041,0.491999999,
28.82026,-0.035,0.419999999,
28.84074,-0.029,0.347999999,
28.86124,-0.026,0.311999998,
28.88175,-0.024,0.287999999,
28.902,-0.023,0.275999997,
28.9268,-0.017,0.203999997,
28.94725,-0.013999999,0.167999991,
28.96757,-0.011000001,0.132000007,
28.98807,-0.008,0.096000001,
29.00867,-0.005,0.059999996,
29.02907,-0.003999999,0.047999994,
29.04964,-0.002999999,0.035999992,
29.06999,-0.001000001,0.01200001,
29.09054,-0.001000001,0.01200001,
29.11516,0.003,0,
29.13569,0.005,0,
29.15624,0.005999998,0,
29.17658,0.007,0,
29.19692,0.007,0,
29.21739,0.009000001,0,
29.23802,0.009999999,0,
29.25865,0.007999999,0,
29.27884,0.009999999,0,
29.3034,0.011000001,0,
29.32461,0.011000001,0,
29.34445,0.011999999,0,
29.36505,0.011999999,0,
29.38538,0.011999999,0,
29.40597,0.014,0,
29.42694,0.015000002,0,
29.44761,0.015000002,0,
29.4675,0.014,0,
29.49199,0.016,0,
29.51243,0.016,0,
29.53288,0.015000002,0,
29.5538,0.016,0,
29.57472,0.016,0,
29.59456,0.018,0,
29.61486,0.016,0,
29.63519,0.018999999,0,
29.65579,0.022000001,0,
29.6804,0.022999999,0,
29.70088,0.022000001,0,
29.72124,0.022999999,0,
29.74176,0.024000001,0,
29.76244,0.022999999,0,
29.78281,0.022999999,0,
29.80315,0.024000001,0,
29.82374,0.025,0,
29.84413,0.025,0,
29.86947,0.026000002,0,
29.88947,0.027,0,
29.90969,-0.025,0.300000001,
29.93027,-0.028,0.335999999,
29.95057,-0.04,0.479999997,
29.97103,-0.076999998,0.923999981,
29.99173,-0.097000002,1.16400002,
30.01212,-0.134999997,1.619999961,
30.03254,-0.152000001,1.824000016,
30.05713,-0.174999996,2.09999995,
30.07766,-0.194000005,2.328000054,
30.09821,-0.219999998,2.639999971,
30.11918,-0.246000006,2.952000067,
30.13945,-0.234999998,2.819999979,
30.15949,-0.224000006,2.688000069,
30.18028,-0.215000002,2.580000029,
30.20079,-0.204999997,2.459999964,
30.22115,-0.196999996,2.363999949,
30.24625,-0.188000007,2.256000087,
30.26611,-0.180999993,2.171999917,
30.28653,-0.174999996,2.09999995,
30.30744,-0.170000001,2.040000007,
30.32738,-0.165000005,1.980000064,
30.34796,-0.148000001,1.776000009,
30.36853,-0.131999998,1.583999977,
30.38893,-0.118,1.415999994,
30.40961,-0.104000001,1.248000011,
30.43412,-0.091000001,1.092000008,
30.45464,-0.078,0.936000005,
30.47492,-0.067999999,0.815999985,
30.49559,-0.058999999,0.70799999,
30.51618,-0.054,0.648000003,
30.53657,-0.046000001,0.552000009,
30.55688,-0.04,0.479999997,
30.57725,-0.034,0.408000002,
30.59786,-0.028,0.335999999,
30.62327,-0.022,0.263999995,
30.64299,-0.018,0.215999999,
30.66324,-0.013999999,0.167999991,
30.68372,-0.012000001,0.144000009,
30.70429,-0.008,0.096000001,
30.72485,-0.005,0.059999996,
30.74513,-0.001000001,0.01200001,
30.76594,0.000999999,0,
30.7863,0.002000002,0,
30.81074,0.005,0,
30.83144,0.007,0,
30.85176,0.009999999,0,
30.87225,0.011000001,0,
30.89293,0.013000001,0,
30.9133,0.013000001,0,
30.93376,0.014,0,
30.95411,0.015000002,0,
30.97453,0.015000002,0,
30.99919,0.016,0,
31.01977,0.014,0,
31.04032,0.015000002,0,
31.06058,0.014,0,
31.08119,0.014,0,
31.10157,0.015000002,0,
31.122,0.015000002,0,
31.14266,0.018,0,
31.16311,0.018999999,0,
31.18762,0.022000001,0,
31.20811,0.022999999,0,
31.22859,0.022000001,0,
31.24939,0.024000001,0,
31.27007,0.024000001,0,
31.28995,0.020999999,0,
31.31058,0.018,0,
31.33089,0.016999998,0,
31.35148,0.016999998,0,
31.37596,0.018,0,
31.39709,0.020000001,0,
31.41701,0.018999999,0,
31.43767,0.020000001,0,
31.45825,0.020000001,0,
31.47851,0.020000001,0,
31.49891,0.020000001,0,
31.5193,0.020000001,0,
31.53982,0.020000001,0,
31.56045,0.020999999,0,
31.58479,0.020999999,0,
31.60539,0.020999999,0,
31.62589,0.018999999,0,
31.6463,0.018,0,
31.66691,0.018,0,
31.68719,0.018,0,
31.70768,0.016,0,
31.72837,0.016999998,0,
31.74875,0.016999998,0,
31.77365,0.018,0,
31.79384,0.018999999,0,
31.81422,0.020000001,0,
31.83467,0.020000001,0,
31.85631,0.018999999,0,
31.87662,0.018999999,0,
31.89629,0.020000001,0,
31.91668,0.020999999,0,
31.93728,0.020000001,0,
31.96187,0.024000001,0,
31.98231,0.022999999,0,
32.00335,0.022000001,0,
32.02443,0.022000001,0,
32.04369,0.022999999,0,
32.06432,0.022000001,0,
32.08489,0.022000001,0,
32.10517,0.022999999,0,
32.12602,0.022000001,0,
32.15018,0.020999999,0,
32.17113,0.022999999,0,
32.19118,0.022999999,0,
32.21165,0.022999999,0,
32.23203,0.022999999,0,
32.25262,0.022999999,0,
32.27318,0.022000001,0,
32.29403,0.022000001,0,
32.31402,0.022000001,0,
32.33851,0.022000001,0,
32.35905,0.022000001,0,
32.37954,0.020000001,0,
32.40022,0.018,0,
32.42052,0.016,0,
32.44131,0.016,0,
32.46162,0.015000002,0,
32.48214,0.015000002,0,
32.50256,0.015000002,0,
32.52699,0.015000002,0,
32.54744,0.015000002,0,
32.56813,0.015000002,0,
32.58849,0.014,0,
32.60894,0.013000001,0,
32.62933,0.013000001,0,
32.64984,0.011000001,0,
32.67039,0.009999999,0,
32.69077,0.009000001,0,
32.71548,0.009000001,0,
32.73613,0.005999998,0,
32.75633,0.002000002,0,
32.77696,-0.001000001,0,
32.79728,-0.006,0,
32.81829,-0.011000001,0,
32.83825,-0.017,0,
32.85922,-0.023,0,
32.87923,-0.03,0,
32.90382,-0.035,0,
32.92432,-0.039,0,
32.94485,-0.044,0,
32.96523,-0.047999999,0,
32.98569,-0.053,0,
33.00674,-0.047000001,0,
33.02672,-0.043,0,
33.04719,-0.038,0,
33.06779,-0.034,0,
33.09215,-0.029,0,
33.11288,-0.025,0,
33.13321,-0.021,0,
33.15363,-0.017,0,
33.174,-0.015,0,
33.19466,-0.013999999,0,
33.21502,-0.012999999,0,
33.23563,-0.011000001,0,
33.25617,-0.009,0,
33.28135,-0.006,0,
33.30112,-0.002999999,0,
33.32146,-0.001000001,0,
33.34207,-6.71E-10,0,
33.36253,0.000999999,0,
33.38362,0.002000002,0,
33.40424,0.004000002,0,
33.42411,0.004000002,0,
33.44467,0.003,0,
33.46497,0.005,0,
33.49017,0.007,0,
33.51081,0.007999999,0,
33.53051,0.007999999,0,
33.55105,0.007999999,0,
33.57143,0.009000001,0,
33.59184,0.009000001,0,
33.6125,0.009000001,0,
33.63305,0.009999999,0,
33.6536,0.009999999,0,
33.67787,0.011999999,0,
33.69847,0.011000001,0,
33.71884,0.011999999,0,
33.73962,0.013000001,0,
33.76001,0.016,0,
33.78064,0.016999998,0,
33.80097,0.016999998,0,
33.82127,0.016,0,
33.8418,0.016999998,0,
33.86645,0.016999998,0,
33.88682,0.018,0,
33.90735,0.018,0,
33.92778,0.016999998,0,
33.94831,0.016,0,
33.96886,0.015000002,0,
33.98929,0.013000001,0,
34.00976,0.013000001,0,
34.03039,0.013000001,0,
34.05474,0.014,0,
34.07526,0.014,0,
34.09574,0.016,0,
34.1162,0.015000002,0,
34.13679,0.016,0,
34.15719,0.015000002,0,
34.17773,0.015000002,0,
34.19811,0.014,0,
34.21892,0.009999999,0,
34.24306,0.007999999,0,
34.264,0.002000002,0,
34.28435,-0.005,0,
34.30463,-0.009,0,
34.32502,-0.012000001,0,
34.34547,-0.013999999,0,
34.36596,-0.016,0,
34.38665,-0.017,0,
34.40706,-0.019,0,
34.4316,-0.022,0,
34.4521,-0.025,0,
34.47314,-0.028,0,
34.49319,-0.03,0,
34.51348,-0.034,0,
34.53399,-0.036,0,
34.5544,-0.039,0,
34.57493,-0.043,0,
34.59562,-0.047999999,0,
34.62006,-0.046000001,0,
34.64042,-0.039,0,
34.66119,-0.035,0,
34.68137,-0.032,0,
34.70186,-0.026,0,
34.72234,-0.023,0,
34.74291,-0.019,0,
34.76345,-0.016,0,
34.78391,-0.012000001,0,
34.80862,-0.008,0,
34.82877,-0.005,0,
34.84931,-0.002999999,0,
34.86983,-0.001000001,0,
34.89024,0.000999999,0,
34.91089,0.002000002,0,
34.93122,0.003,0,
34.95177,0.005999998,0,
34.97232,0.007,0,
34.99277,0.009000001,0,
35.01742,0.011000001,0,
35.03782,0.011999999,0,
35.05825,0.013000001,0,
35.0788,0.014,0,
35.09924,0.015000002,0,
35.12004,0.016999998,0,
35.14033,0.020000001,0,
35.16086,0.020999999,0,
35.1812,0.022999999,0,
35.20562,0.024000001,0,
35.22637,0.024000001,0,
35.2467,0.026000002,0,
35.26714,0.027,0,
35.28786,0.027999998,0,
35.30812,0.029,0,
35.32865,0.029,0,
35.34911,0.027999998,0,
35.36951,0.027,0,
35.39476,0.026000002,0,
35.41579,0.026000002,0,
35.43521,0.027,0,
35.45627,0.026000002,0,
35.47705,0.026000002,0,
35.4966,0.027,0,
35.51707,0.025,0,
35.53766,0.024000001,0,
35.55801,0.020999999,0,
35.58249,0.020999999,0,
35.60297,0.020999999,0,
35.62347,0.022000001,0,
35.64405,0.022000001,0,
35.66447,0.022000001,0,
35.68494,0.022000001,0,
35.70548,0.022000001,0,
35.72903,0.022000001,0,
35.74963,0.022999999,0,
35.7825,0.020000001,0,
35.79162,-0.059999999,0.719999992,
35.812,-0.138999997,1.667999969,
35.83237,-0.231000005,2.77200006,
35.853,-0.310000001,3.720000014,
35.87335,-0.377000003,4.524000034,
35.89386,-0.430999993,5.171999917,
35.91456,-0.47600001,5.712000117,
35.9349,-0.53,6.36,
35.95948,-0.554999976,6.659999714,
35.9799,-0.605999975,7.271999702,
36.00032,-0.617000012,7.404000149,
36.02117,-0.568999975,6.827999697,
36.04137,-0.523999988,6.287999854,
36.06181,-0.481999992,5.783999906,
36.08228,-0.444999992,5.3399999,
36.10283,-0.411000012,4.932000146,
36.12332,-0.381999998,4.583999977,
36.14773,-0.354999988,4.259999857,
36.16838,-0.317,3.804000006,
36.1887,-0.282999991,3.395999894,
36.20924,-0.253000005,3.036000059,
36.22969,-0.224999993,2.699999914,
36.25044,-0.201000004,2.412000046,
36.27073,-0.178000002,2.136000023,
36.29127,-0.158000006,1.896000073,
36.31165,-0.139999999,1.679999993,
36.33621,-0.122,1.464000002,
36.35672,-0.108000002,1.296000019,
36.3772,-0.094999998,1.139999971,
36.39764,-0.082999999,0.995999992,
36.41805,-0.071000001,0.852000014,
36.43861,-0.062000002,0.744000018,
36.45924,-0.054,0.648000003,
36.47974,-0.047000001,0.564000011,
36.50408,-0.039,0.467999995,
36.5247,-0.034,0.408000002,
36.54573,-0.027,0.324,
36.56629,-0.023,0.275999997,
36.58634,-0.017,0.203999997,
36.60658,-0.012000001,0.144000009,
36.62701,-0.007,0.083999999,
36.64753,-0.002999999,0.035999992,
36.66845,-0.001000001,0.01200001,
36.69331,0.003,0,
36.71297,0.007,0,
36.73339,0.009999999,0,
36.75385,0.011000001,0,
36.77456,0.011000001,0,
36.79516,0.014,0,
36.81554,0.016,0,
36.83593,0.018,0,
36.8565,0.018,0,
36.8773,0.016999998,0,
36.9015,0.018,0,
36.92188,0.018999999,0,
36.94235,0.020999999,0,
36.96301,0.020000001,0,
36.98344,0.018999999,0,
37.00443,0.018999999,0,
37.02494,0.020000001,0,
37.04498,0.020000001,0,
37.06569,-0.065,0.780000002,
37.08988,-0.163000001,1.956000016,
37.11042,-0.245000004,2.940000043,
37.13097,-0.323000013,3.876000152,
37.15124,-0.386000006,4.632000074,
37.17184,-0.455999999,5.471999989,
37.19231,-0.506000011,6.072000132,
37.21289,-0.562000005,6.744000063,
37.23323,-0.604000001,7.248000011,
37.25775,-0.645999997,7.75199996,
37.27825,-0.679999976,8.159999714,
37.29942,-0.618999987,7.42799984,
37.31927,-0.563999979,6.767999754,
37.33979,-0.515000014,6.180000172,
37.36021,-0.472000002,5.66400002,
37.38074,-0.43200001,5.18400012,
37.40116,-0.397000014,4.764000163,
37.42178,-0.365999995,4.391999946,
37.44625,-0.335000007,4.020000086,
37.46687,-0.307999997,3.695999966,
37.48732,-0.28,3.36,
37.50767,-0.249999999,2.999999986,
37.52834,-0.224000006,2.688000069,
37.54872,-0.200000002,2.400000021,
37.56916,-0.178000002,2.136000023,
37.59003,-0.159999995,1.919999943,
37.61005,-0.142000003,1.704000041,
37.63461,-0.123999997,1.487999961,
37.65504,-0.109999998,1.319999979,
37.67548,-0.098000004,1.176000044,
37.69599,-0.086000002,1.032000021,
37.71659,-0.075000002,0.900000021,
37.73715,-0.065999998,0.791999981,
37.75743,-0.058000001,0.69600001,
37.77793,-0.053,0.636000001,
37.79855,-0.047999999,0.575999991,
37.82304,-0.04,0.479999997,
37.84364,-0.033,0.396,
37.86401,-0.027,0.324,
37.88441,-0.022,0.263999995,
37.90509,-0.02,0.240000003,
37.92553,-0.016,0.191999995,
37.946,-0.012999999,0.155999989,
37.96645,-0.011000001,0.132000007,
37.98747,-0.011000001,0.132000007,
38.01198,-0.009,0.108000003,
38.03204,-0.005,0.059999996,
38.05253,-0.002999999,0.035999992,
38.07283,-0.001000001,0.01200001,
38.09338,0.000999999,0,
38.11462,0.003,0,
38.13525,0.004000002,0,
38.15506,0.005,0,
38.17529,0.005999998,0,
38.19981,0.007,0,
38.22028,0.007999999,0,
38.24078,0.009000001,0,
38.26128,0.011000001,0,
38.28185,0.011000001,0,
38.30231,0.011999999,0,
38.32286,0.011000001,0,
38.34333,0.011000001,0,
38.36375,0.011000001,0,
38.38828,0.013000001,0,
38.40884,0.014,0,
38.42924,0.011999999,0,
38.44971,0.011999999,0,
38.47044,-0.038,0.456000005,
38.49081,-0.04,0.479999997,
38.51125,-0.052,0.623999999,
38.53173,-0.064000002,0.768000022,
38.55218,-0.098999998,1.187999979,
38.57677,-0.120000004,1.440000043,
38.59715,-0.149000003,1.788000033,
38.61758,-0.165000005,1.980000064,
38.63809,-0.183999999,2.20799999,
38.65862,-0.208000003,2.496000037,
38.67915,-0.230000003,2.760000036,
38.70006,-0.222000002,2.66400002,
38.72005,-0.211999996,2.543999956,
38.74064,-0.202999993,2.435999916,
38.76505,-0.195999994,2.351999924,
38.78558,-0.189999996,2.279999957,
38.80608,-0.185000001,2.220000014,
38.82664,-0.179000004,2.148000047,
38.84709,-0.175999998,2.111999974,
38.86755,-0.168999999,2.027999983,
38.88808,-0.160999997,1.931999967,
38.90841,-0.141000001,1.692000017,
38.92896,-0.127000003,1.524000034,
38.95351,-0.112999997,1.355999962,
38.974,-0.101999997,1.223999963,
38.99446,-0.091000001,1.092000008,
39.015,-0.080999999,0.971999989,
39.03542,-0.071000001,0.852000014,
39.05605,-0.064000002,0.768000022,
39.07645,-0.056000001,0.672000006,
39.09691,-0.047999999,0.575999991,
39.12133,-0.041,0.491999999,
39.14201,-0.034,0.408000002,
39.16236,-0.028,0.335999999,
39.1828,-0.023,0.275999997,
39.20346,-0.02,0.240000003,
39.22487,-0.013999999,0.167999991,
39.24519,-0.012000001,0.144000009,
39.26484,-0.008,0.096000001,
39.28522,-0.003999999,0.047999994,
39.30608,-6.71E-10,8.05E-09,
39.33082,0.004000002,0,
39.35181,0.007999999,0,
39.37214,0.009999999,0,
39.39181,0.013000001,0,
39.41232,0.015000002,0,
39.43283,0.015000002,0,
39.45325,0.016,0,
39.47378,0.018,0,
39.49427,0.018999999,0,
39.51878,0.020000001,0,
39.53931,0.020000001,0,
39.55984,0.018999999,0,
39.58028,0.018999999,0,
39.60071,0.020999999,0,
39.62137,0.022999999,0,
39.64182,0.025,0,
39.66209,0.026000002,0,
39.68258,0.027,0,
39.70718,-0.04,0.479999997,
39.72772,-0.085,1.019999996,
39.74814,-0.158000006,1.896000073,
39.76865,-0.224000006,2.688000069,
39.78904,-0.298999994,3.587999926,
39.80956,-0.363999991,4.367999897,
39.83018,-0.435000001,5.220000014,
39.85078,-0.490999995,5.891999946,
39.87094,-0.556000023,6.672000275,
39.89543,-0.602000027,7.22400032,
39.91605,-0.655,7.86,
39.93702,-0.604999988,7.259999857,
39.95695,-0.557999997,6.695999966,
39.97767,-0.516000001,6.192000017,
39.99805,-0.47600001,5.712000117,
40.01854,-0.439999996,5.279999957,
40.03905,-0.409000008,4.908000097,
40.05943,-0.379999994,4.559999928,
40.08398,-0.353000014,4.236000166,
40.10448,-0.330000012,3.960000143,
40.12489,-0.307999997,3.695999966,
40.14577,-0.276000007,3.312000082,
40.16589,-0.247999995,2.975999937,
40.18631,-0.221,2.651999996,
40.20696,-0.196999996,2.363999949,
40.22742,-0.175999998,2.111999974,
40.25188,-0.155,1.86,
40.27236,-0.135999999,1.631999985,
40.29277,-0.120000004,1.440000043,
40.31324,-0.105000003,1.260000036,
40.33379,-0.091999999,1.103999988,
40.35446,-0.080000001,0.960000009,
40.37475,-0.071000001,0.852000014,
40.39523,-0.060999999,0.731999994,
40.41592,-0.054,0.648000003,
40.44035,-0.046000001,0.552000009,
40.46125,-0.038,0.456000005,
40.48141,-0.031,0.372000001,
40.50195,-0.025,0.300000001,
40.52315,-0.02,0.240000003,
40.54361,-0.016,0.191999995,
40.56359,-0.013999999,0.167999991,
40.58371,-0.012000001,0.144000009,
40.60406,-0.008,0.096000001,
40.62917,-0.006,0.071999997,
40.65058,-0.002999999,0.035999992,
40.66975,0.000999999,0,
40.69016,0.004000002,0,
40.71052,0.005,0,
40.7314,0.007,0,
40.75168,0.007999999,0,
40.77217,0.007999999,0,
40.79256,0.009999999,0,
40.81711,0.011999999,0,
40.83759,0.013000001,0,
40.85837,0.015000002,0,
40.87915,0.016,0,
40.89903,0.016,0,
40.91961,0.016,0,
40.94008,0.018,0,
40.96046,0.016999998,0,
40.98119,0.016999998,0,
41.00554,0.016999998,0,
41.02621,-0.065,0.780000002,
41.04655,-0.142000003,1.704000041,
41.06708,-0.230000003,2.760000036,
41.08783,-0.302000015,3.624000177,
41.1081,-0.382999985,4.595999823,
41.1285,-0.434000014,5.208000169,
41.14919,-0.513999997,6.167999969,
41.16958,-0.534999995,6.419999943,
41.19396,-0.59400001,7.128000126,
41.21439,-0.607000022,7.284000263,
41.23499,-0.658000021,7.896000252,
41.2558,-0.598000019,7.176000223,
41.27586,-0.544999986,6.539999828,
41.29657,-0.497999995,5.975999937,
41.3174,-0.455000012,5.460000143,
41.33739,-0.416000007,4.992000089,
41.35786,-0.381999998,4.583999977,
41.38229,-0.349000006,4.188000069,
41.40292,-0.319999992,3.8399999,
41.42377,-0.293000011,3.516000137,
41.44389,-0.268000005,3.216000066,
41.46441,-0.239000006,2.868000076,
41.4848,-0.212999998,2.55599998,
41.50543,-0.190999998,2.291999981,
41.52589,-0.170000001,2.040000007,
41.54704,-0.152000001,1.824000016,
41.57129,-0.134999997,1.619999961,
41.59128,-0.119000002,1.428000019,
41.61185,-0.105000003,1.260000036,
41.63353,-0.094000003,1.128000036,
41.65358,-0.082000001,0.984000013,
41.67322,-0.073000001,0.876000018,
41.69371,-0.064000002,0.768000022,
41.71426,-0.055,0.660000004,
41.73863,-0.047000001,0.564000011,
41.76006,-0.041,0.491999999,
41.78061,-0.033,0.396,
41.80018,-0.029,0.347999999,
41.82095,-0.026,0.311999998,
41.84122,-0.023,0.275999997,
41.86172,-0.017,0.203999997,
41.88233,-0.012999999,0.155999989,
41.90259,-0.009,0.108000003,
41.92721,-0.005,0.059999996,
41.94811,-0.001999999,0.02399999,
41.96815,0.002000002,0,
41.98866,0.002000002,0,
42.0094,0.003,0,
42.02981,0.005,0,
42.05016,0.005,0,
42.07053,0.007,0,
42.09097,0.009000001,0,
42.11151,0.011000001,0,
42.13631,0.013000001,0,
42.15657,-0.045,0.539999996,
42.17699,-0.139999999,1.679999993,
42.19747,-0.222000002,2.66400002,
42.21791,-0.307999997,3.695999966,
42.23854,-0.365999995,4.391999946,
42.25889,-0.448000013,5.376000152,
42.27942,-0.476999997,5.723999963,
42.30382,-0.545999973,6.551999674,
42.32439,-0.562999992,6.755999908,
42.34508,-0.614999979,7.379999743,
42.36581,-0.631000011,7.572000132,
42.3862,-0.571999996,6.863999949,
42.40638,-0.522000014,6.264000163,
42.42682,-0.47600001,5.712000117,
42.44762,-0.435000001,5.220000014,
42.46783,-0.397000014,4.764000163,
42.49238,-0.361,4.332000003,
42.51286,-0.328000008,3.936000094,
42.53321,-0.300000011,3.600000129,
42.55379,-0.274000003,3.288000033,
42.57479,-0.247999995,2.975999937,
42.59478,-0.219999998,2.639999971,
42.61536,-0.194000005,2.328000054,
42.63603,-0.170000001,2.040000007,
42.65635,-0.150999999,1.811999992,
42.68077,-0.134000002,1.608000026,
42.70134,-0.119000002,1.428000019,
42.72175,-0.102999999,1.235999987,
42.74223,-0.089999999,1.079999984,
42.76279,-0.078,0.936000005,
42.78312,-0.065999998,0.791999981,
42.8036,-0.057000001,0.684000008,
42.8243,-0.048999999,0.587999993,
42.84461,-0.041,0.491999999,
42.8693,-0.033,0.396,
42.88963,-0.026,0.311999998,
42.91019,-0.019,0.228000001,
42.931,-0.013999999,0.167999991,
42.95114,-0.01,0.120000005,
42.9717,-0.006,0.071999997,
42.99215,-0.001999999,0.02399999,
43.0125,-6.71E-10,8.05E-09,
43.0334,0.002000002,0,
43.05801,0.007999999,0,
43.07814,0.009999999,0,
43.09846,0.013000001,0,
43.119,0.015000002,0,
43.13947,0.016,0,
43.16005,0.018,0,
43.18069,0.020999999,0,
43.20099,0.022999999,0,
43.22139,0.022999999,0,
43.24592,0.024000001,0,
43.26665,0.022999999,0,
43.28707,0.020999999,0,
43.30738,0.020999999,0,
43.32816,0.020000001,0,
43.34844,0.020999999,0,
43.36891,0.020000001,0,
43.38943,0.020999999,0,
43.40996,0.020999999,0,
43.43436,0.022000001,0,
43.45506,0.022000001,0,
43.47571,0.020000001,0,
43.49609,0.018999999,0,
43.51653,0.016999998,0,
43.53733,0.016,0,
43.55728,0.016999998,0,
43.5778,0.016999998,0,
43.59833,0.018,0,
43.62282,0.018999999,0,
43.64326,0.018,0,
43.66383,0.016,0,
43.68434,0.015000002,0,
43.70485,0.016999998,0,
43.72532,0.016999998,0,
43.74591,0.018,0,
43.76621,0.018,0,
43.78661,0.018999999,0,
43.80733,0.018,0,
43.8318,0.016,0,
43.85227,0.016,0,
43.87314,0.016,0,
43.8932,0.016,0,
43.91371,0.015000002,0,
43.93423,0.014,0,
43.95469,0.015000002,0,
43.9752,0.016,0,
43.99644,0.016,0,
44.02029,0.015000002,0,
44.04068,0.013000001,0,
44.06103,0.013000001,0,
44.08146,0.014,0,
44.10205,0.014,0,
44.12256,0.013000001,0,
44.14304,0.011000001,0,
44.16359,0.011999999,0,
44.18401,0.013000001,0,
44.20852,0.013000001,0,
44.22906,0.014,0,
44.24944,0.013000001,0,
44.27016,0.014,0,
44.29037,0.013000001,0,
44.31084,0.015000002,0,
44.33157,0.015000002,0,
44.35188,0.016,0,
44.37244,0.015000002,0,
44.39691,0.016,0,
44.41733,0.016999998,0,
44.43798,0.016999998,0,
44.45856,0.016,0,
44.47886,0.015000002,0,
44.49947,0.014,0,
44.52024,0.015000002,0,
44.5405,0.014,0,
44.56087,0.015000002,0,
44.58537,0.015000002,0,
44.60628,0.015000002,0,
44.62624,0.015000002,0,
44.6469,0.015000002,0,
44.66735,0.013000001,0,
44.6886,0.014,0,
44.70933,0.016,0,
44.72885,0.016999998,0,
44.74947,0.018,0,
44.77374,0.018999999,0,
44.79465,0.018,0,
44.81473,0.020000001,0,
44.83591,0.020999999,0,
44.8568,0.020999999,0,
44.87634,0.020000001,0,
44.89718,0.020000001,0,
44.91721,0.018999999,0,
44.93765,0.018,0,
44.96243,0.018,0,
44.98267,0.020000001,0,
45.00376,0.020000001,0,
45.02373,0.020000001,0,
45.04414,0.020000001,0,
45.0647,0.018999999,0,
45.08519,0.018999999,0,
45.10561,0.018999999,0,
45.12605,0.016999998,0,
45.14647,0.016,0,
45.17144,0.016999998,0,
45.19161,-0.041,0.491999999,
45.21223,-0.043,0.516000003,
45.23264,-0.054,0.648000003,
45.25303,-0.084000001,1.008000017,
45.27364,-0.109999998,1.319999979,
45.29395,-0.153999998,1.847999976,
45.3144,-0.175999998,2.111999974,
45.33901,-0.207000001,2.484000013,
45.35948,-0.222000002,2.66400002,
45.38022,-0.247999995,2.975999937,
45.40044,-0.268999993,3.227999911,
45.42137,-0.258,3.096000001,
45.44138,-0.246999993,2.963999913,
45.46189,-0.236,2.832000003,
45.48263,-0.225999995,2.711999938,
45.5029,-0.217000006,2.604000077,
45.52733,-0.209000005,2.508000062,
45.54789,-0.201000004,2.412000046,
45.56847,-0.194000005,2.328000054,
45.58913,-0.188000007,2.256000087,
45.60946,-0.181999995,2.183999941,
45.63,-0.163000001,1.956000016,
45.65076,-0.145999997,1.75199996,
45.67101,-0.127999997,1.535999969,
45.69146,-0.112999997,1.355999962,
45.71593,-0.101000002,1.212000028,
45.73634,-0.089,1.068000004,
45.75693,-0.078999999,0.947999985,
45.77786,-0.069999999,0.839999989,
45.79794,-0.060999999,0.731999994,
45.81822,-0.054,0.648000003,
45.83896,-0.047000001,0.564000011,
45.8596,-0.042,0.504000001,
45.87965,-0.035,0.419999999,
45.90441,-0.03,0.36,
45.92525,-0.024,0.287999999,
45.94514,-0.02,0.240000003,
45.96626,-0.016,0.191999995,
45.98625,-0.012999999,0.155999989,
46.00682,-0.01,0.120000005,
46.02737,-0.007,0.083999999,
46.04845,-0.005,0.059999996,
46.06808,-0.003999999,0.047999994,
46.09328,-0.001000001,0.01200001,
46.11456,0.000999999,0,
46.13364,0.005,0,
46.15411,0.007,0,
46.17466,0.009000001,0,
46.19521,0.009000001,0,
46.21651,0.011999999,0,
46.23685,0.013000001,0,
46.25661,0.015000002,0,
46.28106,0.018,0,
46.30151,0.016999998,0,
46.326,0.020000001,0,
46.34569,0.020999999,0,
46.36636,0.020000001,0,
46.38757,0.020999999,0,
46.40818,0.022000001,0,
46.42815,0.020000001,0,
46.4487,0.022000001,0,
46.47312,0.022000001,0,
46.49341,0.024000001,0,
46.51403,0.022999999,0,
46.53494,0.022000001,0,
46.55508,-0.064000002,0.768000022,
46.57557,-0.146999999,1.763999984,
46.5958,-0.224000006,2.688000069,
46.61649,-0.317,3.804000006,
46.63725,-0.368,4.415999994,
46.66875,-0.444000005,5.328000054,
46.6786,-0.469999998,5.639999971,
46.69896,-0.534999995,6.419999943,
46.71941,-0.549999981,6.599999771,
46.73995,-0.608000009,7.296000109,
46.76037,-0.616000025,7.392000303,
46.78136,-0.568999975,6.827999697,
46.80132,-0.525999992,6.311999903,
46.82173,-0.486,5.832000003,
46.84632,-0.449999987,5.399999843,
46.86681,-0.416999995,5.003999934,
46.88724,-0.386999993,4.64399992,
46.90793,-0.360000013,4.320000157,
46.92821,-0.323000013,3.876000152,
46.94888,-0.289000003,3.46800004,
46.96929,-0.260000004,3.12000005,
46.98969,-0.232000007,2.784000084,
47.0103,-0.208000003,2.496000037,
47.03485,-0.186000003,2.232000039,
47.05537,-0.164000003,1.96800004,
47.07584,-0.145999997,1.75199996,
47.09622,-0.131000004,1.572000042,
47.11659,-0.113999999,1.367999986,
47.13711,-0.101000002,1.212000028,
47.15779,-0.089,1.068000004,
47.17815,-0.078,0.936000005,
47.19871,-0.067999999,0.815999985,
47.22318,-0.059999999,0.719999992,
47.24356,-0.052,0.623999999,
47.26427,-0.044,0.528000005,
47.28468,-0.038,0.456000005,
47.30505,-0.032,0.384000001,
47.3256,-0.027,0.324,
47.34612,-0.022,0.263999995,
47.36672,-0.018,0.215999999,
47.38711,-0.015,0.180000004,
47.41161,-0.01,0.120000005,
47.43198,-0.006,0.071999997,
47.4527,-0.005,0.059999996,
47.47313,-0.001000001,0.01200001,
47.49356,0.000999999,0,
47.51408,0.003,0,
47.53468,0.005,0,
47.5549,0.005,0,
47.57614,0.007,0,
47.59995,0.009999999,0,
47.62055,0.011000001,0,
47.64088,0.014,0,
47.66151,0.015000002,0,
47.68197,0.015000002,0,
47.70238,0.016,0,
47.72282,0.016,0,
47.74338,0.016999998,0,
47.76384,0.016,0,
47.78915,0.016999998,0,
47.80973,0.018999999,0,
47.8295,0.020999999,0,
47.84983,0.020000001,0,
47.87086,0.018999999,0,
47.8916,0.020999999,0,
47.91143,0.022000001,0,
47.93184,0.022000001,0,
47.95303,0.020999999,0,
47.97669,0.020999999,0,
47.99748,0.022000001,0,
48.01792,0.022000001,0,
48.03838,0.022000001,0,
48.05865,0.020999999,0,
48.0793,0.020999999,0,
48.09985,0.018999999,0,
48.12024,0.018999999,0,
48.14062,0.018999999,0,
48.16523,0.020999999,0,
48.18576,0.020999999,0,
48.20624,0.024000001,0,
48.22722,0.024000001,0,
48.24721,0.026000002,0,
48.26765,-0.059999999,0.719999992,
48.2881,-0.137000001,1.644000009,
48.30868,-0.227999999,2.735999987,
48.32912,-0.300000011,3.600000129,
48.35349,-0.379999994,4.559999928,
48.37404,-0.434000014,5.208000169,
48.39454,-0.504999994,6.059999928,
48.41539,-0.534000008,6.408000097,
48.43561,-0.591999977,7.10399972,
48.45599,-0.614999979,7.379999743,
48.47741,-0.659999995,7.919999943,
48.49831,-0.60099998,7.21199976,
48.51756,-0.54700002,6.564000235,
48.54201,-0.497999995,5.975999937,
48.56252,-0.453999995,5.44799994,
48.58302,-0.41499999,4.979999886,
48.60355,-0.37799999,4.53599988,
48.62404,-0.344999998,4.139999971,
48.64441,-0.317,3.804000006,
48.66507,-0.291999995,3.503999934,
48.6861,-0.267000003,3.204000041,
48.7058,-0.239000006,2.868000076,
48.73063,-0.212999998,2.55599998,
48.75103,-0.188999994,2.267999933,
48.77153,-0.167999997,2.015999959,
48.79194,-0.148000001,1.776000009,
48.81238,-0.130000001,1.560000018,
48.83301,-0.116000003,1.392000035,
48.85337,-0.101000002,1.212000028,
48.87453,-0.089,1.068000004,
48.89879,-0.076999998,0.923999981,
48.91891,-0.067999999,0.815999985,
48.93951,-0.058000001,0.69600001,
48.95984,-0.047999999,0.575999991,
48.98037,-0.042,0.504000001,
49.00085,-0.034,0.408000002,
49.02127,-0.028,0.335999999,
49.04195,-0.023,0.275999997,
49.06219,-0.02,0.240000003,
49.08677,-0.015,0.180000004,
49.10719,-0.009,0.108000003,
49.12778,-0.005,0.059999996,
49.14837,-0.001000001,0.01200001,
49.16924,-6.71E-10,8.05E-09,
49.18972,0.002000002,0,
49.21029,0.004000002,0,
49.23021,0.005999998,0,
49.25098,0.007999999,0,
49.27118,0.009999999,0,
49.29608,0.011999999,0,
49.31673,0.016,0,
49.33745,0.018,0,
49.35729,0.018999999,0,
49.37759,0.020000001,0,
49.39806,0.020999999,0,
49.41864,0.022000001,0,
49.43902,0.022999999,0,
49.4596,0.022000001,0,
49.48406,0.022999999,0,
49.50476,0.026000002,0,
49.52553,0.027999998,0,
49.54555,0.027,0,
49.5667,0.027,0,
49.58657,0.027,0,
49.60695,0.024000001,0,
49.62747,0.024000001,0,
49.64866,0.024000001,0,
49.67276,0.025,0,
49.69296,0.026000002,0,
49.71348,0.027,0,
49.73396,0.026000002,0,
49.7545,0.027,0,
49.77518,0.025,0,
49.79555,0.027,0,
49.81586,0.026000002,0,
49.83654,0.027,0,
49.86101,0.027,0,
49.88161,0.027,0,
49.90188,0.027,0,
49.92245,0.026000002,0,
49.94292,0.024000001,0,
49.96329,0.022999999,0,
49.98389,0.022999999,0,
50.00436,0.022999999,0,
50.0249,0.020999999,0,
50.04973,0.014,0,
50.06982,0.007999999,0,
50.09045,0.000999999,0,
50.11076,-0.001999999,0,
50.1312,-0.003999999,0,
50.15176,-0.003999999,0,
50.17242,-0.007,0,
50.19273,-0.008,0,
50.21317,-0.012000001,0,
50.23763,-0.015,0,
50.2582,-0.018,0,
50.27874,-0.024,0,
50.29929,-0.028,0,
50.31967,-0.034,0,
50.34122,-0.038,0,
50.36067,-0.036,0,
50.38129,-0.031,0,
50.40188,-0.026,0,
50.4262,-0.022,0,
50.44687,-0.019,0,
50.46745,-0.015,0,
50.48786,-0.01,0,
50.50835,-0.007,0,
50.52963,-0.005,0,
50.54921,-0.002999999,0,
50.56948,0.002000002,0,
50.59006,0.005,0,
50.61059,0.005999998,0,
50.63526,0.009000001,0,
50.65566,0.011000001,0,
50.67607,0.013000001,0,
50.6965,0.015000002,0,
50.71702,0.016,0,
50.73738,0.016,0,
50.75812,0.016,0,
50.77847,0.016999998,0,
50.79883,0.016999998,0,
50.82355,0.016999998,0,
50.84399,0.018999999,0,
50.86449,0.018999999,0,
50.88549,0.018999999,0,
50.90613,0.020000001,0,
50.92612,0.020999999,0,
50.94646,0.020999999,0,
50.96675,0.022999999,0,
50.9878,0.022999999,0,
51.0126,0.025,0,
51.03333,0.026000002,0,
51.053,0.027999998,0,
51.07343,0.027,0,
51.09382,0.024000001,0,
51.11428,0.022999999,0,
51.13491,0.022000001,0,
51.15524,0.022000001,0,
51.17585,0.020999999,0,
51.20034,0.022000001,0,
51.22076,0.022000001,0,
51.24137,0.022000001,0,
51.2618,0.022000001,0,
51.28214,0.020999999,0,
51.30264,0.020000001,0,
51.32315,0.020999999,0,
51.34372,0.020000001,0,
51.36423,0.020000001,0,
51.38871,0.018999999,0,
51.40919,0.018999999,0,
51.42981,0.018999999,0,
51.45024,0.018999999,0,
51.4706,0.020000001,0,
51.49119,0.018999999,0,
51.51168,0.016999998,0,
51.53205,0.018,0,
51.55263,0.018,0,
51.57718,0.018999999,0,
51.59771,0.020000001,0,
51.61816,0.020999999,0,
51.63859,0.020999999,0,
51.65919,0.018999999,0,
51.68031,0.018,0,
51.69993,0.018999999,0,
51.72044,0.018999999,0,
51.7414,0.016,0,
51.76546,0.013000001,0,
51.78599,0.009000001,0,
51.80652,0.004000002,0,
51.82695,-6.71E-10,0,
51.84762,-0.003999999,0,
51.86806,-0.009,0,
51.8884,-0.015,0,
51.90887,-0.019,0,
51.92933,-0.023,0,
51.94992,-0.029,0,
51.97438,-0.033,0,
51.995,-0.038,0,
52.01586,-0.043,0,
52.03602,-0.047999999,0,
52.05636,-0.039,0,
52.07755,-0.035,0,
52.09719,-0.029,0,
52.11771,-0.023,0,
52.13833,-0.018,0,
52.16286,-0.012000001,0,
52.18359,-0.006,0,
52.20376,-0.002999999,0,
52.22497,0.000999999,0,
52.24483,0.004000002,0,
52.266,0.007,0,
52.28582,0.009000001,0,
52.30624,0.011999999,0,
52.32661,0.014,0,
52.3513,0.016,0,
52.37173,0.016999998,0,
52.3923,0.018,0,
52.41343,0.020000001,0,
52.43323,0.020999999,0,
52.45358,0.020999999,0,
52.47405,0.020999999,0,
52.49477,0.022999999,0,
52.51559,0.024000001,0,
52.53962,0.025,0,
52.56014,0.025,0,
52.58059,0.026000002,0,
52.60123,0.026000002,0,
52.6216,0.025,0,
52.6421,0.026000002,0,
52.66262,0.026000002,0,
52.68359,0.027,0,
52.70348,0.027999998,0,
52.72802,0.027999998,0,
52.74852,0.027999998,0,
52.76921,0.029,0,
52.78984,0.027999998,0,
52.81013,0.027999998,0,
52.83108,0.029,0,
52.85109,0.027999998,0,
52.87144,0.026000002,0,
52.89178,0.026000002,0,
52.91657,0.026000002,0,
52.93699,0.025,0,
52.95749,0.025,0,
52.978,0.026000002,0,
52.99837,0.027999998,0,
53.01911,0.027999998,0,
53.03947,0.025,0,
53.0599,0.025,0,
53.08031,0.022999999,0,
53.10504,0.022999999,0,
53.12562,0.025,0,
53.1458,0.026000002,0,
53.16631,0.027999998,0,
53.18687,0.029999999,0,
53.20744,0.029999999,0,
53.22792,0.029999999,0,
53.24834,0.029999999,0,
53.26887,0.029,0,
53.29328,0.029999999,0,
53.31381,0.029,0,
53.33447,0.031000001,0,
53.35487,0.031999999,0,
53.3754,0.031000001,0,
53.39661,0.031999999,0,
53.41692,0.031000001,0,
53.43677,0.027999998,0,
53.4573,0.027,0,
53.47766,0.027999998,0,
53.50304,0.029,0,
53.52378,0.031000001,0,
53.54339,0.029999999,0,
53.56369,0.031000001,0,
53.58417,0.031999999,0,
53.60515,0.029999999,0,
53.62554,0.031999999,0,
53.64562,0.031000001,0,
53.66608,0.029999999,0,
53.69107,0.029,0,
53.71111,0.027999998,0,
53.7317,0.026000002,0,
53.75219,0.026000002,0,
53.77254,0.025,0,
53.79291,0.022999999,0,
53.81341,0.024000001,0,
53.83395,0.025,0,
53.85504,0.022999999,0,
53.87915,0.022999999,0,
53.89951,0.022000001,0,
53.91996,0.022000001,0,
53.94125,0.022999999,0,
53.96114,0.025,0,
53.98138,0.024000001,0,
54.00196,0.025,0,
54.02246,0.025,0,
54.04286,0.027,0,
54.06767,0.027999998,0,
54.088,0.029999999,0,
54.10837,0.029999999,0,
54.12882,0.031999999,0,
54.14924,0.031999999,0,
54.16998,0.031000001,0,
54.19038,0.029999999,0,
54.21073,0.029999999,0,
54.23148,0.025,0,
54.25572,0.018999999,0,
54.27654,0.015000002,0,
54.29752,0.009999999,0,
54.31792,0.005,0,
54.33775,0.002000002,0,
54.35834,-0.002999999,0,
54.37897,-0.008,0,
54.39919,-0.012999999,0,
54.41956,-0.019,0,
54.44436,-0.023,0,
54.4648,-0.029,0,
54.48541,-0.034,0,
54.50636,-0.038,0,
54.52621,-0.043,0,
54.54664,-0.043,0,
54.56702,-0.036,0,
54.58759,-0.03,0,
54.60802,-0.024,0,
54.63264,-0.019,0,
54.65316,-0.017,0,
54.67368,-0.011000001,0,
54.69431,-0.008,0,
54.71454,-0.006,0,
54.73523,-0.003999999,0,
54.7555,-0.001999999,0,
54.7759,0.000999999,0,
54.79657,0.003,0,
54.82101,0.005999998,0,
54.84157,0.009999999,0,
54.862,0.011000001,0,
54.88247,0.011000001,0,
54.90301,0.011999999,0,
54.92344,0.014,0,
54.94393,0.013000001,0,
54.96437,0.013000001,0,
54.98498,0.014,0,
55.00548,0.015000002,0,
55.0303,0.016999998,0,
55.05048,0.016999998,0,
55.07093,0.016999998,0,
55.09145,0.018,0,
55.11195,0.018999999,0,
55.13229,0.018,0,
55.1533,0.018999999,0,
55.17336,0.018,0,
55.19379,0.018,0,
55.21844,0.018,0,
55.23885,0.020000001,0,
55.25941,0.020000001,0,
55.27985,0.020000001,0,
55.30026,0.020000001,0,
55.32085,0.020999999,0,
55.34129,0.020000001,0,
55.36174,0.020999999,0,
55.38211,0.020000001,0,
55.40674,0.022999999,0,
55.42738,0.024000001,0,
55.44795,0.024000001,0,
55.46828,0.024000001,0,
55.48882,0.025,0,
55.50928,0.022999999,0,
55.52996,0.022000001,0,
55.55017,0.020999999,0,
55.57098,0.020999999,0,
55.59508,0.022999999,0,
55.61587,0.025,0,
55.63628,0.026000002,0,
55.6572,0.025,0,
55.67801,0.025,0,
55.69782,0.026000002,0,
55.71813,0.024000001,0,
55.73915,0.022999999,0,
55.76025,0.024000001,0,
55.78455,0.022999999,0,
55.80412,0.022999999,0,
55.8246,0.022000001,0,
55.84512,0.022000001,0,
55.86562,0.022000001,0,
55.88605,0.022999999,0,
55.90647,0.022999999,0,
55.92702,0.024000001,0,
55.94755,0.022000001,0,
55.97199,0.022999999,0,
55.99271,0.025,0,
56.01312,0.025,0,
56.03385,0.026000002,0,
56.05399,0.027,0,
56.07454,-0.046000001,0.552000009,
56.09489,-0.123000002,1.476000026,
56.11533,-0.221,2.651999996,
56.13589,-0.284999995,3.419999943,
56.16047,-0.368999987,4.42799984,
56.18093,-0.402000009,4.824000106,
56.20144,-0.472999989,5.675999866,
56.2219,-0.493999987,5.92799984,
56.24251,-0.548000007,6.57600008,
56.26293,-0.571000009,6.852000103,
56.28947,-0.61099997,7.331999645,
56.31529,-0.565000026,6.780000315,
56.32437,-0.52000001,6.240000114,
56.34888,-0.479000001,5.748000011,
56.36958,-0.442,5.304000006,
56.38982,-0.409999995,4.919999943,
56.41026,-0.381000011,4.572000132,
56.43083,-0.354999988,4.259999857,
56.45125,-0.317,3.804000006,
56.47179,-0.284000008,3.408000097,
56.49233,-0.254000007,3.048000083,
56.51272,-0.225999995,2.711999938,
56.53741,-0.197999998,2.375999973,
56.55782,-0.175999998,2.111999974,
56.57833,-0.156000002,1.872000024,
56.59937,-0.138000003,1.656000034,
56.61921,-0.123000002,1.476000026,
56.63968,-0.107,1.283999995,
56.66022,-0.096,1.151999996,
56.68069,-0.082999999,0.995999992,
56.70522,-0.071999999,0.863999993,
56.72561,-0.064000002,0.768000022,
56.74617,-0.055,0.660000004,
56.76665,-0.047999999,0.575999991,
56.78728,-0.043,0.516000003,
56.80823,-0.037,0.444000003,
56.82889,-0.03,0.36,
56.84856,-0.024,0.287999999,
56.86916,-0.021,0.252000005,
56.89364,-0.013999999,0.167999991,
56.91399,-0.009,0.108000003,
56.93473,-0.005,0.059999996,
56.95571,-0.002999999,0.035999992,
56.97651,-0.001000001,0.01200001,
56.99622,0.000999999,0,
57.01655,0.003,0,
57.03718,0.005,0,
57.05753,0.007,0,
57.07789,0.007999999,0,
57.10337,0.011000001,0,
57.12292,0.011999999,0,
57.14356,0.014,0,
57.16393,0.011999999,0,
57.18436,0.013000001,0,
57.20509,0.015000002,0,
57.22531,0.016,0,
57.24583,0.016,0,
57.26634,0.016,0,
57.29098,0.016,0,
57.3115,0.016,0,
57.33202,0.016999998,0,
57.35233,-0.04,0.479999997,
57.37286,-0.133,1.596000001,
57.39339,-0.210000007,2.520000086,
57.4144,-0.289000003,3.46800004,
57.43423,-0.356999992,4.283999906,
57.45485,-0.449,5.387999997,
57.47927,-0.479000001,5.748000011,
57.49982,-0.544999986,6.539999828,
57.52052,-0.567999988,6.815999851,
57.54087,-0.619999974,7.439999685,
57.56125,-0.64500001,7.740000114,
57.58208,-0.586999981,7.043999777,
57.60217,-0.533000021,6.396000252,
57.62267,-0.488000004,5.856000051,
57.64321,-0.442999988,5.315999851,
57.66839,-0.402999996,4.835999951,
57.68813,-0.368,4.415999994,
57.70879,-0.337000011,4.044000134,
57.72927,-0.309000014,3.708000169,
57.75002,-0.286000012,3.432000146,
57.77018,-0.264999999,3.179999993,
57.79067,-0.248999997,2.987999961,
57.81107,-0.232000007,2.784000084,
57.83575,-0.217000006,2.604000077,
57.85684,-0.203999995,2.44799994,
57.87663,-0.179000004,2.148000047,
57.89758,-0.157000004,1.884000049,
57.91798,-0.138000003,1.656000034,
57.93827,-0.120999998,1.451999978,
57.95862,-0.105999998,1.271999971,
57.979,-0.094000003,1.128000036,
57.99963,-0.082000001,0.984000013,
58.02417,-0.071000001,0.852000014,
58.04547,-0.060999999,0.731999994,
58.06505,-0.052,0.623999999,
58.08617,-0.045,0.539999996,
58.10595,-0.036,0.432000001,
58.12642,-0.029,0.347999999,
58.147,-0.025,0.300000001,
58.16749,-0.02,0.240000003,
58.18784,-0.016,0.191999995,
58.21272,-0.012000001,0.144000009,
58.233,-0.008,0.096000001,
58.25351,-0.003999999,0.047999994,
58.27433,-0.001000001,0.01200001,
58.29456,0.002000002,0,
58.31487,0.003,0,
58.33537,0.005,0,
58.35634,0.005999998,0,
58.3768,0.007,0,
58.40085,0.009000001,0,
58.4221,0.013000001,0,
58.44284,0.015000002,0,
58.46248,0.016,0,
58.48296,0.016999998,0,
58.5034,0.018,0,
58.52451,0.018,0,
58.54514,0.018999999,0,
58.56492,0.018,0,
58.58967,0.018999999,0,
58.60982,0.020999999,0,
58.63025,0.020999999,0,
58.65091,0.022999999,0,
58.67129,0.024000001,0,
58.69178,0.022999999,0,
58.71239,0.024000001,0,
58.73298,0.025,0,
58.75315,0.025,0,
58.77789,0.026000002,0,
58.79817,0.027999998,0,
58.81867,0.027999998,0,
58.83923,0.029,0,
58.86005,-0.035,0.419999999,
58.88021,-0.120000004,1.440000043,
58.90057,-0.200000002,2.400000021,
58.92101,-0.302000015,3.624000177,
58.94145,-0.347000002,4.16400002,
58.96611,-0.425000011,5.100000129,
58.98669,-0.451000004,5.412000046,
59.00728,-0.516999989,6.203999863,
59.02777,-0.533000021,6.396000252,
59.04813,-0.585999994,7.031999931,
59.06851,-0.60099998,7.21199976,
59.08948,-0.556000023,6.672000275,
59.10947,-0.511000006,6.132000074,
59.13004,-0.471000015,5.652000175,
59.15448,-0.435000001,5.220000014,
59.17503,-0.400999992,4.811999903,
59.19614,-0.372999995,4.475999937,
59.21655,-0.346000015,4.152000175,
59.23653,-0.307999997,3.695999966,
59.25711,-0.275000005,3.300000057,
59.27745,-0.244000002,2.928000019,
59.29796,-0.217000006,2.604000077,
59.31863,-0.192,2.304000006,
59.34302,-0.168999999,2.027999983,
59.36345,-0.146999999,1.763999984,
59.38405,-0.130000001,1.560000018,
59.40449,-0.113999999,1.367999986,
59.42481,-0.101000002,1.212000028,
59.44533,-0.089,1.068000004,
59.46584,-0.076,0.912000001,
59.48624,-0.065,0.780000002,
59.5071,-0.056000001,0.672000006,
59.53147,-0.046000001,0.552000009,
59.55193,-0.038,0.456000005,
59.57246,-0.032,0.384000001,
59.5928,-0.028,0.335999999,
59.61349,-0.023,0.275999997,
59.63374,-0.018,0.215999999,
59.65499,-0.012999999,0.155999989,
59.67554,-0.009,0.108000003,
59.69523,-0.007,0.083999999,
59.71989,-0.002999999,0.035999992,
59.7403,-0.001000001,0.01200001,
59.76129,0.003,0,
59.78128,0.005999998,0,
59.80235,0.007999999,0,
59.82314,0.011000001,0,
59.84278,0.009999999,0,
59.86314,0.009999999,0,
59.88364,0.011000001,0,
59.90822,0.013000001,0,
59.92882,0.014,0,
59.94914,0.016,0,
59.96966,0.018,0,
59.99008,0.020000001,0,
