0,-0.080000001,0,26.56800018
1.61171,0.036,0,12.24161349
1.632465,0.034999998,0,
1.6528,0.034000003,0,
1.673526,0.031000001,0,
1.693579,0.029,0,
1.71451,0.026000002,0,
1.734819,0.014,0,
1.754974,-0.134000002,1.608000026,
1.779735,-0.122,1.464000002,
1.800538,-0.109000004,1.308000044,
1.820756,-0.098000004,1.176000044,
1.841676,-0.089,1.068000004,
1.86226,-0.080000001,0.960000009,
1.881922,-0.073000001,0.876000018,
1.902904,-0.067,0.804000006,
1.92359,-0.063,0.755999998,
1.943328,-0.059999999,0.719999992,
1.968174,-0.057000001,0.684000008,
1.988532,-0.054,0.648000003,
2.0093,-0.05,0.599999995,
2.029698,-0.046000001,0.552000009,
2.049823,-0.041,0.491999999,
2.070698,-0.039,0.467999995,
2.091184,-0.038,0.456000005,
2.111293,-0.036,0.432000001,
2.132178,-0.035,0.419999999,
2.156626,-0.033,0.396,
2.176922,-0.031,0.372000001,
2.197778,-0.028,0.335999999,
2.217802,-0.026,0.311999998,
2.238744,-0.023,0.275999997,
2.259128,-0.023,0.275999997,
2.279128,-0.021,0.252000005,
2.300297,-0.021,0.252000005,
2.320966,-0.021,0.252000005,
2.3458,-0.02,0.240000003,
2.36517,-0.02,0.240000003,
2.385682,-0.02,0.240000003,
2.406203,-0.022,0.263999995,
2.426748,-0.022,0.263999995,
2.447244,-0.025,0.300000001,
2.467581,-0.029,0.347999999,
2.488315,-0.036,0.432000001,
2.508681,-0.046000001,0.552000009,
2.533536,-0.055,0.660000004,
2.554962,-0.067,0.804000006,
2.574329,-0.085,1.019999996,
2.594664,-0.091999999,1.103999988,
2.615313,-0.1,1.200000004,
2.635705,-0.101000002,1.212000028,
2.658368,-0.107,1.283999995,
2.678424,-0.108000002,1.296000019,
2.698518,-0.107,1.283999995,
2.721576,-0.104000001,1.248000011,
2.742132,-0.1,1.200000004,
2.76279,-0.098000004,1.176000044,
2.783076,-0.096,1.151999996,
2.803731,-0.094999998,1.139999971,
2.826243,-0.093000001,1.116000012,
2.846319,-0.091000001,1.092000008,
2.865149,-0.089999999,1.079999984,
2.885413,-0.087999998,1.05599998,
2.910321,-0.089,1.068000004,
2.930673,-0.091999999,1.103999988,
2.951061,-0.094000003,1.128000036,
2.971707,-0.094000003,1.128000036,
2.99389,-0.097000002,1.16400002,
3.013891,-0.097000002,1.16400002,
3.033163,-0.096,1.151999996,
3.053455,-0.096,1.151999996,
3.073908,-0.098999998,1.187999979,
3.098312,-0.1,1.200000004,
3.118971,-0.101000002,1.212000028,
3.139502,-0.102999999,1.235999987,
3.161894,-0.102999999,1.235999987,
3.182119,-0.104000001,1.248000011,
3.200786,-0.108000002,1.296000019,
3.221238,-0.111,1.332000003,
3.241676,-0.112000002,1.344000027,
3.266708,-0.113999999,1.367999986,
3.287045,-0.116000003,1.392000035,
3.307295,-0.118,1.415999994,
3.327911,-0.119000002,1.428000019,
3.348328,-0.122,1.464000002,
3.368771,-0.123999997,1.487999961,
3.389272,-0.127999997,1.535999969,
3.40974,-0.127999997,1.535999969,
3.430111,-0.130000001,1.560000018,
3.454652,-0.131999998,1.583999977,
3.475087,-0.137000001,1.644000009,
3.495871,-0.142000003,1.704000041,
3.516423,-0.145999997,1.75199996,
3.536714,-0.149999997,1.799999968,
3.557194,-0.155,1.86,
3.577784,-0.160999997,1.931999967,
3.598165,-0.164000003,1.96800004,
3.618608,-0.166999995,2.003999934,
3.643154,-0.170000001,2.040000007,
3.663732,-0.174999996,2.09999995,
3.684253,-0.179000004,2.148000047,
3.70469,-0.182999997,2.195999966,
3.725026,-0.186000003,2.232000039,
3.745723,-0.186000003,2.232000039,
3.766081,-0.189999996,2.279999957,
3.786488,-0.195000007,2.340000079,
3.807238,-0.199,2.387999997,
3.831578,-0.202000006,2.42400007,
3.851959,-0.205999999,2.471999989,
3.872786,-0.209000005,2.508000062,
3.893065,-0.216000004,2.592000053,
3.913592,-0.222000002,2.66400002,
3.934033,-0.230000003,2.760000036,
3.954393,-0.238000004,2.856000051,
3.974824,-0.246999993,2.963999913,
3.99946,-0.256999998,3.083999977,
4.020431,-0.266000001,3.192000017,
4.041468,-0.275000005,3.300000057,
4.061071,-0.284000008,3.408000097,
4.081402,-0.291000007,3.492000089,
4.10338,-0.298000007,3.57600008,
4.122546,-0.302000015,3.624000177,
4.142796,-0.303999989,3.647999868,
4.163319,-0.309000014,3.708000169,
4.187758,-0.319000005,3.828000054,
4.208229,-0.346000015,4.152000175,
4.228833,-0.391000001,4.692000017,
4.249225,-0.455000012,5.460000143,
4.2698,-0.520999997,6.25199996,
4.290296,-0.626000016,7.512000189,
4.310791,-0.721999972,8.663999662,
4.331451,-0.811000018,9.732000217,
4.351825,-0.890000014,10.68000017,
4.376207,-0.960999994,11.53199993,
4.396784,-1.031999974,12.38399969,
4.417412,-1.09099999,13.09199987,
4.437941,-1.140000014,13.68000017,
4.458437,-1.18199995,14.1839994,
4.478758,-1.225000052,14.70000063,
4.499286,-1.261999993,15.14399992,
4.521045,-1.298000007,15.57600008,
4.540301,-1.332000046,15.98400055,
4.565082,-1.355999975,16.2719997,
4.585579,-1.380999951,16.57199942,
4.605569,-1.401000051,16.81200062,
4.626681,-1.421000032,17.05200039,
4.646813,-1.437999992,17.25599991,
4.667528,-1.454000025,17.4480003,
4.687621,-1.470999985,17.65199982,
4.709432,-1.483999996,17.80799995,
4.732818,-1.492000012,17.90400015,
4.753171,-1.502000003,18.02400003,
4.773976,-1.510000019,18.12000023,
4.794569,-1.515999942,18.1919993,
4.815022,-1.525000005,18.30000006,
4.835654,-1.531000047,18.37200056,
4.856083,-1.536000042,18.4320005,
4.876106,-1.544999986,18.53999983,
4.897022,-1.549999981,18.59999977,
4.921305,-1.553000002,18.63600002,
4.942051,-1.557999997,18.69599997,
4.963025,-1.561000018,18.73200022,
4.983012,-1.566000013,18.79200016,
5.003881,-1.439000039,17.26800047,
5.023438,-1.324999957,15.89999949,
5.043981,-1.230000048,14.76000057,
5.064796,-1.151000051,13.81200062,
5.085202,-1.087999969,13.05599962,
5.10944,-1.036000042,12.4320005,
5.129912,-0.988999991,11.8679999,
5.150315,-0.950000017,11.4000002,
5.171021,-0.923000007,11.07600008,
5.191497,-0.914000003,10.96800004,
5.211878,-0.906999974,10.88399969,
5.232333,-0.886000006,10.63200007,
5.252851,-0.880000024,10.56000029,
5.277361,-0.878999977,10.54799973,
5.297795,-0.869999974,10.43999969,
5.318489,-0.872999995,10.47599994,
5.338836,-0.875000029,10.50000034,
5.359534,-0.868999987,10.42799984,
5.380195,-0.858000009,10.29600011,
5.400362,-0.866000025,10.3920003,
5.420931,-0.863000004,10.35600005,
5.441293,-0.877000003,10.52400003,
5.465643,-0.927000015,11.12400018,
5.486557,-0.947999983,11.37599979,
5.506818,-0.929999976,11.15999971,
5.527502,-0.92200002,11.06400023,
5.547877,-0.919999986,11.03999983,
5.568806,-0.905,10.86,
5.588927,-0.897999971,10.77599965,
5.610042,-0.906999974,10.88399969,
5.630035,-0.897999971,10.77599965,
5.654358,-0.87799999,10.53599988,
5.675021,-0.906999974,10.88399969,
5.695672,-0.926000028,11.11200033,
5.715966,-0.955000012,11.46000014,
5.736479,-1.005000024,12.06000029,
5.756989,-1.011999993,12.14399992,
5.777225,-0.992000012,11.90400015,
5.798097,-0.993,11.91599999,
5.81811,-1.011000006,12.13200007,
5.843001,-0.994999974,11.93999969,
5.863348,-0.988999991,11.8679999,
5.883611,-0.977000027,11.72400032,
5.904613,-0.960000007,11.52000009,
5.925031,-0.946999996,11.36399995,
5.945123,-0.943999975,11.3279997,
5.965938,-0.926000028,11.11200033,
5.986263,-0.946999996,11.36399995,
6.01158,-0.97599998,11.71199976,
6.030953,-0.971999972,11.66399966,
6.051937,-0.943999975,11.3279997,
6.072311,-0.934999971,11.21999966,
6.092399,-0.904000013,10.84800015,
6.113069,-0.866000025,10.3920003,
6.134069,-0.854000001,10.24800001,
6.154822,-0.809999971,9.719999657,
6.174533,-0.772999971,9.275999651,
6.198948,-0.734999983,8.8199998,
6.21938,-0.701000004,8.412000046,
6.239886,-0.669999986,8.039999828,
6.260443,-0.642999976,7.715999708,
6.28091,-0.625000029,7.500000343,
6.301464,-0.618,7.415999994,
6.321927,-0.622000008,7.464000092,
6.342503,-0.641000001,7.692000017,
6.362995,-0.678999989,8.147999868,
6.387418,-0.730999975,8.771999702,
6.40779,-0.788000016,9.456000195,
6.428463,-0.849999993,10.19999991,
6.448771,-0.923999994,11.08799993,
6.469269,-0.998999982,11.98799978,
6.48982,-1.059000044,12.70800053,
6.51029,-1.117000012,13.40400015,
6.53082,-1.17199996,14.06399952,
6.551259,-1.222999959,14.67599951,
6.575772,-1.273000031,15.27600037,
6.596196,-1.309000044,15.70800053,
6.616776,-1.345999985,16.15199982,
6.63802,-1.378999977,16.54799973,
6.657656,-1.406000047,16.87200056,
6.678664,-1.432999997,17.19599997,
6.699276,-1.477999954,17.73599945,
6.719418,-1.513999968,18.16799961,
6.740222,-1.536000042,18.4320005,
6.764118,-1.551999955,18.62399946,
6.784929,-1.564000039,18.76800047,
6.805513,-1.572999983,18.87599979,
6.825635,-1.58400002,19.00800024,
6.846751,-1.595000057,19.14000069,
6.86687,-1.605000048,19.26000057,
6.88709,-1.615000038,19.38000046,
6.907984,-1.623000054,19.47600065,
6.932517,-1.623000054,19.47600065,
6.952718,-1.628999977,19.54799973,
6.973527,-1.635000019,19.62000023,
6.993876,-1.638999968,19.66799961,
7.014066,-1.643000035,19.71600042,
7.035489,-1.643999963,19.72799955,
7.055193,-1.64500001,19.74000011,
7.075906,-1.648999958,19.7879995,
7.096067,-1.653999953,19.84799944,
7.120953,-1.658999949,19.90799938,
7.14144,-1.663000016,19.95600019,
7.162564,-1.66499999,19.97999989,
7.182103,-1.668000011,20.01600014,
7.202847,-1.673000007,20.07600008,
7.223686,-1.676999955,20.12399946,
7.243472,-1.68199995,20.1839994,
7.264517,-1.682999997,20.19599997,
7.28844,-1.684000044,20.20800053,
7.309258,-1.679000049,20.14800058,
7.32964,-1.679999976,20.15999971,
7.352687,-1.676999955,20.12399946,
7.372465,-1.674999981,20.09999977,
7.39104,-1.674000053,20.08800064,
7.411734,-1.673000007,20.07600008,
7.432387,-1.669999986,20.03999983,
7.452521,-1.669999986,20.03999983,
7.477456,-1.666000037,19.99200045,
7.497982,-1.658999949,19.90799938,
7.520831,-1.646999984,19.76399981,
7.540034,-1.643000035,19.71600042,
7.558803,-1.63800004,19.65600048,
7.580168,-1.635000019,19.62000023,
7.600443,-1.633000045,19.59600054,
7.620331,-1.633999972,19.60799967,
7.641353,-1.635000019,19.62000023,
7.665887,-1.630999951,19.57199942,
7.685958,-1.628999977,19.54799973,
7.706791,-1.627000003,19.52400003,
7.727194,-1.623999982,19.48799978,
7.747273,-1.620999961,19.45199953,
7.768179,-1.620999961,19.45199953,
7.788186,-1.618999987,19.42799984,
7.809083,-1.615999966,19.39199959,
7.833731,-1.604000001,19.24800001,
7.853723,-1.604000001,19.24800001,
7.874439,-1.602999954,19.23599945,
7.894993,-1.602000027,19.22400032,
7.915062,-1.600000052,19.20000063,
7.936011,-1.599000006,19.18800007,
7.956446,-1.597999959,19.17599951,
7.976576,-1.597999959,19.17599951,
7.997555,-1.597000031,19.16400038,
8.022095,-1.59400001,19.12800013,
8.042046,-1.592999964,19.11599957,
8.063039,-1.59099999,19.09199987,
8.082927,-1.59099999,19.09199987,
8.103991,-1.587000041,19.04400049,
8.124456,-1.589000015,19.06800018,
8.144332,-1.592000036,19.10400043,
8.165341,-1.592000036,19.10400043,
8.186318,-1.592999964,19.11599957,
8.210039,-1.587000041,19.04400049,
8.230749,-1.582999973,18.99599968,
8.251291,-1.582999973,18.99599968,
8.272004,-1.579999952,18.95999943,
8.292278,-1.577999978,18.93599974,
8.313089,-1.442999988,17.31599985,
8.333066,-1.319999962,15.83999954,
8.355386,-1.21599999,14.59199987,
8.375253,-1.123999982,13.48799978,
8.398322,-1.03999999,12.47999989,
8.418859,-0.968000023,11.61600028,
8.439361,-0.909000008,10.9080001,
8.459867,-0.857000022,10.28400026,
8.480228,-0.817,9.804000006,
8.50084,-0.784999995,9.419999943,
8.52293,-0.774000018,9.288000212,
8.543966,-0.806000023,9.672000275,
8.567027,-0.815000026,9.780000315,
8.586702,-0.78999999,9.479999886,
8.607127,-0.765000014,9.180000172,
8.627745,-0.752000003,9.024000034,
8.648146,-0.724000006,8.688000069,
8.668654,-0.696999996,8.363999949,
8.689074,-0.677000015,8.124000177,
8.709591,-0.655999987,7.871999846,
8.73023,-0.633999972,7.607999668,
8.75455,-0.609999983,7.3199998,
8.775126,-0.586999981,7.043999777,
8.795651,-0.568999975,6.827999697,
8.816198,-0.549999981,6.599999771,
8.836593,-0.535999982,6.431999788,
8.856985,-0.52000001,6.240000114,
8.877577,-0.506000011,6.072000132,
8.897926,-0.493,5.915999994,
8.91845,-0.481999992,5.783999906,
8.94317,-0.47600001,5.712000117,
8.963669,-0.472000002,5.66400002,
8.98406,-0.467999994,5.615999923,
9.004501,-0.465000002,5.580000029,
9.024991,-0.462999998,5.55599998,
9.045514,-0.460999994,5.531999931,
9.065763,-0.460999994,5.531999931,
9.08647,-0.460999994,5.531999931,
9.110947,-0.45899999,5.507999883,
9.131405,-0.45899999,5.507999883,
9.151969,-0.458000003,5.496000037,
9.172349,-0.458000003,5.496000037,
9.192915,-0.458000003,5.496000037,
9.21344,-0.463999985,5.567999825,
9.233862,-0.472000002,5.66400002,
9.254401,-0.481000005,5.77200006,
9.274896,-0.488000004,5.856000051,
9.299585,-0.493,5.915999994,
9.319915,-0.500999986,6.011999831,
9.340482,-0.511999993,6.14399992,
9.363087,-0.518000005,6.216000066,
9.383453,-0.525000005,6.300000057,
9.40215,-0.531999974,6.383999691,
9.422084,-0.539000003,6.46800004,
9.44263,-0.544999986,6.539999828,
9.463545,-0.551000028,6.612000332,
9.487735,-0.563999979,6.767999754,
9.5083,-0.580999999,6.971999989,
9.528824,-0.613999991,7.367999897,
9.549726,-0.658000021,7.896000252,
9.569946,-0.691000013,8.29200016,
9.590179,-0.761000006,9.132000074,
9.610583,-0.830999999,9.971999989,
9.631106,-0.857000022,10.28400026,
9.651524,-0.866000025,10.3920003,
9.676245,-0.892999976,10.71599971,
9.696847,-0.92200002,11.06400023,
9.717142,-0.945000021,11.34000026,
9.737554,-0.983000009,11.79600011,
9.758477,-1.006000011,12.07200013,
9.77944,-1.036999969,12.44399963,
9.799049,-1.041000037,12.49200045,
9.819579,-1.053000002,12.63600002,
9.844091,-1.04699996,12.56399952,
9.86466,-1.061000018,12.73200022,
9.885243,-1.087000041,13.04400049,
9.905767,-1.069000034,12.82800041,
9.926177,-1.036000042,12.4320005,
9.946606,-1.02000001,12.24000011,
9.967056,-0.996000021,11.95200025,
9.987604,-0.96900001,11.62800013,
10.00815,-0.937999992,11.25599991,
10.04067,-0.909999995,10.91999994,
10.06626,-0.881999998,10.58399998,
10.07349,-0.857000022,10.28400026,
10.09404,-0.835999994,10.03199993,
10.11445,-0.813999979,9.767999754,
10.13488,-0.79700002,9.564000235,
10.15587,-0.776999979,9.323999748,
10.17635,-0.760000019,9.120000229,
10.19652,-0.748999982,8.987999783,
10.22095,-0.738000004,8.856000051,
10.24212,-0.730999975,8.771999702,
10.26247,-0.724000006,8.688000069,
10.28319,-0.716999977,8.60399972,
10.30314,-0.710999994,8.531999931,
10.32337,-0.704000025,8.448000298,
10.34378,-0.702999978,8.435999737,
10.3644,-0.702999978,8.435999737,
10.38473,-0.70900002,8.50800024,
10.4096,-0.733000009,8.796000109,
10.42992,-0.766000001,9.192000017,
10.45027,-0.830000012,9.960000143,
10.47085,-0.905999987,10.87199985,
10.49153,-0.991000025,11.8920003,
10.51195,-1.071000009,12.8520001,
10.53231,-1.135999947,13.63199936,
10.55298,-1.196000009,14.3520001,
10.57727,-1.260000019,15.12000023,
10.59953,-1.317999988,15.81599985,
10.61904,-1.367000012,16.40400015,
10.63879,-1.416000037,16.99200045,
10.65919,-1.464000015,17.56800018,
10.67982,-1.505999951,18.07199942,
10.70027,-1.533000021,18.39600025,
10.72104,-1.536000042,18.4320005,
10.74113,-1.515000014,18.18000017,
10.76566,-1.475000052,17.70000063,
10.78624,-1.426000028,17.11200033,
10.80661,-1.372000008,16.46400009,
10.8272,-1.317999988,15.81599985,
10.84762,-1.26300004,15.15600048,
10.86805,-1.212000041,14.54400049,
10.88898,-1.163000016,13.95600019,
10.91009,-1.127000003,13.52400003,
10.92967,-1.09400001,13.12800013,
10.95412,-1.067999988,12.81599985,
10.97463,-1.051000028,12.61200033,
10.9951,-1.044999986,12.53999983,
11.01559,-1.054999976,12.65999971,
11.03619,-1.084999948,13.01999937,
11.05648,-1.146999984,13.76399981,
11.07688,-1.222999959,14.67599951,
11.09742,-1.298000007,15.57600008,
11.12219,-1.365000038,16.38000046,
11.14273,-1.429000049,17.14800058,
11.16314,-1.482000022,17.78400026,
11.18348,-1.534999995,18.41999994,
11.20397,-1.579999952,18.95999943,
11.22442,-1.620999961,19.45199953,
11.24489,-1.658000021,19.89600025,
11.26528,-1.687999992,20.25599991,
11.28597,-1.714999943,20.57999931,
11.3104,-1.73599997,20.83199965,
11.33095,-1.755999951,21.07199942,
11.35157,-1.776000051,21.31200062,
11.37202,-1.793000011,21.51600014,
11.39284,-1.807999997,21.69599997,
11.41292,-1.821000009,21.8520001,
11.43378,-1.829999952,21.95999943,
11.45395,-1.839000015,22.06800018,
11.4746,-1.849000006,22.18800007,
11.49924,-1.854000001,22.24800001,
11.51984,-1.858999996,22.30799995,
11.53991,-1.865000038,22.38000046,
11.56083,-1.870999961,22.45199953,
11.58101,-1.875000029,22.50000034,
11.60114,-1.875000029,22.50000034,
11.6223,-1.877000003,22.52400003,
11.64218,-1.877000003,22.52400003,
11.66717,-1.87800005,22.5360006,
11.6878,-1.87800005,22.5360006,
11.70778,-1.875999956,22.51199947,
11.72868,-1.875000029,22.50000034,
11.74877,-1.873000054,22.47600065,
11.76968,-1.872000008,22.46400009,
11.79005,-1.872000008,22.46400009,
11.81006,-1.873000054,22.47600065,
11.83121,-1.873999982,22.48799978,
11.85579,-1.873000054,22.47600065,
11.87648,-1.880000024,22.56000029,
11.89691,-1.753999977,21.04799973,
11.91663,-1.635999947,19.63199936,
11.93714,-1.534999995,18.41999994,
11.9575,-1.447000055,17.36400066,
11.97827,-1.370000033,16.4400004,
11.99853,-1.304999976,15.65999971,
12.01916,-1.250999956,15.01199947,
12.04588,-1.212000041,14.54400049,
12.06556,-1.194000034,14.32800041,
12.08473,-1.18199995,14.1839994,
12.10501,-1.166999965,14.00399958,
12.1256,-1.189999967,14.2799996,
12.14594,-1.232999949,14.79599939,
12.16648,-1.237000017,14.84400021,
12.18708,-1.21900001,14.62800013,
12.2115,-1.230000048,14.76000057,
12.23206,-1.22599998,14.71199976,
12.25263,-1.209999948,14.51999937,
12.27303,-1.21599999,14.59199987,
12.29374,-1.220999985,14.65199982,
12.31403,-1.207999973,14.49599968,
12.33444,-1.191999941,14.30399929,
12.35505,-1.199999957,14.39999949,
12.37769,-1.184000044,14.20800053,
12.40146,-1.189999967,14.2799996,
12.42122,-1.250000029,15.00000034,
12.44088,-1.278000026,15.33600031,
12.46177,-1.263999968,15.16799961,
12.48241,-1.27000001,15.24000011,
12.50243,-1.28999999,15.47999989,
12.5234,-1.268999963,15.22799955,
12.54355,-1.248999982,14.98799978,
12.56425,-1.261999993,15.14399992,
12.58863,-1.271999984,15.26399981,
12.60939,-1.314000039,15.76800047,
12.62926,-1.360000043,16.32000051,
12.65023,-1.409999995,16.91999994,
12.67099,-1.44900003,17.38800035,
12.6907,-1.485000043,17.82000051,
12.71174,-1.513999968,18.16799961,
12.73172,-1.536999969,18.44399963,
12.75663,-1.559000044,18.70800053,
12.77673,-1.580999999,18.97199999,
12.79767,-1.604000001,19.24800001,
12.81844,-1.622000008,19.46400009,
12.83845,-1.63800004,19.65600048,
12.85943,-1.653000026,19.83600031,
12.87994,-1.66499999,19.97999989,
12.89986,-1.676000028,20.11200033,
12.92091,-1.686000018,20.23200022,
12.94534,-1.689999967,20.2799996,
12.96565,-1.697000055,20.36400066,
12.98588,-1.704999952,20.45999943,
13.00605,-1.681000023,20.17200027,
13.02713,-1.69900003,20.38800035,
13.0477,-1.707000046,20.48400055,
13.06753,-1.714999943,20.57999931,
13.08846,-1.717999964,20.61599957,
13.10945,-1.722999959,20.67599951,
13.13324,-1.722000031,20.66400038,
13.15408,-1.724000006,20.68800007,
13.17448,-1.727000027,20.72400032,
13.1945,-1.727999954,20.73599945,
13.21557,-1.727999954,20.73599945,
13.23604,-1.730999975,20.7719997,
13.25599,-1.729000001,20.74800001,
13.27685,-1.729000001,20.74800001,
13.30141,-1.730000048,20.76000057,
13.32145,-1.729000001,20.74800001,
13.34262,-1.730999975,20.7719997,
13.36242,-1.729000001,20.74800001,
13.3833,-1.727999954,20.73599945,
13.40413,-1.729000001,20.74800001,
13.42391,-1.727000027,20.72400032,
13.44495,-1.725000052,20.70000063,
13.46527,-1.722000031,20.66400038,
13.48951,-1.714999943,20.57999931,
13.51044,-1.710999994,20.53199993,
13.53088,-1.707999973,20.49599968,
13.55109,-1.704000025,20.4480003,
13.57256,-1.701000004,20.41200005,
13.59195,-1.697999983,20.37599979,
13.61267,-1.697999983,20.37599979,
13.63295,-1.699999957,20.39999949,
13.6537,-1.69900003,20.38800035,
13.6783,-1.69900003,20.38800035,
13.69878,-1.696000009,20.3520001,
13.71905,-1.694999962,20.33999954,
13.73988,-1.694000034,20.32800041,
13.76032,-1.691000013,20.29200016,
13.78027,-1.691000013,20.29200016,
13.80134,-1.689000039,20.26800047,
13.82132,-1.682999997,20.19599997,
13.84625,-1.679999976,20.15999971,
13.86714,-1.679000049,20.14800058,
13.887,-1.676000028,20.11200033,
13.90776,-1.674999981,20.09999977,
13.92828,-1.676000028,20.11200033,
13.94823,-1.676999955,20.12399946,
13.96936,-1.674999981,20.09999977,
13.98992,-1.674000053,20.08800064,
14.00977,-1.674999981,20.09999977,
14.03479,-1.669999986,20.03999983,
14.05546,-1.66499999,19.97999989,
14.07599,-1.661000042,19.9320005,
14.0958,-1.658000021,19.89600025,
14.11626,-1.656000047,19.87200056,
14.1367,-1.651000051,19.81200062,
14.1572,-1.648000031,19.77600037,
14.17783,-1.646999984,19.76399981,
14.1984,-1.646000056,19.75200068,
14.22401,-1.640000014,19.68000017,
14.24331,-1.63800004,19.65600048,
14.26374,-1.635000019,19.62000023,
14.28432,-1.631999998,19.58399998,
14.30468,-1.627000003,19.52400003,
14.3251,-1.625000029,19.50000034,
14.34558,-1.623000054,19.47600065,
14.36612,-1.623000054,19.47600065,
14.39069,-1.615999966,19.39199959,
14.41121,-1.612999945,19.35599934,
14.43172,-1.61099997,19.33199965,
14.4522,-1.610000043,19.32000051,
14.47272,-1.61099997,19.33199965,
14.49325,-1.61099997,19.33199965,
14.51375,-1.612999945,19.35599934,
14.53408,-1.612999945,19.35599934,
14.55506,-1.613999991,19.3679999,
14.58227,-1.605000048,19.26000057,
14.60144,-1.487000017,17.84400021,
14.62111,-1.37800005,16.5360006,
14.64139,-1.278999953,15.34799944,
14.66148,-1.191000013,14.29200016,
14.68219,-1.112999945,13.35599934,
14.70249,-1.044999986,12.53999983,
14.72295,-0.987000017,11.84400021,
14.74333,-0.942,11.30400001,
14.76776,-0.909999995,10.91999994,
14.78871,-0.900000005,10.80000006,
14.80904,-0.908000021,10.89600025,
14.82961,-0.938999979,11.26799975,
14.84984,-0.992000012,11.90400015,
14.87095,-1.066000013,12.79200016,
14.8909,-1.133000045,13.59600054,
14.91131,-1.186000018,14.23200022,
14.93172,-1.233999996,14.80799995,
14.95607,-1.283000021,15.39600025,
14.9766,-1.321000009,15.8520001,
14.99716,-1.354000001,16.24800001,
15.01764,-1.393000035,16.71600042,
15.03801,-1.434000044,17.20800053,
15.05873,-1.46599999,17.59199987,
15.07982,-1.487000017,17.84400021,
15.09955,-1.508999972,18.10799967,
15.12436,-1.538000016,18.45600019,
15.14472,-1.551999955,18.62399946,
15.16503,-1.569999962,18.83999954,
15.18604,-1.589999943,19.07999931,
15.20618,-1.62800005,19.5360006,
15.22657,-1.640000014,19.68000017,
15.24731,-1.641999989,19.70399986,
15.26798,-1.64500001,19.74000011,
15.2878,-1.646000056,19.75200068,
15.31349,-1.641999989,19.70399986,
15.33309,-1.641999989,19.70399986,
15.35378,-1.646999984,19.76399981,
15.37382,-1.648000031,19.77600037,
15.39492,-1.650000005,19.80000006,
15.41524,-1.653999953,19.84799944,
15.43556,-1.656999974,19.88399969,
15.45611,-1.659999995,19.91999994,
15.48067,-1.659999995,19.91999994,
15.50121,-1.658999949,19.90799938,
15.5213,-1.659999995,19.91999994,
15.54208,-1.661000042,19.9320005,
15.56248,-1.658999949,19.90799938,
15.583,-1.661999969,19.94399963,
15.60328,-1.661999969,19.94399963,
15.62422,-1.659999995,19.91999994,
15.64453,-1.658999949,19.90799938,
15.66856,-1.658000021,19.89600025,
15.68975,-1.653000026,19.83600031,
15.71013,-1.653999953,19.84799944,
15.731,-1.655,19.86,
15.75177,-1.523000031,18.27600037,
15.77098,-1.403000026,16.83600031,
15.79141,-1.294000058,15.5280007,
15.81194,-1.202000051,14.42400061,
15.83241,-1.122000008,13.46400009,
15.8571,-1.053000002,12.63600002,
15.87742,-0.997000008,11.96400009,
15.89802,-0.951999991,11.42399989,
15.91849,-0.915999978,10.99199973,
15.93893,-0.900000005,10.80000006,
15.95947,-0.901999979,10.82399975,
15.97984,-0.928000002,11.13600002,
16.00028,-0.974000006,11.68800007,
16.02085,-1.034999995,12.41999994,
16.04523,-1.09400001,13.12800013,
16.06583,-1.146999984,13.76399981,
16.08633,-1.187999992,14.25599991,
16.10687,-1.225000052,14.70000063,
16.12732,-1.26300004,15.15600048,
16.14774,-1.298000007,15.57600008,
16.16829,-1.327000051,15.92400061,
16.18885,-1.355999975,16.2719997,
16.21311,-1.378999977,16.54799973,
16.2342,-1.393999963,16.72799955,
16.25416,-1.416000037,16.99200045,
16.27529,-1.449999957,17.39999949,
16.29562,-1.477999954,17.73599945,
16.31574,-1.503999977,18.04799973,
16.33675,-1.543000011,18.51600014,
16.35728,-1.559000044,18.70800053,
16.37733,-1.566999941,18.80399929,
16.40261,-1.571000009,18.8520001,
16.42261,-1.57400003,18.88800035,
16.44352,-1.574999957,18.89999949,
16.46388,-1.577999978,18.93599974,
16.48377,-1.580999999,18.97199999,
16.50462,-1.582000046,18.98400055,
16.52468,-1.585999994,19.03199993,
16.54566,-1.589000015,19.06800018,
16.56622,-1.59400001,19.12800013,
16.59066,-1.592000036,19.10400043,
16.61057,-1.592999964,19.11599957,
16.63173,-1.592000036,19.10400043,
16.65205,-1.595000057,19.14000069,
16.6722,-1.595000057,19.14000069,
16.69321,-1.597000031,19.16400038,
16.71313,-1.599000006,19.18800007,
16.7342,-1.599000006,19.18800007,
16.75872,-1.597000031,19.16400038,
16.77855,-1.595999985,19.15199982,
16.79959,-1.595000057,19.14000069,
16.82006,-1.59400001,19.12800013,
16.84016,-1.595999985,19.15199982,
16.86112,-1.595999985,19.15199982,
16.88118,-1.597999959,19.17599951,
16.9021,-1.597999959,19.17599951,
16.92252,-1.597999959,19.17599951,
16.94726,-1.595000057,19.14000069,
16.96719,-1.592999964,19.11599957,
16.98762,-1.592999964,19.11599957,
17.00889,-1.589999943,19.07999931,
17.02917,-1.587999969,19.05599962,
17.04908,-1.589999943,19.07999931,
17.07055,-1.467000036,17.60400043,
17.09082,-1.357000022,16.28400026,
17.11466,-1.256999998,15.08399998,
17.13501,-1.166999965,14.00399958,
17.15547,-1.087999969,13.05599962,
17.17604,-1.016000001,12.19200002,
17.1968,-0.955999999,11.47199999,
17.2172,-0.906999974,10.88399969,
17.23789,-0.868,10.41599999,
17.25819,-0.844999998,10.13999997,
17.27853,-0.84099999,10.09199987,
17.30321,-0.855999975,10.2719997,
17.32432,-0.862000017,10.34400021,
17.34397,-0.867000012,10.40400015,
17.36449,-0.85099998,10.21199976,
17.3852,-0.821000009,9.852000103,
17.40556,-0.78999999,9.479999886,
17.42607,-0.757999985,9.095999823,
17.44638,-0.727000027,8.72400032,
17.46684,-0.700000017,8.4000002,
17.49147,-0.674999981,8.099999771,
17.513,-0.655999987,7.871999846,
17.5325,-0.636000006,7.632000074,
17.553,-0.619999974,7.439999685,
17.57356,-0.604000001,7.248000011,
17.59389,-0.591999977,7.10399972,
17.61433,-0.581999986,6.983999834,
17.63481,-0.57400003,6.888000355,
17.65528,-0.567,6.804000006,
17.67979,-0.557999997,6.695999966,
17.70034,-0.552000015,6.624000177,
17.72078,-0.545999973,6.551999674,
17.74164,-0.53999999,6.479999886,
17.76173,-0.538000016,6.456000195,
17.7822,-0.537000029,6.444000349,
17.80323,-0.534999995,6.419999943,
17.8238,-0.533000021,6.396000252,
17.84788,-0.530999987,6.371999846,
17.86821,-0.53,6.36,
17.88881,-0.530999987,6.371999846,
17.9094,-0.535999982,6.431999788,
17.92973,-0.544999986,6.539999828,
17.95074,-0.559999971,6.719999657,
17.97174,-0.567999988,6.815999851,
17.9913,-0.571000009,6.852000103,
18.01167,-0.571000009,6.852000103,
18.03624,-0.570000021,6.840000257,
18.05675,-0.568999975,6.827999697,
18.07729,-0.568999975,6.827999697,
18.09759,-0.568999975,6.827999697,
18.11805,-0.567,6.804000006,
18.13869,-0.566000013,6.79200016,
18.1593,-0.566000013,6.79200016,
18.17967,-0.566000013,6.79200016,
18.20014,-0.566000013,6.79200016,
18.22452,-0.567999988,6.815999851,
18.24508,-0.568999975,6.827999697,
18.2657,-0.570000021,6.840000257,
18.28597,-0.570000021,6.840000257,
18.30643,-0.571000009,6.852000103,
18.32715,-0.572999983,6.875999794,
18.34747,-0.576000004,6.912000046,
18.36803,-0.577999978,6.935999737,
18.39249,-0.576999991,6.923999891,
18.41301,-0.576999991,6.923999891,
18.43343,-0.580000012,6.960000143,
18.45392,-0.582999973,6.99599968,
18.47455,-0.585999994,7.031999931,
18.49516,-0.588000028,7.056000338,
18.51551,-0.591999977,7.10399972,
18.53597,-0.59400001,7.128000126,
18.55644,-0.596999972,7.163999662,
18.58121,-0.598000019,7.176000223,
18.60147,-0.599000006,7.188000069,
18.6226,-0.602000027,7.22400032,
18.64322,-0.604999988,7.259999857,
18.66283,-0.607000022,7.284000263,
18.68349,-0.608000009,7.296000109,
18.70384,-0.609999983,7.3199998,
18.7243,-0.613999991,7.367999897,
18.74487,-0.622999995,7.475999937,
18.76943,-0.645999997,7.75199996,
18.78998,-0.67200002,8.064000235,
18.81036,-0.710000007,8.520000086,
18.83071,-0.766999989,9.203999863,
18.85132,-0.84400001,10.12800013,
18.87171,-0.945000021,11.34000026,
18.89224,-1.033999949,12.40799938,
18.91279,-1.115000038,13.38000046,
18.93327,-1.204999952,14.45999943,
18.95767,-1.263999968,15.16799961,
18.97833,-1.314999967,15.7799996,
18.99885,-1.36099997,16.33199965,
19.0191,-1.401999979,16.82399975,
19.03958,-1.437999992,17.25599991,
19.06031,-1.46900001,17.62800013,
19.08077,-1.498000054,17.97600065,
19.10126,-1.525000005,18.30000006,
19.12617,-1.54699996,18.56399952,
19.14608,-1.566000013,18.79200016,
19.16696,-1.582999973,18.99599968,
19.18744,-1.599000006,19.18800007,
19.2077,-1.612000017,19.34400021,
19.22853,-1.625999956,19.51199947,
19.24908,-1.638999968,19.66799961,
19.26914,-1.651000051,19.81200062,
19.29024,-1.658999949,19.90799938,
19.31424,-1.663999944,19.96799932,
19.33506,-1.669000058,20.0280007,
19.35509,-1.674000053,20.08800064,
19.37605,-1.676999955,20.12399946,
19.39984,-1.676999955,20.12399946,
19.41967,-1.679999976,20.15999971,
19.44866,-1.673000007,20.07600008,
19.45795,-1.676000028,20.11200033,
19.47802,-1.679000049,20.14800058,
19.50288,-1.679000049,20.14800058,
19.5234,-1.679000049,20.14800058,
19.5435,-1.679000049,20.14800058,
19.56452,-1.679999976,20.15999971,
19.58502,-1.681000023,20.17200027,
19.60521,-1.679999976,20.15999971,
19.62578,-1.676999955,20.12399946,
19.64603,-1.676999955,20.12399946,
19.67119,-1.67199996,20.06399952,
19.69138,-1.671000032,20.05200039,
19.71221,-1.668000011,20.01600014,
19.73257,-1.666000037,19.99200045,
19.7533,-1.54699996,18.56399952,
19.77296,-1.442999988,17.31599985,
19.79344,-1.345000057,16.14000069,
19.81396,-1.258999972,15.10799967,
19.83451,-1.18199995,14.1839994,
19.85883,-1.115000038,13.38000046,
19.8794,-1.059000044,12.70800053,
19.89993,-1.015000014,12.18000017,
19.92039,-0.992000012,11.90400015,
19.94091,-0.98599997,11.83199965,
19.96135,-1.005000024,12.06000029,
19.9817,-1.051999955,12.62399946,
20.00216,-1.120000033,13.4400004,
20.02283,-1.189000039,14.26800047,
20.04732,-1.248999982,14.98799978,
20.06789,-1.298000007,15.57600008,
20.08839,-1.34400001,16.12800013,
20.10933,-1.386999993,16.64399992,
20.12914,-1.413000016,16.95600019,
20.14975,-1.447999983,17.37599979,
20.17015,-1.482000022,17.78400026,
20.19074,-1.506999998,18.08399998,
20.21533,-1.523000031,18.27600037,
20.23609,-1.544000058,18.5280007,
20.25684,-1.564999967,18.7799996,
20.27703,-1.574999957,18.89999949,
20.29757,-1.592000036,19.10400043,
20.31756,-1.618999987,19.42799984,
20.33861,-1.653999953,19.84799944,
20.35891,-1.681000023,20.17200027,
20.3791,-1.689000039,20.26800047,
20.40408,-1.689999967,20.2799996,
20.42412,-1.694000034,20.32800041,
20.44581,-1.696000009,20.3520001,
20.46578,-1.701000004,20.41200005,
20.48555,-1.702999978,20.43599974,
20.50641,-1.707999973,20.49599968,
20.52685,-1.712000041,20.54400049,
20.54708,-1.712999969,20.55599962,
20.56808,-1.71599999,20.59199987,
20.59246,-1.712999969,20.55599962,
20.61322,-1.71599999,20.59199987,
20.63342,-1.71599999,20.59199987,
20.65437,-1.587999969,19.05599962,
20.67409,-1.472000031,17.66400038,
20.69442,-1.368999987,16.42799984,
20.71499,-1.28,15.36,
20.73538,-1.202999978,14.43599974,
20.76014,-1.135000019,13.62000023,
20.78059,-1.079999952,12.95999943,
20.80136,-1.034999995,12.41999994,
20.82251,-0.987000017,11.84400021,
20.84204,-0.942,11.30400001,
20.86259,-0.903000026,10.83600031,
20.88303,-0.863000004,10.35600005,
20.90341,-0.827999978,9.935999737,
20.92391,-0.794999986,9.539999828,
20.94889,-0.765000014,9.180000172,
20.96962,-0.73599997,8.831999645,
20.98951,-0.71599999,8.591999874,
21.00977,-0.695000021,8.340000257,
21.0303,-0.678000002,8.136000023,
21.05073,-0.664000003,7.96800004,
21.07138,-0.654000013,7.848000154,
21.09185,-0.649000018,7.788000212,
21.11215,-0.658000021,7.896000252,
21.13676,-0.678000002,8.136000023,
21.15757,-0.715000002,8.580000029,
21.17879,-0.775000005,9.300000057,
21.19928,-0.821000009,9.852000103,
21.2188,-0.84099999,10.09199987,
21.23928,-0.841999977,10.10399972,
21.25968,-0.82400003,9.888000355,
21.28056,-0.802000015,9.624000177,
21.30529,-0.78,9.36,
21.32607,-0.757999985,9.095999823,
21.34583,-0.739999979,8.879999743,
21.36608,-0.727000027,8.72400032,
21.38654,-0.714000015,8.568000183,
21.40717,-0.710000007,8.520000086,
21.42756,-0.707999973,8.49599968,
21.44814,-0.710999994,8.531999931,
21.46852,-0.719999998,8.639999971,
21.493,-0.751000016,9.012000189,
21.51365,-0.785999982,9.431999788,
21.53413,-0.83400002,10.00800024,
21.55449,-0.910999982,10.93199979,
21.5751,-0.998999982,11.98799978,
21.59556,-1.074999957,12.89999949,
21.61598,-1.143000035,13.71600042,
21.63633,-1.207000046,14.48400055,
21.65693,-1.260999947,15.13199936,
21.68144,-1.307999997,15.69599997,
21.70199,-1.355000048,16.26000057,
21.72261,-1.400000005,16.80000006,
21.74298,-1.436000018,17.23200022,
21.76336,-1.470000057,17.64000069,
21.78402,-1.502000003,18.02400003,
21.80474,-1.528999953,18.34799944,
21.82503,-1.546000032,18.55200039,
21.84583,-1.569999962,18.83999954,
21.87044,-1.595000057,19.14000069,
21.89061,-1.615000038,19.38000046,
21.91145,-1.658999949,19.90799938,
21.93206,-1.684999971,20.21999966,
21.95255,-1.580999999,18.97199999,
21.9727,-1.487999945,17.85599934,
21.99287,-1.401999979,16.82399975,
22.01323,-1.327999978,15.93599974,
22.0379,-1.258000045,15.09600054,
22.05831,-1.197999983,14.37599979,
22.07896,-1.151000051,13.81200062,
22.09933,-1.118000059,13.41600071,
22.11981,-1.102000027,13.22400032,
22.1403,-1.117000012,13.40400015,
22.16078,-1.158999949,13.90799938,
22.18115,-1.212000041,14.54400049,
22.20205,-1.278999953,15.34799944,
22.22628,-1.335999994,16.03199993,
22.24688,-1.386999993,16.64399992,
22.26721,-1.426999955,17.12399946,
22.28778,-1.467000036,17.60400043,
22.30836,-1.502000003,18.02400003,
22.32865,-1.531000047,18.37200056,
22.34944,-1.564999967,18.7799996,
22.37099,-1.597999959,19.17599951,
22.39093,-1.505000024,18.06000029,
22.41488,-1.416999965,17.00399958,
22.43507,-1.339000015,16.06800018,
22.45579,-1.273999958,15.2879995,
22.4761,-1.21599999,14.59199987,
22.49662,-1.169999986,14.03999983,
22.51716,-1.135999947,13.63199936,
22.53774,-1.115000038,13.38000046,
22.55814,-1.107000022,13.28400026,
22.58308,-1.115999966,13.39199959,
22.60394,-1.110000043,13.32000051,
22.62367,-1.09099999,13.09199987,
22.64406,-1.069999962,12.83999954,
22.6646,-1.046000032,12.55200039,
22.68493,-1.024000018,12.28800021,
22.70558,-1.002000003,12.02400003,
22.72633,-0.980999975,11.7719997,
22.74728,-0.961999981,11.54399978,
22.77119,-0.945000021,11.34000026,
22.792,-0.93200001,11.18400012,
22.81217,-0.920999973,11.05199967,
22.83247,-0.914000003,10.96800004,
22.85294,-0.910999982,10.93199979,
22.87349,-0.913000016,10.95600019,
22.89396,-0.927000015,11.12400018,
22.91448,-0.954000025,11.4480003,
22.93483,-1.00299999,12.03599988,
22.95943,-1.079000025,12.9480003,
22.98009,-1.158999949,13.90799938,
23.00051,-1.225000052,14.70000063,
23.02093,-1.283000021,15.39600025,
23.04129,-1.345999985,16.15199982,
23.06225,-1.400000005,16.80000006,
23.0824,-1.455999999,17.47199999,
23.10291,-1.508000045,18.09600054,
23.12778,-1.561999946,18.74399935,
23.14842,-1.623000054,19.47600065,
23.16832,-1.67199996,20.06399952,
23.18885,-1.712999969,20.55599962,
23.20922,-1.733999996,20.80799995,
23.2297,-1.750999956,21.01199947,
23.25029,-1.730999975,20.7719997,
23.27064,-1.691000013,20.29200016,
23.29123,-1.635999947,19.63199936,
23.31577,-1.572999983,18.87599979,
23.33617,-1.503999977,18.04799973,
23.35679,-1.441000013,17.29200016,
23.37724,-1.381999998,16.58399998,
23.39774,-1.327000051,15.92400061,
23.41816,-1.278000026,15.33600031,
23.43854,-1.237999945,14.85599934,
23.45909,-1.204000025,14.4480003,
23.47961,-1.17199996,14.06399952,
23.5042,-1.143999963,13.72799955,
23.52463,-1.120999961,13.45199953,
23.5454,-1.097000031,13.16400038,
23.56565,-1.076000004,12.91200005,
23.58612,-1.05699995,12.6839994,
23.60667,-1.041000037,12.49200045,
23.627,-1.026999979,12.32399975,
23.64743,-1.017999976,12.21599971,
23.672,-1.007999985,12.09599982,
23.69253,-1.000000029,12.00000034,
23.71319,-0.993,11.91599999,
23.73398,-0.987000017,11.84400021,
23.75474,-0.982000022,11.78400026,
23.77469,-0.979999988,11.75999986,
23.79488,-0.979999988,11.75999986,
23.81539,-0.983000009,11.79600011,
23.83592,-0.988999991,11.8679999,
23.86049,-0.996000021,11.95200025,
23.88098,-1.019000022,12.22800027,
23.90163,-1.054000049,12.64800058,
23.9222,-1.110000043,13.32000051,
23.94242,-1.189999967,14.2799996,
23.96286,-1.276999979,15.32399975,
23.98344,-1.357999949,16.29599939,
24.00382,-1.429999976,17.15999971,
24.02438,-1.490999966,17.89199959,
24.04891,-1.546000032,18.55200039,
24.06958,-1.597999959,19.17599951,
24.09007,-1.643000035,19.71600042,
24.11039,-1.684000044,20.20800053,
24.13103,-1.727000027,20.72400032,
24.15128,-1.765000014,21.18000017,
24.17188,-1.796000032,21.55200039,
24.19248,-1.827000051,21.92400061,
24.21732,-1.855999975,22.2719997,
24.23789,-1.878999977,22.54799973,
24.25802,-1.898999958,22.7879995,
24.27891,-1.919000058,23.0280007,
24.29871,-1.939000039,23.26800047,
24.31969,-1.959999948,23.51999937,
24.34028,-1.977000027,23.72400032,
24.36015,-2.013999968,24.16799961,
24.38126,-2.032000093,24.38400112,
24.40554,-2.039000063,24.46800076,
24.4267,-2.045000105,24.54000126,
24.44629,-2.053999929,24.64799915,
24.4666,-2.059999971,24.71999966,
24.48737,-2.062999992,24.75599991,
24.50775,-2.069999962,24.83999954,
24.52823,-2.060999899,24.73199879,
24.54948,-1.998999982,23.98799978,
24.56989,-1.944999962,23.33999954,
24.59442,-1.918000011,23.01600014,
24.61432,-1.923000007,23.07600008,
24.63463,-1.941000013,23.29200016,
24.65519,-1.957999973,23.49599968,
24.67559,-1.972000031,23.66400038,
24.69599,-1.985000043,23.82000051,
24.71642,-1.995999961,23.95199953,
24.7369,-2.006999998,24.08399998,
24.76175,-2.011999993,24.14399992,
24.78216,-2.02000001,24.24000011,
24.80268,-2.026999979,24.32399975,
24.82331,-2.033999949,24.40799938,
24.84452,-2.042000084,24.50400101,
24.86423,-2.049000053,24.58800064,
24.88445,-2.053999929,24.64799915,
24.90503,-2.053999929,24.64799915,
24.92557,-2.056000023,24.67200027,
24.95005,-2.005000024,24.06000029,
24.97073,-1.959999948,23.51999937,
24.9911,-1.898999958,22.7879995,
25.01145,-1.830999999,21.97199999,
25.03195,-1.760000019,21.12000023,
25.05257,-1.692999988,20.31599985,
25.07311,-1.627000003,19.52400003,
25.09396,-1.567999988,18.81599985,
25.11493,-1.513999968,18.16799961,
25.13867,-1.464000015,17.56800018,
25.15905,-1.418000011,17.01600014,
25.17965,-1.381999998,16.58399998,
25.20005,-1.354000001,16.24800001,
25.22046,-1.335999994,16.03199993,
25.24088,-1.324999957,15.89999949,
25.26169,-1.327999978,15.93599974,
25.28272,-1.327000051,15.92400061,
25.3023,-1.319000034,15.82800041,
25.32698,-1.303000002,15.63600002,
25.3474,-1.286999969,15.44399963,
25.36789,-1.268999963,15.22799955,
25.38839,-1.25300005,15.0360006,
25.40879,-1.240999966,14.89199959,
25.43019,-1.229000001,14.74800001,
25.44978,-1.220999985,14.65199982,
25.47021,-1.214999943,14.57999931,
25.49499,-1.207999973,14.49599968,
25.51544,-1.199999957,14.39999949,
25.53581,-1.194999962,14.33999954,
25.5563,-1.189999967,14.2799996,
25.57687,-1.186000018,14.23200022,
25.59736,-1.186999946,14.24399935,
25.61829,-1.191000013,14.29200016,
25.63906,-1.194999962,14.33999954,
25.65874,-1.197999983,14.37599979,
25.6833,-1.19900003,14.38800035,
25.70388,-1.204999952,14.45999943,
25.72422,-1.220000057,14.64000069,
25.7448,-1.238999991,14.8679999,
25.76528,-1.27000001,15.24000011,
25.78568,-1.316000013,15.79200016,
25.80651,-1.385999947,16.63199936,
25.82698,-1.472999959,17.67599951,
25.85119,-1.559999971,18.71999966,
25.87197,-1.638999968,19.66799961,
25.89232,-1.704999952,20.45999943,
25.91275,-1.765000014,21.18000017,
25.93363,-1.819000034,21.82800041,
25.95387,-1.863999991,22.3679999,
25.97406,-1.903999953,22.84799944,
25.99453,-1.944000034,23.32800041,
26.01507,-1.979000001,23.74800001,
26.03952,-2.011999993,24.14399992,
26.06009,-2.040999918,24.49199902,
26.08049,-2.062999992,24.75599991,
26.10109,-2.085999994,25.03199993,
26.12191,-2.106999903,25.28399883,
26.14193,-2.12100008,25.45200096,
26.16283,-2.126999884,25.5239986,
26.18336,-2.141000061,25.69200073,
26.20335,-2.155,25.86,
26.22848,-2.178999929,26.14799915,
26.24909,-2.197000055,26.36400066,
26.26896,-2.211999922,26.54399906,
26.28964,-2.213000088,26.55600105,
26.31005,-2.213000088,26.55600105,
26.33053,-2.214000015,26.56800018,
26.35076,-2.207999973,26.49599968,
26.37124,-2.168999939,26.02799927,
26.39575,-2.112000017,25.34400021,
26.41621,-2.042000084,24.50400101,
26.43702,-1.960999994,23.53199993,
26.45726,-1.885000019,22.62000023,
26.4777,-1.809999971,21.71999966,
26.49828,-1.743000059,20.91600071,
26.51875,-1.687999992,20.25599991,
26.53936,-1.640000014,19.68000017,
26.55967,-1.600000052,19.20000063,
26.58428,-1.559000044,18.70800053,
26.60484,-1.523999958,18.2879995,
26.62515,-1.492000012,17.90400015,
26.64581,-1.46599999,17.59199987,
26.66612,-1.446000009,17.3520001,
26.68656,-1.426999955,17.12399946,
26.70705,-1.411000042,16.9320005,
26.72751,-1.39500001,16.74000011,
26.74809,-1.380000024,16.56000029,
26.77249,-1.362999945,16.35599934,
26.79308,-1.349000006,16.18800007,
26.81372,-1.337999969,16.05599962,
26.83417,-1.324999957,15.89999949,
26.85465,-1.319000034,15.82800041,
26.87507,-1.316000013,15.79200016,
26.89569,-1.309999971,15.71999966,
26.91617,-1.304999976,15.65999971,
26.94063,-1.301999955,15.62399946,
26.96109,-1.29699996,15.56399952,
26.98136,-1.29699996,15.56399952,
27.00212,-1.298000007,15.57600008,
27.0225,-1.301999955,15.62399946,
27.04289,-1.303000002,15.63600002,
27.06352,-1.301000028,15.61200033,
27.08382,-1.304000049,15.64800058,
27.10435,-1.304000049,15.64800058,
27.1288,-1.30699995,15.6839994,
27.1492,-1.307999997,15.69599997,
27.16992,-1.307999997,15.69599997,
27.19056,-1.307999997,15.69599997,
27.21076,-1.30699995,15.6839994,
27.23126,-1.309000044,15.70800053,
27.25179,-1.311000018,15.73200022,
27.27239,-1.314000039,15.76800047,
27.29281,-1.316999941,15.80399929,
27.31729,-1.319999962,15.83999954,
27.33773,-1.326000004,15.91200005,
27.35835,-1.332000046,15.98400055,
27.37886,-1.337000041,16.04400049,
27.39922,-1.342999964,16.11599957,
27.41985,-1.350000052,16.20000063,
27.44035,-1.358999996,16.30799995,
27.46066,-1.365999966,16.39199959,
27.4855,-1.368000059,16.41600071,
27.50575,-1.368000059,16.41600071,
27.52625,-1.368000059,16.41600071,
27.54675,-1.368999987,16.42799984,
27.56735,-1.367000012,16.40400015,
27.58788,-1.370000033,16.4400004,
27.60817,-1.372000008,16.46400009,
27.62863,-1.373999982,16.48799978,
27.64907,-1.373000054,16.47600065,
27.67349,-1.375999956,16.51199947,
27.69414,-1.386999993,16.64399992,
27.71459,-1.39500001,16.74000011,
27.73507,-1.400000005,16.80000006,
27.75552,-1.401000051,16.81200062,
27.77608,-1.400000005,16.80000006,
27.79667,-1.398000031,16.77600037,
27.81698,-1.398000031,16.77600037,
27.84194,-1.391999989,16.70399986,
27.86194,-1.386999993,16.64399992,
27.88251,-1.385000019,16.62000023,
27.90302,-1.383000045,16.59600054,
27.92345,-1.381999998,16.58399998,
27.9441,-1.380999951,16.57199942,
27.9647,-1.378999977,16.54799973,
27.98529,-1.375000029,16.50000034,
28.00564,-1.373999982,16.48799978,
28.03042,-1.370999961,16.45199953,
28.05087,-1.370999961,16.45199953,
28.07114,-1.370999961,16.45199953,
28.09167,-1.370000033,16.4400004,
28.11194,-1.367000012,16.40400015,
28.13219,-1.368000059,16.41600071,
28.15282,-1.367000012,16.40400015,
28.17327,-1.365999966,16.39199959,
28.19418,-1.367000012,16.40400015,
28.21868,-1.365999966,16.39199959,
28.23905,-1.362999945,16.35599934,
28.25957,-1.362000017,16.34400021,
28.27997,-1.362000017,16.34400021,
28.30042,-1.360000043,16.32000051,
28.32096,-1.360000043,16.32000051,
28.34137,-1.358999996,16.30799995,
28.36174,-1.360000043,16.32000051,
28.38625,-1.36099997,16.33199965,
28.40668,-1.358999996,16.30799995,
28.42725,-1.357999949,16.29599939,
28.44772,-1.357000022,16.28400026,
28.46826,-1.365000038,16.38000046,
28.48877,-1.373999982,16.48799978,
28.50946,-1.383999972,16.60799967,
28.53068,-1.255000024,15.06000029,
28.55033,-1.174000053,14.08800064,
28.57515,-1.087999969,13.05599962,
28.59537,-0.979000001,11.74800001,
28.61619,-0.889000027,10.66800033,
28.63845,-0.794999986,9.539999828,
28.65819,-0.70900002,8.50800024,
28.67739,-0.673999994,8.087999926,
28.69785,-0.619999974,7.439999685,
28.71819,-0.562999992,6.755999908,
28.73884,-0.50299999,6.03599988,
28.76331,-0.448000013,5.376000152,
28.78408,-0.400000005,4.800000057,
28.80686,-0.358000009,4.296000109,
28.82614,-0.321999996,3.863999949,
28.84533,-0.291000007,3.492000089,
28.86567,-0.260000004,3.12000005,
28.88635,-0.229000001,2.748000011,
28.90983,-0.202999993,2.435999916,
28.93459,-0.180000006,2.160000072,
28.95519,-0.158999993,1.907999918,
28.98459,-0.139999999,1.679999993,
28.99503,-0.123999997,1.487999961,
29.01359,-0.108000002,1.296000019,
29.03365,-0.094999998,1.139999971,
29.05412,-0.082000001,0.984000013,
29.07449,-0.071000001,0.852000014,
29.09494,-0.059999999,0.719999992,
29.11955,-0.048999999,0.587999993,
29.1402,-0.04,0.479999997,
29.16076,-0.032,0.384000001,
29.18104,-0.025,0.300000001,
29.20135,-0.017,0.203999997,
29.22194,-0.013999999,0.167999991,
29.24258,-0.008,0.096000001,
29.26314,-0.003999999,0.047999994,
29.28355,-6.71E-10,8.05E-09,
29.30984,0.002000002,0,
29.32992,0.007,0,
29.34885,0.009999999,0,
29.36943,0.011999999,0,
29.38992,0.014,0,
29.4105,0.016,0,
29.43106,0.016999998,0,
29.45149,0.018,0,
29.47438,0.020000001,0,
29.49871,0.022999999,0,
29.51857,0.027,0,
29.53922,0.026000002,0,
29.55778,0.027999998,0,
29.5787,0.027999998,0,
29.59891,0.027,0,
29.62049,0.027,0,
29.6426,0.029,0,
29.66149,0.027999998,0,
29.68085,0.029,0,
29.70524,0.031999999,0,
29.72575,0.031000001,0,
29.74616,0.031999999,0,
29.76667,0.031999999,0,
29.78745,0.031999999,0,
29.80945,0.031000001,0,
29.82977,0.029,0,
29.84852,0.029999999,0,
29.86897,0.025,0,
29.89368,0.020999999,0,
29.91423,0.016,0,
29.93462,0.007,0,
29.95524,-0.007,0.083999999,
29.97758,-0.02,0.240000003,
29.99744,-0.033,0.396,
30.0166,-0.044,0.528000005,
30.03708,-0.052,0.623999999,
30.05753,-0.056000001,0.672000006,
30.0821,-0.059999999,0.719999992,
30.10263,-0.062000002,0.744000018,
30.1235,-0.064000002,0.768000022,
30.14351,-0.067,0.804000006,
30.16451,-0.071999999,0.863999993,
30.18442,-0.076999998,0.923999981,
30.20547,-0.082000001,0.984000013,
30.22595,-0.085,1.019999996,
30.24589,-0.091000001,1.092000008,
30.27093,-0.093000001,1.116000012,
30.2915,-0.097000002,1.16400002,
30.31141,-0.1,1.200000004,
30.33244,-0.107,1.283999995,
30.35272,-0.109999998,1.319999979,
30.37285,-0.115000001,1.380000011,
30.39393,-0.122,1.464000002,
30.41428,-0.127000003,1.524000034,
30.43835,-0.130000001,1.560000018,
30.45937,-0.133,1.596000001,
30.47934,-0.139999999,1.679999993,
30.50037,-0.145000002,1.740000025,
30.52081,-0.153000003,1.836000041,
30.54116,-0.158999993,1.907999918,
30.56184,-0.166000007,1.992000089,
30.58186,-0.175999998,2.111999974,
30.6028,-0.186000003,2.232000039,
30.62737,-0.193000003,2.31600003,
30.64793,-0.200000002,2.400000021,
30.66775,-0.207000001,2.484000013,
30.68866,-0.216000004,2.592000053,
30.70895,-0.223000004,2.676000044,
30.72983,-0.229000001,2.748000011,
30.74978,-0.236,2.832000003,
30.77065,-0.245000004,2.940000043,
30.79111,-0.253000005,3.036000059,
30.81557,-0.259000002,3.108000026,
30.8358,-0.264999999,3.179999993,
30.85664,-0.270999997,3.25199996,
30.87691,-0.276999994,3.323999927,
30.89767,-0.282999991,3.395999894,
30.91805,-0.291000007,3.492000089,
30.9383,-0.302000015,3.624000177,
30.95934,-0.310999988,3.73199986,
30.97902,-0.321000009,3.852000103,
31.004,-0.330999999,3.971999989,
31.02451,-0.342000006,4.104000077,
31.0447,-0.35100001,4.212000117,
31.06546,-0.358999996,4.307999954,
31.08615,-0.365999995,4.391999946,
31.10603,-0.372000008,4.464000092,
31.12703,-0.379000007,4.548000083,
31.14747,-0.384000002,4.608000026,
31.17285,-0.38800001,4.656000123,
31.19196,-0.398000001,4.776000009,
31.21247,-0.405999987,4.871999846,
31.23344,-0.416999995,5.003999934,
31.25401,-0.427000015,5.124000177,
31.27406,-0.435999988,5.23199986,
31.29514,-0.442,5.304000006,
31.31553,-0.451000004,5.412000046,
31.33557,-0.456999986,5.483999834,
31.36046,-0.463999985,5.567999825,
31.38089,-0.467000006,5.604000077,
31.4011,-0.474999993,5.699999914,
31.42193,-0.483000009,5.796000109,
31.4423,-0.490000008,5.8800001,
31.46265,-0.497999995,5.975999937,
31.48344,-0.506000011,6.072000132,
31.50335,-0.515000014,6.180000172,
31.52427,-0.523999988,6.287999854,
31.54945,-0.513999997,6.167999969,
31.56975,-0.506999998,6.083999977,
31.58954,-0.490999995,5.891999946,
31.60985,-0.465000002,5.580000029,
31.63043,-0.435999988,5.23199986,
31.65088,-0.402000009,4.824000106,
31.67155,-0.368999987,4.42799984,
31.692,-0.33399999,4.007999883,
31.71245,-0.300999998,3.611999974,
31.7369,-0.267000003,3.204000041,
31.7574,-0.237000002,2.844000027,
31.77804,-0.205999999,2.471999989,
31.7985,-0.180999993,2.171999917,
31.82068,-0.160999997,1.931999967,
31.84125,-0.142999998,1.715999976,
31.85994,-0.127000003,1.524000034,
31.88044,-0.112000002,1.344000027,
31.90485,-0.097000002,1.16400002,
31.92522,-0.084000001,1.008000017,
31.94577,-0.071999999,0.863999993,
31.96654,-0.060999999,0.731999994,
31.98871,-0.051,0.611999997,
32.00882,-0.044,0.528000005,
32.02795,-0.034,0.408000002,
32.04827,-0.027,0.324,
32.06878,-0.022,0.263999995,
32.09345,-0.016,0.191999995,
32.11378,-0.01,0.120000005,
32.13443,-0.006,0.071999997,
32.15669,-0.001999999,0.02399999,
32.17699,0.002000002,0,
32.19715,0.004000002,0,
32.2163,0.007,0,
32.23673,0.007999999,0,
32.2572,0.009999999,0,
32.27792,0.011999999,0,
32.30302,0.015000002,0,
32.32543,0.016999998,0,
32.34451,0.020000001,0,
32.36364,0.020000001,0,
32.38403,0.020999999,0,
32.40484,0.022000001,0,
32.42511,0.020999999,0,
32.44558,0.022999999,0,
32.46621,0.022999999,0,
32.49214,0.025,0,
32.51245,0.026000002,0,
32.53151,0.027,0,
32.55188,0.027,0,
32.57252,0.029,0,
32.59295,0.029,0,
32.61356,0.027999998,0,
32.63396,0.029,0,
32.65488,0.029,0,
32.67962,0.029999999,0,
32.69952,0.031999999,0,
32.71999,0.031999999,0,
32.74031,0.034000003,0,
32.76101,0.033000001,0,
32.78135,0.031999999,0,
32.80187,0.031999999,0,
32.82241,0.031999999,0,
32.84283,0.031999999,0,
32.86732,0.029999999,0,
32.88773,0.027999998,0,
32.90821,0.026000002,0,
32.92905,0.022999999,0,
32.94925,0.020000001,0,
32.97009,0.020000001,0,
32.992,0.018999999,0,
33.01225,0.016999998,0,
33.03144,0.015000002,0,
33.05598,0.014,0,
33.07637,0.014,0,
33.09675,0.014,0,
33.11723,0.015000002,0,
33.13807,0.015000002,0,
33.16039,0.016,0,
33.18096,0.018,0,
33.20095,0.018,0,
33.22021,0.018999999,0,
33.24464,0.020999999,0,
33.26556,0.022000001,0,
33.28523,0.022999999,0,
33.30577,0.025,0,
33.32796,0.027,0,
33.34839,0.027,0,
33.36732,0.027999998,0,
33.3877,0.027999998,0,
33.40833,0.027999998,0,
33.43261,0.029,0,
33.45325,0.029999999,0,
33.47375,0.029999999,0,
33.49604,0.029999999,0,
33.51597,0.029999999,0,
33.53519,0.029999999,0,
33.55593,0.029999999,0,
33.57621,0.029999999,0,
33.5965,0.031000001,0,
33.61766,0.031000001,0,
33.64187,0.034000003,0,
33.66446,0.034999998,0,
33.68414,0.033000001,0,
33.70477,0.034000003,0,
33.72491,0.033000001,0,
33.74401,0.033000001,0,
33.76455,0.033000001,0,
33.78493,0.034999998,0,
33.80558,0.034000003,0,
33.83142,0.034999998,0,
33.85223,0.034000003,0,
33.87097,0.034999998,0,
33.89121,0.034999998,0,
33.91176,0.034999998,0,
33.93233,0.034999998,0,
33.95316,0.033000001,0,
33.97423,0.031999999,0,
33.9938,0.031999999,0,
34.01841,0.033000001,0,
34.03881,0.031999999,0,
34.05924,0.031999999,0,
34.08017,0.031000001,0,
34.10046,0.031999999,0,
34.12077,0.031999999,0,
34.14162,0.029999999,0,
34.16173,0.027,0,
34.18262,0.025,0,
34.20729,0.024000001,0,
34.22719,0.022999999,0,
34.24763,0.022999999,0,
34.26815,0.022999999,0,
34.28874,0.022000001,0,
34.30914,0.022000001,0,
34.3296,0.022999999,0,
34.35011,0.022000001,0,
34.37059,0.020000001,0,
34.39511,0.020999999,0,
34.41553,0.022000001,0,
34.43597,0.020999999,0,
34.45649,0.020000001,0,
34.47707,0.018,0,
34.49784,0.016,0,
34.5181,0.016,0,
34.53852,0.016,0,
34.55896,0.015000002,0,
34.58351,0.013000001,0,
34.60409,0.013000001,0,
34.62434,0.011999999,0,
34.64508,0.011000001,0,
34.66563,0.009999999,0,
34.68597,0.009000001,0,
34.70649,0.007999999,0,
34.72695,0.005,0,
34.74743,0.003,0,
34.77184,0.003,0,
34.79245,0.000999999,0,
34.81292,0.000999999,0,
34.83337,-0.001000001,0.01200001,
34.85384,-0.002999999,0.035999992,
34.87471,-0.003999999,0.047999994,
34.89484,-0.005,0.059999996,
34.91587,-0.006,0.071999997,
34.93647,-0.007,0.083999999,
34.96033,-0.008,0.096000001,
34.98094,-0.01,0.120000005,
35.0012,-0.011000001,0.132000007,
35.02182,-0.013999999,0.167999991,
35.04247,-0.016,0.191999995,
35.0628,-0.022,0.263999995,
35.08316,-0.027,0.324,
35.10374,-0.031,0.372000001,
35.12435,-0.039,0.467999995,
35.14869,-0.051,0.611999997,
35.16917,-0.069999999,0.839999989,
35.18981,-0.105000003,1.260000036,
35.21026,-0.144,1.728000001,
35.23085,-0.188000007,2.256000087,
35.25121,-0.237000002,2.844000027,
35.27167,-0.287999986,3.455999837,
35.29214,-0.333000003,3.996000037,
35.31268,-0.372000008,4.464000092,
35.33736,-0.411000012,4.932000146,
35.35766,-0.442,5.304000006,
35.37831,-0.467999994,5.615999923,
35.39871,-0.499999999,5.999999986,
35.41956,-0.538000016,6.456000195,
35.43975,-0.567,6.804000006,
35.46066,-0.609999983,7.3199998,
35.48128,-0.623999982,7.487999783,
35.50113,-0.632999985,7.595999823,
35.52606,-0.636999993,7.64399992,
35.54664,-0.642999976,7.715999708,
35.56666,-0.649000018,7.788000212,
35.58791,-0.660999982,7.931999788,
35.60829,-0.668999999,8.027999983,
35.62896,-0.682999997,8.195999966,
35.65029,-0.66499999,7.979999886,
35.67099,-0.64500001,7.740000114,
35.69138,-0.621000021,7.452000246,
35.71436,-0.59099999,7.091999874,
35.73473,-0.554999976,6.659999714,
35.75547,-0.516999989,6.203999863,
35.7759,-0.479000001,5.748000011,
35.79636,-0.441000013,5.29200016,
35.81692,-0.409999995,4.919999943,
35.83913,-0.381999998,4.583999977,
35.85916,-0.354999988,4.259999857,
35.88207,-0.328999995,3.94799994,
35.90286,-0.305000006,3.660000072,
35.92323,-0.282000004,3.384000049,
35.94376,-0.261999993,3.14399992,
35.9643,-0.246000006,2.952000067,
35.98471,-0.233999996,2.807999954,
36.00711,-0.221,2.651999996,
36.02748,-0.210999994,2.531999931,
36.04608,-0.202000006,2.42400007,
36.07064,-0.190999998,2.291999981,
36.09115,-0.182999997,2.195999966,
36.11168,-0.177,2.123999999,
36.13213,-0.171000003,2.052000031,
36.15273,-0.166999995,2.003999934,
36.17506,-0.163000001,1.956000016,
36.19512,-0.158999993,1.907999918,
36.21397,-0.158000006,1.896000073,
36.23439,-0.158000006,1.896000073,
36.25908,-0.158000006,1.896000073,
36.27994,-0.159999995,1.919999943,
36.30011,-0.163000001,1.956000016,
36.32067,-0.164000003,1.96800004,
36.34262,-0.163000001,1.956000016,
36.36291,-0.161999999,1.943999991,
36.38193,-0.163000001,1.956000016,
36.40238,-0.166000007,1.992000089,
36.42276,-0.167999997,2.015999959,
36.44727,-0.166999995,2.003999934,
36.46795,-0.167999997,2.015999959,
36.48837,-0.168999999,2.027999983,
36.50879,-0.173000007,2.07600008,
36.52926,-0.177,2.123999999,
36.54972,-0.181999995,2.183999941,
36.57034,-0.188999994,2.267999933,
36.59081,-0.195000007,2.340000079,
36.61513,-0.201000004,2.412000046,
36.63586,-0.209000005,2.508000062,
36.6563,-0.217999994,2.615999923,
36.67674,-0.225999995,2.711999938,
36.69738,-0.232999994,2.79599993,
36.71769,-0.238000004,2.856000051,
36.73825,-0.239999993,2.879999921,
36.7587,-0.239000006,2.868000076,
36.77918,-0.239000006,2.868000076,
36.80365,-0.239000006,2.868000076,
36.82468,-0.239999993,2.879999921,
36.84461,-0.241999997,2.90399997,
36.86499,-0.241999997,2.90399997,
36.88548,-0.243,2.915999994,
36.90612,-0.241999997,2.90399997,
36.92665,-0.243,2.915999994,
36.9471,-0.246000006,2.952000067,
36.96751,-0.249999999,2.999999986,
36.99207,-0.252000003,3.024000034,
37.01261,-0.254000007,3.048000083,
37.03314,-0.256999998,3.083999977,
37.05359,-0.262999995,3.155999944,
37.07418,-0.267000003,3.204000041,
37.09448,-0.270999997,3.25199996,
37.11506,-0.276000007,3.312000082,
37.13545,-0.28,3.36,
37.15606,-0.282000004,3.384000049,
37.18053,-0.284000008,3.408000097,
37.20094,-0.286000012,3.432000146,
37.22145,-0.28999999,3.479999886,
37.24813,-0.296000003,3.552000031,
37.27351,-0.300999998,3.611999974,
37.28291,-0.30700001,3.68400012,
37.30352,-0.310999988,3.73199986,
37.32404,-0.317999988,3.815999851,
37.34834,-0.324,3.887999997,
37.36876,-0.333000003,3.996000037,
37.3893,-0.344999998,4.139999971,
37.4098,-0.358000009,4.296000109,
37.43044,-0.368,4.415999994,
37.45122,-0.377000003,4.524000034,
37.47121,-0.381999998,4.583999977,
37.49179,-0.384000002,4.608000026,
37.5122,-0.381999998,4.583999977,
37.53674,-0.37799999,4.53599988,
37.55732,-0.374999999,4.499999986,
37.57783,-0.372999995,4.475999937,
37.59826,-0.372000008,4.464000092,
37.61875,-0.370999991,4.451999888,
37.63937,-0.370999991,4.451999888,
37.65975,-0.374999999,4.499999986,
37.68031,-0.37799999,4.53599988,
37.7007,-0.379999994,4.559999928,
37.7252,-0.381999998,4.583999977,
37.74591,-0.381999998,4.583999977,
37.76669,-0.379999994,4.559999928,
37.78676,-0.381999998,4.583999977,
37.80719,-0.386999993,4.64399992,
37.82767,-0.39500001,4.740000114,
37.84846,-0.400000005,4.800000057,
37.86874,-0.404000013,4.848000154,
37.88908,-0.405999987,4.871999846,
37.91352,-0.407999991,4.895999894,
37.93406,-0.414000003,4.96800004,
37.95465,-0.418999999,5.027999983,
37.9749,-0.42199999,5.063999877,
37.99564,-0.425999998,5.111999974,
38.01602,-0.428000002,5.136000023,
38.03641,-0.428999989,5.147999868,
38.05706,-0.434000014,5.208000169,
38.07739,-0.441000013,5.29200016,
38.10191,-0.444999992,5.3399999,
38.12244,-0.449,5.387999997,
38.14297,-0.453999995,5.44799994,
38.16349,-0.455999999,5.471999989,
38.18395,-0.460000007,5.520000086,
38.20448,-0.463999985,5.567999825,
38.22488,-0.467999994,5.615999923,
38.24537,-0.472999989,5.675999866,
38.26997,-0.476999997,5.723999963,
38.29029,-0.479999988,5.759999857,
38.31092,-0.481999992,5.783999906,
38.33141,-0.486,5.832000003,
38.35178,-0.493,5.915999994,
38.37233,-0.499000012,5.98800014,
38.39285,-0.506000011,6.072000132,
38.41347,-0.511999993,6.14399992,
38.43386,-0.516000001,6.192000017,
38.45824,-0.52000001,6.240000114,
38.4788,-0.525000005,6.300000057,
38.49932,-0.530999987,6.371999846,
38.51966,-0.537000029,6.444000349,
38.54013,-0.542000024,6.504000292,
38.56077,-0.548000007,6.57600008,
38.58141,-0.554999976,6.659999714,
38.60184,-0.558999984,6.707999811,
38.6222,-0.566000013,6.79200016,
38.64674,-0.572999983,6.875999794,
38.66726,-0.580000012,6.960000143,
38.68794,-0.585000007,7.020000086,
38.70814,-0.588000028,7.056000338,
38.72855,-0.590000002,7.080000029,
38.74925,-0.59400001,7.128000126,
38.76962,-0.603000014,7.236000166,
38.79019,-0.608999996,7.307999954,
38.81057,-0.613000004,7.356000051,
38.83512,-0.616000025,7.392000303,
38.85552,-0.618999987,7.42799984,
38.87625,-0.622999995,7.475999937,
38.8966,-0.628999977,7.547999725,
38.91695,-0.635000019,7.620000229,
38.93761,-0.640000014,7.680000172,
38.95808,-0.644000022,7.728000269,
38.97859,-0.650000005,7.800000057,
39.00324,-0.656999974,7.883999691,
39.02349,-0.660999982,7.931999788,
39.04393,-0.667000024,8.004000292,
39.06526,-0.673999994,8.087999926,
39.08593,-0.678000002,8.136000023,
39.10552,-0.682999997,8.195999966,
39.12616,-0.687999992,8.255999908,
39.14645,-0.693999975,8.327999697,
39.16696,-0.701999991,8.423999891,
39.19168,-0.720999985,8.651999817,
39.21208,-0.748999982,8.987999783,
39.23238,-0.781999974,9.383999691,
39.25288,-0.831999986,9.983999834,
39.27325,-0.901999979,10.82399975,
39.2938,-0.997000008,11.96400009,
39.31451,-1.09099999,13.09199987,
39.33495,-1.173000007,14.07600008,
39.35533,-1.245999961,14.95199953,
39.38037,-1.309000044,15.70800053,
39.40032,-1.367000012,16.40400015,
39.42094,-1.419000058,17.0280007,
39.44128,-1.467000036,17.60400043,
39.46202,-1.510000019,18.12000023,
39.48216,-1.551000028,18.61200033,
39.5029,-1.587000041,19.04400049,
39.5233,-1.618000059,19.41600071,
39.54766,-1.643999963,19.72799955,
39.56871,-1.669000058,20.0280007,
39.58876,-1.689999967,20.2799996,
39.61023,-1.704000025,20.4480003,
39.63034,-1.722000031,20.66400038,
39.65049,-1.737000017,20.84400021,
39.67135,-1.750999956,21.01199947,
39.69191,-1.765000014,21.18000017,
39.71187,-1.776000051,21.31200062,
39.73688,-1.78,21.36,
39.75707,-1.788000016,21.45600019,
39.77755,-1.794999986,21.53999983,
39.79807,-1.801000028,21.61200033,
39.8183,-1.806000023,21.67200027,
39.83944,-1.811999946,21.74399935,
39.85947,-1.817999988,21.81599985,
39.87975,-1.819999962,21.83999954,
39.90075,-1.82400003,21.88800035,
39.9251,-1.82400003,21.88800035,
39.94591,-1.82400003,21.88800035,
39.96621,-1.827000051,21.92400061,
39.98653,-1.829000025,21.9480003,
40.00682,-1.832999973,21.99599968,
40.02785,-1.83400002,22.00800024,
40.04773,-1.83400002,22.00800024,
40.06861,-1.832999973,21.99599968,
40.0889,-1.83400002,22.00800024,
40.11318,-1.832000046,21.98400055,
40.13425,-1.832000046,21.98400055,
40.15463,-1.829999952,21.95999943,
40.17545,-1.824999957,21.89999949,
40.19534,-1.824999957,21.89999949,
40.21559,-1.821000009,21.8520001,
40.23607,-1.816999941,21.80399929,
40.25678,-1.793000011,21.51600014,
40.28138,-1.740999966,20.89199959,
40.30173,-1.668000011,20.01600014,
40.32216,-1.592000036,19.10400043,
40.34259,-1.51300004,18.15600048,
40.36318,-1.436999946,17.24399935,
40.38404,-1.362999945,16.35599934,
40.40485,-1.291999965,15.50399958,
40.42451,-1.230999975,14.7719997,
40.44519,-1.179000049,14.14800058,
40.46969,-1.130999951,13.57199942,
40.49012,-1.089000015,13.06800018,
40.51065,-1.056000023,12.67200027,
40.53109,-1.031000047,12.37200056,
40.55153,-1.015000014,12.18000017,
40.57224,-1.017999976,12.21599971,
40.59244,-1.054000049,12.64800058,
40.61293,-1.110000043,13.32000051,
40.63349,-1.176999955,14.12399946,
40.65801,-1.242000012,14.90400015,
40.67868,-1.304000049,15.64800058,
40.69901,-1.352999954,16.23599945,
40.71946,-1.401000051,16.81200062,
40.74004,-1.444999962,17.33999954,
40.76043,-1.487999945,17.85599934,
40.78101,-1.526999979,18.32399975,
40.80147,-1.569999962,18.83999954,
40.82596,-1.615999966,19.39199959,
40.84646,-1.658999949,19.90799938,
40.86694,-1.686000018,20.23200022,
40.88746,-1.709999948,20.51999937,
40.90834,-1.727999954,20.73599945,
40.92872,-1.755000024,21.06000029,
40.94879,-1.776999979,21.32399975,
40.96958,-1.794000058,21.5280007,
40.99012,-1.803000002,21.63600002,
41.01444,-1.814000039,21.76800047,
41.03528,-1.84400001,22.12800013,
41.05563,-1.847999959,22.17599951,
41.0757,-1.847999959,22.17599951,
41.09667,-1.849000006,22.18800007,
41.11703,-1.849000006,22.18800007,
41.13731,-1.847000031,22.16400038,
41.15765,-1.845999985,22.15199982,
41.17858,-1.847000031,22.16400038,
41.20329,-1.845000057,22.14000069,
41.2237,-1.842000036,22.10400043,
41.24363,-1.839999943,22.07999931,
41.2645,-1.839999943,22.07999931,
41.28529,-1.837999969,22.05599962,
41.30519,-1.837000041,22.04400049,
41.32587,-1.837000041,22.04400049,
41.34608,-1.837999969,22.05599962,
41.37093,-1.832999973,21.99599968,
41.39138,-1.832000046,21.98400055,
41.41232,-1.827000051,21.92400061,
41.43202,-1.827000051,21.92400061,
41.45242,-1.82400003,21.88800035,
41.47336,-1.821000009,21.8520001,
41.49376,-1.819999962,21.83999954,
41.51396,-1.819999962,21.83999954,
41.53469,-1.821000009,21.8520001,
41.5593,-1.816000013,21.79200016,
41.57946,-1.814000039,21.76800047,
41.6002,-1.814000039,21.76800047,
41.62088,-1.811999946,21.74399935,
41.64085,-1.811000018,21.73200022,
41.6617,-1.809999971,21.71999966,
41.6822,-1.807999997,21.69599997,
41.70268,-1.804999976,21.65999971,
41.72346,-1.804000049,21.64800058,
41.74721,-1.799000053,21.58800064,
41.76838,-1.793000011,21.51600014,
41.78862,-1.78999999,21.47999989,
41.80872,-1.786999969,21.44399963,
41.82987,-1.778999953,21.34799944,
41.85018,-1.776000051,21.31200062,
41.87006,-1.773999958,21.2879995,
41.89116,-1.768999963,21.22799955,
41.91562,-1.763999968,21.16799961,
41.93578,-1.760999947,21.13199936,
41.95658,-1.758000045,21.09600054,
41.97656,-1.755000024,21.06000029,
41.99755,-1.753999977,21.04799973,
42.01811,-1.750999956,21.01199947,
42.03814,-1.750999956,21.01199947,
42.05907,-1.750999956,21.01199947,
42.07943,-1.747000008,20.96400009,
42.10357,-1.743999987,20.92799984,
42.12466,-1.740000038,20.88000046,
42.14505,-1.738999991,20.8679999,
42.16493,-1.737999945,20.85599934,
42.18623,-1.73599997,20.83199965,
42.20679,-1.607000022,19.28400026,
42.22651,-1.492000012,17.90400015,
42.247,-1.390999942,16.6919993,
42.26739,-1.303000002,15.63600002,
42.29203,-1.227999954,14.73599945,
42.31253,-1.16499999,13.97999989,
42.33292,-1.108999996,13.30799995,
42.35352,-1.062999992,12.75599991,
42.37412,-1.03,12.36,
42.39431,-1.020999997,12.25199996,
42.41484,-1.033000021,12.39600025,
42.43533,-1.071000009,12.8520001,
42.45987,-1.123999982,13.48799978,
42.48035,-1.18199995,14.1839994,
42.50076,-1.237999945,14.85599934,
42.52131,-1.283999949,15.40799938,
42.54173,-1.317999988,15.81599985,
42.56245,-1.358999996,16.30799995,
42.58275,-1.39500001,16.74000011,
42.60317,-1.42199996,17.06399952,
42.62365,-1.449999957,17.39999949,
42.64839,-1.475000052,17.70000063,
42.66896,-1.495000033,17.9400004,
42.68982,-1.508000045,18.09600054,
42.71057,-1.541000037,18.49200045,
42.73085,-1.576000004,18.91200005,
42.75141,-1.60099998,19.21199976,
42.77135,-1.620000033,19.4400004,
42.79252,-1.651999979,19.82399975,
42.81283,-1.659999995,19.91999994,
42.83719,-1.661999969,19.94399963,
42.85846,-1.66499999,19.97999989,
42.87992,-1.663999944,19.96799932,
42.90071,-1.663000016,19.95600019,
42.91953,-1.666999965,20.00399958,
42.93935,-1.673000007,20.07600008,
42.96032,-1.674000053,20.08800064,
42.98104,-1.674999981,20.09999977,
43.00479,-1.676000028,20.11200033,
43.02569,-1.676000028,20.11200033,
43.04601,-1.676999955,20.12399946,
43.06606,-1.678000002,20.13600002,
43.087,-1.679000049,20.14800058,
43.107,-1.678000002,20.13600002,
43.1283,-1.674999981,20.09999977,
43.14843,-1.674999981,20.09999977,
43.16843,-1.674999981,20.09999977,
43.19377,-1.669000058,20.0280007,
43.21406,-1.668000011,20.01600014,
43.23402,-1.666999965,20.00399958,
43.25504,-1.669000058,20.0280007,
43.27531,-1.668000011,20.01600014,
43.29564,-1.668000011,20.01600014,
43.31668,-1.669000058,20.0280007,
43.33643,-1.669999986,20.03999983,
43.35748,-1.669999986,20.03999983,
43.38189,-1.666999965,20.00399958,
43.4022,-1.666000037,19.99200045,
43.4229,-1.66499999,19.97999989,
43.44359,-1.663000016,19.95600019,
43.46341,-1.661999969,19.94399963,
43.48417,-1.661999969,19.94399963,
43.50488,-1.659999995,19.91999994,
43.52489,-1.661000042,19.9320005,
43.54987,-1.651999979,19.82399975,
43.57068,-1.651000051,19.81200062,
43.59059,-1.648999958,19.7879995,
43.6112,-1.648999958,19.7879995,
43.63207,-1.648000031,19.77600037,
43.6523,-1.646000056,19.75200068,
43.67247,-1.64500001,19.74000011,
43.6935,-1.643000035,19.71600042,
43.71381,-1.641999989,19.70399986,
43.73844,-1.63800004,19.65600048,
43.75852,-1.636999993,19.64399992,
43.77925,-1.635000019,19.62000023,
43.80006,-1.631999998,19.58399998,
43.82011,-1.630000024,19.56000029,
43.84083,-1.628999977,19.54799973,
43.86128,-1.625999956,19.51199947,
43.88198,-1.623000054,19.47600065,
43.90196,-1.623000054,19.47600065,
43.92723,-1.620000033,19.4400004,
43.94767,-1.615000038,19.38000046,
43.96797,-1.615000038,19.38000046,
43.98849,-1.493000059,17.91600071,
44.00837,-1.383999972,16.60799967,
44.02903,-1.284999995,15.41999994,
44.04934,-1.197000055,14.36400066,
44.06979,-1.120000033,13.4400004,
44.09449,-1.051999955,12.62399946,
44.11487,-0.994999974,11.93999969,
44.13546,-0.950000017,11.4000002,
44.15594,-0.920999973,11.05199967,
44.17635,-0.914000003,10.96800004,
44.1974,-0.928999989,11.14799987,
44.21755,-0.968000023,11.61600028,
44.23789,-1.021999984,12.26399981,
44.25823,-1.07400003,12.88800035,
44.2829,-1.123000054,13.47600065,
44.30342,-1.174999981,14.09999977,
44.32385,-1.222999959,14.67599951,
44.34442,-1.265999942,15.1919993,
44.36482,-1.307999997,15.69599997,
44.38608,-1.352000027,16.22400032,
44.40581,-1.385999947,16.63199936,
44.42622,-1.413000016,16.95600019,
44.44674,-1.439999967,17.2799996,
44.4718,-1.460999994,17.53199993,
44.49183,-1.477999954,17.73599945,
44.51266,-1.498999982,17.98799978,
44.53283,-1.521999984,18.26399981,
44.5536,-1.543000011,18.51600014,
44.57402,-1.569999962,18.83999954,
44.59477,-1.592999964,19.11599957,
44.61499,-1.610000043,19.32000051,
44.63937,-1.651000051,19.81200062,
44.66016,-1.658000021,19.89600025,
44.6806,-1.663999944,19.96799932,
44.70127,-1.666999965,20.00399958,
44.7212,-1.669999986,20.03999983,
44.74209,-1.674000053,20.08800064,
44.76218,-1.676999955,20.12399946,
44.78293,-1.679000049,20.14800058,
44.80302,-1.68199995,20.1839994,
44.82794,-1.68199995,20.1839994,
44.84856,-1.679999976,20.15999971,
44.8688,-1.681000023,20.17200027,
44.88935,-1.678000002,20.13600002,
44.90985,-1.679000049,20.14800058,
44.93031,-1.679000049,20.14800058,
44.95092,-1.676000028,20.11200033,
44.97183,-1.674000053,20.08800064,
44.99205,-1.538000016,18.45600019,
45.01601,-1.416999965,17.00399958,
45.03643,-1.309000044,15.70800053,
45.05692,-1.217999964,14.61599957,
45.0774,-1.138999968,13.66799961,
45.09782,-1.074999957,12.89999949,
45.11838,-1.020999997,12.25199996,
45.13876,-0.974999993,11.69999991,
45.15917,-0.941000013,11.29200016,
45.18366,-0.918999999,11.02799998,
45.20434,-0.923999994,11.08799993,
45.22475,-0.951000004,11.41200005,
45.24521,-1.000000029,12.00000034,
45.26562,-1.057999997,12.69599997,
45.28643,-1.118000059,13.41600071,
45.30666,-1.17199996,14.06399952,
45.32719,-1.214000015,14.56800018,
45.34774,-1.252000003,15.02400003,
45.37218,-1.288999944,15.46799932,
45.39277,-1.319999962,15.83999954,
45.41332,-1.347999959,16.17599951,
45.43365,-1.37800005,16.5360006,
45.45416,-1.403000026,16.83600031,
45.47516,-1.42199996,17.06399952,
45.49569,-1.446000009,17.3520001,
45.51554,-1.467000036,17.60400043,
45.53609,-1.480000048,17.76000057,
45.56101,-1.492000012,17.90400015,
45.58168,-1.521999984,18.26399981,
45.60192,-1.553000002,18.63600002,
45.62217,-1.571000009,18.8520001,
45.64298,-1.58400002,19.00800024,
45.66343,-1.595000057,19.14000069,
45.68345,-1.602000027,19.22400032,
45.70472,-1.605999975,19.2719997,
45.72878,-1.620000033,19.4400004,
45.74912,-1.620999961,19.45199953,
45.77049,-1.615000038,19.38000046,
45.79004,-1.612999945,19.35599934,
45.81117,-1.613999991,19.3679999,
45.83132,-1.615000038,19.38000046,
45.85204,-1.615000038,19.38000046,
45.87219,-1.615000038,19.38000046,
45.8929,-1.615000038,19.38000046,
45.91706,-1.612999945,19.35599934,
45.93753,-1.604000001,19.24800001,
45.95857,-1.566000013,18.79200016,
45.97918,-1.564000039,18.76800047,
45.99897,-1.572000055,18.86400066,
46.01965,-1.577000051,18.92400061,
46.04007,-1.584999948,19.01999937,
46.06055,-1.59099999,19.09199987,
46.08149,-1.595000057,19.14000069,
46.10585,-1.595999985,19.15199982,
46.12681,-1.600000052,19.20000063,
46.14639,-1.602000027,19.22400032,
46.16695,-1.599000006,19.18800007,
46.18735,-1.562999992,18.75599991,
46.20802,-1.511999993,18.14399992,
46.22849,-1.447000055,17.36400066,
46.24882,-1.373000054,16.47600065,
46.27332,-1.286999969,15.44399963,
46.29414,-1.20900002,14.50800024,
46.31455,-1.136999993,13.64399992,
46.33504,-1.07400003,12.88800035,
46.35541,-1.016000001,12.19200002,
46.37603,-0.960999994,11.53199993,
46.39637,-0.913000016,10.95600019,
46.41693,-0.869999974,10.43999969,
46.43759,-0.829000025,9.948000298,
46.4618,-0.793999999,9.527999983,
46.48303,-0.765000014,9.180000172,
46.50356,-0.741000025,8.892000303,
46.52339,-0.721999972,8.663999662,
46.54394,-0.701000004,8.412000046,
46.56461,-0.686000018,8.232000217,
46.58523,-0.676000028,8.112000332,
46.60605,-0.665999978,7.991999731,
46.62593,-0.654000013,7.848000154,
46.65344,-0.644000022,7.728000269,
46.67397,-0.635000019,7.620000229,
46.70247,-0.627000003,7.524000034,
46.71203,-0.617000012,7.404000149,
46.73237,-0.613000004,7.356000051,
46.75291,-0.609999983,7.3199998,
46.77323,-0.61099997,7.331999645,
46.79371,-0.61099997,7.331999645,
46.81416,-0.609999983,7.3199998,
46.83873,-0.609999983,7.3199998,
46.8596,-0.609999983,7.3199998,
46.8799,-0.607000022,7.284000263,
46.90033,-0.604000001,7.248000011,
46.92075,-0.60099998,7.21199976,
46.94193,-0.60099998,7.21199976,
46.96244,-0.599000006,7.188000069,
46.98222,-0.596999972,7.163999662,
47.00668,-0.598000019,7.176000223,
47.02709,-0.603000014,7.236000166,
47.04784,-0.613000004,7.356000051,
47.0683,-0.627000003,7.524000034,
47.08862,-0.650000005,7.800000057,
47.1092,-0.683999984,8.207999811,
47.12955,-0.737000017,8.844000206,
47.15002,-0.79700002,9.564000235,
47.17059,-0.890000014,10.68000017,
47.19496,-0.98599997,11.83199965,
47.21559,-1.069000034,12.82800041,
47.2362,-1.143000035,13.71600042,
47.25652,-1.214000015,14.56800018,
47.27724,-1.273999958,15.2879995,
47.29749,-1.326000004,15.91200005,
47.31794,-1.378999977,16.54799973,
47.33876,-1.428000002,17.13600002,
47.35978,-1.46900001,17.62800013,
47.38353,-1.508999972,18.10799967,
47.40407,-1.544000058,18.5280007,
47.42451,-1.57400003,18.88800035,
47.44497,-1.579999952,18.95999943,
47.46538,-1.564000039,18.76800047,
47.48602,-1.528999953,18.34799944,
47.50637,-1.492000012,17.90400015,
47.52679,-1.426999955,17.12399946,
47.55134,-1.35099998,16.21199976,
47.57174,-1.28999999,15.47999989,
47.59246,-1.230999975,14.7719997,
47.6128,-1.179999976,14.15999971,
47.63326,-1.131999998,13.58399998,
47.65381,-1.092000036,13.10400043,
47.67425,-1.05699995,12.6839994,
47.69474,-1.022999971,12.27599965,
47.7152,-0.993,11.91599999,
47.74019,-0.966999977,11.60399972,
47.76011,-0.942999988,11.31599985,
47.7808,-0.919999986,11.03999983,
47.80142,-0.900999992,10.8119999,
47.82199,-0.885000019,10.62000023,
47.84262,-0.869999974,10.43999969,
47.86333,-0.859999983,10.3199998,
47.88317,-0.849999993,10.19999991,
47.90368,-0.84400001,10.12800013,
47.92803,-0.839000015,10.06800018,
47.94866,-0.835999994,10.03199993,
47.96898,-0.838000028,10.05600034,
47.98958,-0.859999983,10.3199998,
48.01062,-0.885000019,10.62000023,
48.03136,-0.894000022,10.72800027,
48.05115,-0.897999971,10.77599965,
48.07235,-0.89500001,10.74000011,
48.09215,-0.889000027,10.66800033,
48.11652,-0.880000024,10.56000029,
48.13712,-0.875000029,10.50000034,
48.15749,-0.872999995,10.47599994,
48.17797,-0.872999995,10.47599994,
48.19847,-0.872000008,10.46400009,
48.21904,-0.872999995,10.47599994,
48.23953,-0.872000008,10.46400009,
48.25991,-0.871000021,10.45200025,
48.2803,-0.872000008,10.46400009,
48.30489,-0.872999995,10.47599994,
48.32542,-0.872999995,10.47599994,
48.34588,-0.872999995,10.47599994,
48.36657,-0.872000008,10.46400009,
48.38713,-0.869999974,10.43999969,
48.40732,-0.872000008,10.46400009,
48.42803,-0.87799999,10.53599988,
48.44832,-0.886000006,10.63200007,
48.47272,-0.891999989,10.70399986,
48.49408,-0.897999971,10.77599965,
48.51495,-0.900999992,10.8119999,
48.53431,-0.908000021,10.89600025,
48.55516,-0.915999978,10.99199973,
48.57539,-0.927000015,11.12400018,
48.59577,-0.943999975,11.3279997,
48.61636,-0.966999977,11.60399972,
48.6369,-0.997999995,11.97599994,
48.66124,-1.036999969,12.44399963,
48.68167,-1.095999985,13.15199982,
48.70211,-1.176000028,14.11200033,
48.72272,-1.26300004,15.15600048,
48.74334,-1.342000036,16.10400043,
48.76362,-1.416000037,16.99200045,
48.78416,-1.480000048,17.76000057,
48.80469,-1.533999949,18.40799938,
48.82504,-1.584999948,19.01999937,
48.84966,-1.630000024,19.56000029,
48.87033,-1.673000007,20.07600008,
48.89073,-1.707000046,20.48400055,
48.91101,-1.742000012,20.90400015,
48.93209,-1.775000005,21.30000006,
48.95284,-1.801000028,21.61200033,
48.97264,-1.826000004,21.91200005,
48.99306,-1.867000012,22.40400015,
49.01354,-1.896999984,22.76399981,
49.03859,-1.916000037,22.99200045,
49.05869,-1.900000005,22.80000006,
49.07898,-1.858999996,22.30799995,
49.09965,-1.80699995,21.6839994,
49.12069,-1.742000012,20.90400015,
49.14119,-1.701000004,20.41200005,
49.16111,-1.682999997,20.19599997,
49.18151,-1.692999988,20.31599985,
49.20647,-1.720999985,20.65199982,
49.22654,-1.750000029,21.00000034,
49.24751,-1.776000051,21.31200062,
49.26754,-1.801999955,21.62399946,
49.28799,-1.82400003,21.88800035,
49.30848,-1.847000031,22.16400038,
49.32903,-1.868000059,22.41600071,
49.34946,-1.886999993,22.64399992,
49.37007,-1.903999953,22.84799944,
49.39439,-1.909999995,22.91999994,
49.4149,-1.918000011,23.01600014,
49.43578,-1.926999955,23.12399946,
49.45659,-1.932999997,23.19599997,
49.47652,-1.939999967,23.2799996,
49.49749,-1.947999983,23.37599979,
49.51751,-1.952999978,23.43599974,
49.53792,-1.960999994,23.53199993,
49.56256,-1.939000039,23.26800047,
49.58313,-1.890000014,22.68000017,
49.60342,-1.824999957,21.89999949,
49.62389,-1.755999951,21.07199942,
49.64427,-1.687999992,20.25599991,
49.66484,-1.618000059,19.41600071,
49.68559,-1.551000028,18.61200033,
49.70592,-1.490000038,17.88000046,
49.7264,-1.434000044,17.20800053,
49.75095,-1.380999951,16.57199942,
49.77131,-1.33400002,16.00800024,
49.79189,-1.291999965,15.50399958,
49.81243,-1.260000019,15.12000023,
49.83276,-1.233999996,14.80799995,
49.85332,-1.209999948,14.51999937,
49.87383,-1.187999992,14.25599991,
49.89445,-1.168000011,14.01600014,
49.91492,-1.148999958,13.7879995,
49.93944,-1.133000045,13.59600054,
49.96033,-1.118000059,13.41600071,
49.98083,-1.110000043,13.32000051,
50.00103,-1.100000052,13.20000063,
50.02122,-1.092000036,13.10400043,
50.04177,-1.08400002,13.00800024,
50.06254,-1.082999973,12.99599968,
50.08278,-1.087000041,13.04400049,
50.10332,-1.102000027,13.22400032,
50.12769,-1.140999942,13.6919993,
50.14814,-1.207000046,14.48400055,
50.16864,-1.296000032,15.55200039,
50.18908,-1.380999951,16.57199942,
50.20962,-1.454999952,17.45999943,
50.23048,-1.52000001,18.24000011,
50.2506,-1.584999948,19.01999937,
50.27113,-1.63800004,19.65600048,
50.29588,-1.687999992,20.25599991,
50.31693,-1.742000012,20.90400015,
50.33663,-1.786000042,21.4320005,
50.35699,-1.824999957,21.89999949,
50.37752,-1.855999975,22.2719997,
50.39811,-1.883999972,22.60799967,
50.41871,-1.896999984,22.76399981,
50.43901,-1.87800005,22.5360006,
50.45987,-1.84400001,22.12800013,
50.48396,-1.794999986,21.53999983,
50.50447,-1.737000017,20.84400021,
50.5251,-1.676999955,20.12399946,
50.54539,-1.612999945,19.35599934,
50.56605,-1.55699995,18.6839994,
50.58679,-1.505999951,18.07199942,
50.60708,-1.462000041,17.54400049,
50.62746,-1.424000053,17.08800064,
50.65203,-1.393999963,16.72799955,
50.67235,-1.370000033,16.4400004,
50.69291,-1.345000057,16.14000069,
50.71326,-1.322999983,15.87599979,
50.734,-1.303000002,15.63600002,
50.75425,-1.281999974,15.38399969,
50.77467,-1.268000035,15.21600042,
50.79538,-1.253999977,15.04799973,
50.81591,-1.243000059,14.91600071,
50.8403,-1.230999975,14.7719997,
50.86075,-1.220999985,14.65199982,
50.88126,-1.212000041,14.54400049,
50.90184,-1.204000025,14.4480003,
50.92236,-1.197000055,14.36400066,
50.94323,-1.192999988,14.31599985,
50.96394,-1.192999988,14.31599985,
50.98372,-1.192999988,14.31599985,
51.00422,-1.191999941,14.30399929,
51.02867,-1.191999941,14.30399929,
51.04923,-1.202000051,14.42400061,
51.06975,-1.21900001,14.62800013,
51.09012,-1.248999982,14.98799978,
51.11059,-1.299999981,15.59999977,
51.13111,-1.373999982,16.48799978,
51.15158,-1.462999969,17.55599962,
51.1722,-1.541000037,18.49200045,
51.19657,-1.615999966,19.39199959,
51.21702,-1.676999955,20.12399946,
51.23817,-1.72599998,20.71199976,
51.25826,-1.776999979,21.32399975,
51.27877,-1.832000046,21.98400055,
51.29903,-1.898999958,22.7879995,
51.32005,-1.944999962,23.33999954,
51.3407,-1.977000027,23.72400032,
51.36061,-2.005000024,24.06000029,
51.38503,-2.030999928,24.37199913,
51.40549,-2.049999981,24.59999977,
51.42593,-2.069000034,24.82800041,
51.44695,-2.085999994,25.03199993,
51.46709,-2.069999962,24.83999954,
51.48734,-2.025000005,24.30000006,
51.50785,-1.967999964,23.61599957,
51.52849,-1.903999953,22.84799944,
51.54891,-1.837000041,22.04400049,
51.57367,-1.775000005,21.30000006,
51.59432,-1.717000036,20.60400043,
51.61514,-1.668000011,20.01600014,
51.63491,-1.618999987,19.42799984,
51.65528,-1.579000025,18.9480003,
51.67589,-1.546000032,18.55200039,
51.69625,-1.515000014,18.18000017,
51.71669,-1.490000038,17.88000046,
51.74138,-1.472999959,17.67599951,
51.76185,-1.470999985,17.65199982,
51.78245,-1.493000059,17.91600071,
51.80285,-1.541000037,18.49200045,
51.82332,-1.612999945,19.35599934,
51.84371,-1.678000002,20.13600002,
51.86409,-1.733999996,20.80799995,
51.88479,-1.786999969,21.44399963,
51.90532,-1.837000041,22.04400049,
51.92968,-1.87800005,22.5360006,
51.95016,-1.913999944,22.96799932,
51.97071,-1.946000009,23.3520001,
51.99138,-1.980000048,23.76000057,
52.01208,-2.008999972,24.10799967,
52.03213,-2.033999949,24.40799938,
52.05264,-2.053000002,24.63600002,
52.07318,-2.076000004,24.91200005,
52.09377,-2.096999912,25.16399895,
52.11884,-2.108999996,25.30799995,
52.13908,-2.128999977,25.54799973,
52.15907,-2.142999916,25.71599899,
52.18004,-2.154000072,25.84800087,
52.20053,-2.158000021,25.89600025,
52.22102,-2.168000011,26.01600014,
52.24166,-2.191000013,26.29200016,
52.26184,-2.200000076,26.40000092,
52.2861,-2.200000076,26.40000092,
52.30728,-2.19899991,26.38799892,
52.32766,-2.19899991,26.38799892,
52.34835,-2.195999889,26.35199867,
52.36799,-2.197000055,26.36400066,
52.38888,-2.194000034,26.32800041,
52.40908,-2.194000034,26.32800041,
52.42945,-2.194000034,26.32800041,
52.44987,-2.193000107,26.31600128,
52.47532,-2.154000072,25.84800087,
52.49495,-2.089999943,25.07999931,
52.51556,-2.018000035,24.21600042,
52.53678,-1.941000013,23.29200016,
52.55768,-1.86099997,22.33199965,
52.57707,-1.788999944,21.46799932,
52.59738,-1.724000006,20.68800007,
52.61792,-1.66499999,19.97999989,
52.64243,-1.613999991,19.3679999,
52.66293,-1.572999983,18.87599979,
52.68341,-1.543000011,18.51600014,
52.7039,-1.528999953,18.34799944,
52.72456,-1.538000016,18.45600019,
52.74549,-1.57400003,18.88800035,
52.76565,-1.640000014,19.68000017,
52.78667,-1.684000044,20.20800053,
52.8063,-1.69900003,20.38800035,
52.83109,-1.671000032,20.05200039,
52.85142,-1.656999974,19.88399969,
52.87189,-1.666000037,19.99200045,
52.8923,-1.650000005,19.80000006,
52.91295,-1.615000038,19.38000046,
52.93332,-1.577000051,18.92400061,
52.95367,-1.541000037,18.49200045,
52.97415,-1.508999972,18.10799967,
52.99464,-1.480000048,17.76000057,
53.01939,-1.457999973,17.49599968,
53.03985,-1.439000039,17.26800047,
53.06022,-1.424000053,17.08800064,
53.08089,-1.406999974,16.88399969,
53.1012,-1.393000035,16.71600042,
53.12164,-1.381999998,16.58399998,
53.14242,-1.370999961,16.45199953,
53.16258,-1.360000043,16.32000051,
53.18305,-1.352999954,16.23599945,
53.20769,-1.347000031,16.16400038,
53.22857,-1.342999964,16.11599957,
53.24941,-1.339999943,16.07999931,
53.26912,-1.335999994,16.03199993,
53.28957,-1.335999994,16.03199993,
53.31008,-1.34099999,16.09199987,
53.3308,-1.350000052,16.20000063,
53.35123,-1.362999945,16.35599934,
53.37548,-1.388999968,16.66799961,
53.3969,-1.439000039,17.26800047,
53.41697,-1.515000014,18.18000017,
53.43705,-1.595000057,19.14000069,
53.45757,-1.673000007,20.07600008,
53.47794,-1.745000033,20.9400004,
53.49892,-1.807999997,21.69599997,
53.51961,-1.865000038,22.38000046,
53.53942,-1.916000037,22.99200045,
53.56419,-1.959999948,23.51999937,
53.58459,-1.987999945,23.85599934,
53.60495,-1.982999949,23.79599939,
53.62552,-1.957999973,23.49599968,
53.64595,-1.929999976,23.15999971,
53.66648,-1.88800004,22.65600048,
53.68682,-1.839999943,22.07999931,
53.70728,-1.78999999,21.47999989,
53.72816,-1.745000033,20.9400004,
53.75307,-1.702999978,20.43599974,
53.77302,-1.669000058,20.0280007,
53.7933,-1.64500001,19.74000011,
53.81379,-1.633000045,19.59600054,
53.83426,-1.641999989,19.70399986,
53.85525,-1.671000032,20.05200039,
53.87624,-1.691000013,20.29200016,
53.89578,-1.686999946,20.24399935,
53.92017,-1.668000011,20.01600014,
53.94098,-1.643000035,19.71600042,
53.96138,-1.618000059,19.41600071,
53.98188,-1.595999985,19.15199982,
54.0022,-1.577000051,18.92400061,
54.02271,-1.559000044,18.70800053,
54.04319,-1.544000058,18.5280007,
54.06362,-1.533000021,18.39600025,
54.08426,-1.521999984,18.26399981,
54.1087,-1.508999972,18.10799967,
54.12917,-1.500999956,18.01199947,
54.15049,-1.488999991,17.8679999,
54.17027,-1.482000022,17.78400026,
54.19073,-1.474000006,17.68800007,
54.21116,-1.46900001,17.62800013,
54.23196,-1.462999969,17.55599962,
54.25225,-1.460999994,17.53199993,
54.27898,-1.455999999,17.47199999,
54.2997,-1.441999941,17.30399929,
54.3177,-1.441000013,17.29200016,
54.33815,-1.439000039,17.26800047,
54.35863,-1.439000039,17.26800047,
54.379,-1.447999983,17.37599979,
54.4,-1.464999943,17.57999931,
54.4212,-1.470000057,17.64000069,
54.44219,-1.470000057,17.64000069,
54.46671,-1.464999943,17.57999931,
54.48555,-1.459999948,17.51999937,
54.50599,-1.455999999,17.47199999,
54.52666,-1.451000004,17.41200005,
54.5469,-1.447999983,17.37599979,
54.5676,-1.444999962,17.33999954,
54.58812,-1.441000013,17.29200016,
54.60842,-1.437999992,17.25599991,
54.62918,-1.437999992,17.25599991,
54.65363,-1.436000018,17.23200022,
54.67392,-1.434999971,17.21999966,
54.69446,-1.434000044,17.20800053,
54.71545,-1.432999997,17.19599997,
54.73603,-1.431000023,17.17200027,
54.75599,-1.431000023,17.17200027,
54.77634,-1.431000023,17.17200027,
54.79674,-1.431000023,17.17200027,
54.81768,-1.439999967,17.2799996,
54.842,-1.454000025,17.4480003,
54.86244,-1.482999949,17.79599939,
54.88322,-1.536000042,18.4320005,
54.90388,-1.564000039,18.76800047,
54.92387,-1.57400003,18.88800035,
54.94438,-1.572999983,18.87599979,
54.9648,-1.564999967,18.7799996,
54.98518,-1.554000049,18.64800058,
55.00997,-1.538000016,18.45600019,
55.03031,-1.526000051,18.31200062,
55.05089,-1.515000014,18.18000017,
55.07126,-1.505000024,18.06000029,
55.09177,-1.497000008,17.96400009,
55.11216,-1.487999945,17.85599934,
55.13279,-1.482000022,17.78400026,
55.15325,-1.479000001,17.74800001,
55.17359,-1.474000006,17.68800007,
55.1982,-1.46900001,17.62800013,
55.21874,-1.464000015,17.56800018,
55.23913,-1.460999994,17.53199993,
55.25982,-1.457999973,17.49599968,
55.28013,-1.452999978,17.43599974,
55.30056,-1.451000004,17.41200005,
55.32169,-1.451000004,17.41200005,
55.34148,-1.44900003,17.38800035,
55.36621,-1.447999983,17.37599979,
55.38655,-1.444000034,17.32800041,
55.40705,-1.441999941,17.30399929,
55.42757,-1.437999992,17.25599991,
55.44803,-1.436000018,17.23200022,
55.46862,-1.434999971,17.21999966,
55.48899,-1.434999971,17.21999966,
55.5094,-1.434000044,17.20800053,
55.5299,-1.43199995,17.1839994,
55.5549,-1.426999955,17.12399946,
55.57508,-1.424999981,17.09999977,
55.59566,-1.424999981,17.09999977,
55.61602,-1.424999981,17.09999977,
55.63644,-1.424999981,17.09999977,
55.65701,-1.424999981,17.09999977,
55.67796,-1.423000007,17.07600008,
55.69803,-1.273000031,15.27600037,
55.71856,-1.13800004,13.65600048,
55.743,-1.066000013,12.79200016,
55.76357,-1.017999976,12.21599971,
55.7857,-0.951000004,11.41200005,
55.80587,-0.880000024,10.56000029,
55.82494,-0.801000028,9.612000332,
55.84541,-0.719999998,8.639999971,
55.86673,-0.64500001,7.740000114,
55.88654,-0.586999981,7.043999777,
55.91105,-0.614999979,7.379999743,
55.93178,-0.650999992,7.811999903,
55.95398,-0.58400002,7.00800024,
55.97448,-0.523999988,6.287999854,
55.99368,-0.46900001,5.628000126,
56.01337,-0.421000003,5.052000031,
56.03703,-0.377000003,4.524000034,
56.05737,-0.335999994,4.031999931,
56.08616,-0.300000011,3.600000129,
56.09977,-0.267000003,3.204000041,
56.12181,-0.237000002,2.844000027,
56.14198,-0.212999998,2.55599998,
56.16093,-0.189999996,2.279999957,
56.18163,-0.168999999,2.027999983,
56.20201,-0.149999997,1.799999968,
56.22231,-0.131000004,1.572000042,
56.24326,-0.116000003,1.392000035,
56.26403,-0.102999999,1.235999987,
56.28967,-0.089999999,1.079999984,
56.31018,-0.078999999,0.947999985,
56.33043,-0.067,0.804000006,
56.3506,-0.056000001,0.672000006,
56.36975,-0.047000001,0.564000011,
56.39023,-0.039,0.467999995,
56.41073,-0.032,0.384000001,
56.43193,-0.024,0.287999999,
56.45351,-0.019,0.228000001,
56.47771,-0.012999999,0.155999989,
56.4967,-0.009,0.108000003,
56.51724,-0.008,0.096000001,
56.53763,-0.002999999,0.035999992,
56.55819,-0.001000001,0.01200001,
56.57891,0.003,0,
56.59924,0.005,0,
56.6215,0.005,0,
56.64204,0.007999999,0,
56.66596,0.009999999,0,
56.6852,0.011999999,0,
56.70556,0.015000002,0,
56.7262,0.018999999,0,
56.74694,0.022000001,0,
56.76763,0.020999999,0,
56.78947,0.020999999,0,
56.81007,0.020999999,0,
56.83072,0.022000001,0,
56.85357,0.022000001,0,
56.87414,0.024000001,0,
56.89397,0.025,0,
56.91482,0.022999999,0,
56.93524,0.022999999,0,
56.95741,0.024000001,0,
56.97765,0.024000001,0,
56.9963,0.022999999,0,
57.01722,0.024000001,0,
57.04174,0.022999999,0,
57.06241,0.025,0,
57.08234,0.025,0,
57.10331,0.027,0,
57.12374,0.027,0,
57.14428,0.027,0,
57.16423,0.027,0,
57.18525,0.027,0,
57.20561,0.027,0,
57.22973,0.027,0,
57.25068,0.027,0,
57.2712,0.026000002,0,
57.29127,0.025,0,
57.31215,0.024000001,0,
57.33263,0.025,0,
57.35307,0.026000002,0,
57.37435,0.025,0,
57.39365,0.026000002,0,
57.41809,0.027999998,0,
57.43872,0.027999998,0,
57.45923,0.029,0,
57.4796,0.029,0,
57.50001,0.031000001,0,
57.52057,0.029,0,
57.54109,0.022999999,0,
57.5616,0.018999999,0,
57.58199,0.014,0,
57.60654,0.007,0,
57.62705,-0.003999999,0.047999994,
57.6475,-0.025,0.300000001,
57.66824,-0.05,0.599999995,
57.68853,-0.085,1.019999996,
57.70892,-0.119000002,1.428000019,
57.72942,-0.145000002,1.740000025,
57.75001,-0.160999997,1.931999967,
57.7711,-0.174999996,2.09999995,
57.79496,-0.186000003,2.232000039,
57.8154,-0.197999998,2.375999973,
57.83586,-0.207000001,2.484000013,
57.85689,-0.216000004,2.592000053,
57.87747,-0.223000004,2.676000044,
57.89744,-0.231000005,2.77200006,
57.91831,-0.243,2.915999994,
57.93849,-0.252000003,3.024000034,
57.95922,-0.261999993,3.14399992,
57.98399,-0.271999999,3.263999984,
58.00386,-0.282999991,3.395999894,
58.02493,-0.293000011,3.516000137,
58.04541,-0.298000007,3.57600008,
58.06537,-0.303999989,3.647999868,
58.08653,-0.310000001,3.720000014,
58.10706,-0.314000009,3.768000112,
58.12679,-0.321000009,3.852000103,
58.14771,-0.328999995,3.94799994,
58.17182,-0.33399999,4.007999883,
58.19306,-0.34099999,4.091999874,
58.21325,-0.349000006,4.188000069,
58.23323,-0.358999996,4.307999954,
58.25509,-0.367000012,4.404000149,
58.27465,-0.379000007,4.548000083,
58.2949,-0.386999993,4.64399992,
58.31562,-0.39500001,4.740000114,
58.33622,-0.402000009,4.824000106,
58.36021,-0.407000004,4.884000049,
58.38131,-0.412999986,4.955999837,
58.4018,-0.419999986,5.039999828,
58.42179,-0.425999998,5.111999974,
58.44221,-0.435000001,5.220000014,
58.4631,-0.444999992,5.3399999,
58.48347,-0.453000008,5.436000094,
58.50369,-0.460000007,5.520000086,
58.52872,-0.465000002,5.580000029,
58.54912,-0.472000002,5.66400002,
58.56942,-0.481000005,5.77200006,
58.58974,-0.490000008,5.8800001,
58.61081,-0.499999999,5.999999986,
58.63219,-0.509999989,6.119999871,
58.65108,-0.518999993,6.227999911,
58.67196,-0.529000013,6.348000154,
58.69211,-0.537000029,6.444000349,
58.71716,-0.54700002,6.564000235,
58.73742,-0.554999976,6.659999714,
58.75794,-0.562999992,6.755999908,
58.7788,-0.571000009,6.852000103,
58.79852,-0.577999978,6.935999737,
58.81953,-0.586999981,7.043999777,
58.84044,-0.598000019,7.176000223,
58.86012,-0.607000022,7.284000263,
58.88113,-0.619999974,7.439999685,
58.90577,-0.608999996,7.307999954,
58.9258,-0.59099999,7.091999874,
58.94626,-0.561000018,6.732000217,
58.96851,-0.525999992,6.311999903,
58.98901,-0.486999987,5.843999848,
59.00748,-0.446000009,5.352000103,
59.02818,-0.405,4.86,
59.04855,-0.365000008,4.3800001,
59.069,-0.326999991,3.923999891,
59.09364,-0.289000003,3.46800004,
59.11443,-0.254999994,3.059999928,
59.13652,-0.226999997,2.723999963,
59.15685,-0.201000004,2.412000046,
59.17682,-0.180999993,2.171999917,
59.19614,-0.160999997,1.931999967,
59.2167,-0.142000003,1.704000041,
59.23713,-0.126000001,1.51200001,
59.26155,-0.109999998,1.319999979,
59.28214,-0.094000003,1.128000036,
59.30443,-0.080000001,0.960000009,
59.32472,-0.069000001,0.82800001,
59.3448,-0.058999999,0.70799999,
59.36397,-0.05,0.599999995,
59.38439,-0.043,0.516000003,
59.40493,-0.038,0.456000005,
59.42531,-0.031,0.372000001,
59.45023,-0.022,0.263999995,
59.47248,-0.017,0.203999997,
59.49318,-0.012000001,0.144000009,
59.51283,-0.008,0.096000001,
59.53203,-0.002999999,0.035999992,
59.55246,-0.001000001,0.01200001,
59.57299,0.002000002,0,
59.59333,0.005,0,
59.61411,0.007999999,0,
59.64026,0.011999999,0,
59.66056,0.014,0,
59.6807,0.016999998,0,
59.69994,0.018999999,0,
59.72043,0.020000001,0,
59.74086,0.020999999,0,
59.76127,0.020999999,0,
59.78193,0.022000001,0,
59.80424,0.024000001,0,
59.82424,0.025,0,
59.84729,0.027,0,
59.86821,0.027999998,0,
59.88836,0.027999998,0,
59.90876,0.029999999,0,
59.92932,0.031000001,0,
59.94968,0.031999999,0,
59.97203,0.031000001,0,
59.9928,0.029999999,0,
