4.517313,-0.478000014,0,
4.537689,-0.641999989,7.703999863,27.32399975
4.558119,-0.751000016,9.012000189,0.646895507
4.578777,-0.804999976,9.659999714,
4.599865,-0.897999971,10.77599965,
4.619535,-0.961999981,11.54399978,
4.640219,-1.074999957,12.89999949,
4.6621,-1.178000002,14.13600002,
4.682133,-1.319000034,15.82800041,
4.705475,-1.406999974,16.88399969,
4.726053,-1.508000045,18.09600054,
4.746386,-1.638999968,19.66799961,
4.766941,-1.752000003,21.02400003,
4.787346,-1.809999971,21.71999966,
4.807898,-1.863999991,22.3679999,
4.828367,-1.928000002,23.13600002,
4.84935,-2.033000021,24.39600025,
4.87332,-2.122000008,25.46400009,
4.89394,-2.128999977,25.54799973,
4.914278,-2.178999929,26.14799915,
4.934866,-2.250999956,27.01199947,
4.955229,-2.276999979,27.32399975,
4.97578,-2.204000025,26.4480003,
4.996244,-1.982999949,23.79599939,
5.016911,-1.781000047,21.37200056,
5.037235,-1.602000027,19.22400032,
5.062181,-1.437999992,17.25599991,
5.082357,-1.288999944,15.46799932,
5.102821,-1.156000047,13.87200056,
5.123302,-1.038000016,12.45600019,
5.143991,-0.931000023,11.17200027,
5.166363,-0.835000007,10.02000009,
5.185896,-0.748999982,8.987999783,
5.205151,-0.669999986,8.039999828,
5.225407,-0.60099998,7.21199976,
5.25032,-0.53999999,6.479999886,
5.270601,-0.483999996,0,
5.29118,-0.434000014,0,
5.311729,-0.38800001,0,
5.332047,-0.347000002,0,
5.352751,-0.310000001,0,
5.373047,-0.276000007,0,
5.393494,-0.246000006,0,
5.418026,-0.219999998,0,
5.438509,-0.194000005,0,
5.459127,-0.171000003,0,
5.479446,-0.149999997,0,
5.500147,-0.131999998,0,
5.52046,-0.115000001,0,
5.541027,-0.1,0,
5.561453,-0.086000002,0,
5.581869,-0.073000001,0,
5.606369,-0.060999999,0,
5.626966,-0.05,0,
5.64809,-0.041,0,
5.667946,-0.034,0,
5.688332,-0.027,0,
5.709625,-0.019,0,
5.729347,-0.012000001,0,
5.749842,-0.008,0,
5.770397,-0.002999999,0,
5.794739,0.000999999,0,
5.815447,0.003,0,
5.835915,0.004000002,0,
5.8563,0.007999999,0,
5.876884,0.011999999,0,
5.897461,0.016,0,
5.917761,0.018999999,0,
5.938148,0.020999999,0,
5.958717,0.022000001,0,
5.983358,0.024000001,0,
6.003832,0.025,0,
6.024195,0.024000001,0,
6.044735,0.024000001,0,
6.065199,0.026000002,0,
6.085819,0.027,0,
6.10618,0.027,0,
6.127337,0.027,0,
6.147213,0.027999998,0,
6.171686,0.029999999,0,
6.19216,0.033000001,0,
6.21266,0.034000003,0,
6.233145,0.034999998,0,
6.254009,0.034999998,0,
6.274094,0.034000003,0,
6.294647,0.034000003,0,
6.3151,0.034000003,0,
6.335546,0.033000001,0,
6.355991,0.033000001,0,
6.380518,0.034999998,0,
6.401646,0.034000003,0,
6.421497,0.034999998,0,
6.441986,0.034999998,0,
6.462538,0.034999998,0,
6.483032,0.034999998,0,
6.503534,0.036,0,
6.523954,0.034999998,0,
6.544968,0.034999998,0,
6.569345,0.037000002,0,
6.589483,0.036,0,
6.610266,0.036,0,
6.630461,0.034000003,0,
6.650934,0.034999998,0,
6.671465,0.034999998,0,
6.691814,0.034999998,0,
6.712397,0.036,0,
6.732872,0.034999998,0,
6.757463,0.034000003,0,
6.777929,0.034000003,0,
6.79837,0.034000003,0,
6.81901,0.033000001,0,
6.839336,0.033000001,0,
6.859829,0.031000001,0,
6.880247,0.029999999,0,
6.900776,0.029999999,0,
6.92285,0.029,0,
6.945944,0.029999999,0,
6.966288,0.029999999,0,
6.986906,0.029999999,0,
7.007217,0.031000001,0,
7.02788,0.031999999,0,
7.04826,0.031999999,0,
7.069273,0.031999999,0,
7.089151,0.031000001,0,
7.10972,0.031000001,0,
7.134399,0.031000001,0,
7.154804,0.031999999,0,
7.175165,0.034999998,0,
7.195612,0.034999998,0,
7.2162,0.036,0,
7.237425,0.036,0,
7.257038,0.034999998,0,
7.27754,0.036,0,
7.298048,0.036,0,
7.32272,0.038000004,0,
7.343412,0.038000004,0,
7.363682,0.038000004,0,
7.384142,0.038000004,0,
7.404661,0.037000002,0,
7.425039,0.034999998,0,
7.445675,0.034000003,0,
7.466078,0.034999998,0,
7.486437,0.034000003,0,
7.510927,0.034000003,0,
7.531721,0.034999998,0,
7.552231,0.034000003,0,
7.573029,0.034000003,0,
7.593094,0.034000003,0,
7.613447,0.034000003,0,
7.634113,0.033000001,0,
7.654596,0.031000001,0,
7.674839,0.031999999,0,
7.699392,0.034000003,0,
7.720413,0.034999998,0,
7.740437,0.034000003,0,
7.761007,0.034000003,0,
7.781385,0.033000001,0,
7.801826,0.031000001,0,
7.822386,0.033000001,0,
7.842867,0.033000001,0,
7.863447,0.031999999,0,
7.887983,0.033000001,0,
7.908354,0.034000003,0,
7.928852,0.034000003,0,
7.949308,0.034000003,0,
7.970032,0.034000003,0,
7.990557,0.033000001,0,
8.010704,0.031999999,0,
8.031225,0.031000001,0,
8.051691,0.031000001,0,
8.076389,0.031000001,0,
8.096743,0.033000001,0,
8.117413,0.034000003,0,
8.137705,0.034999998,0,
8.158241,0.034000003,0,
8.17881,0.033000001,0,
8.199158,0.033000001,0,
8.219616,0.031999999,0,
8.240088,0.031000001,0,
8.260553,0.031000001,0,
8.285311,0.031000001,0,
8.305855,0.031999999,0,
8.326277,0.031000001,0,
8.346687,0.031999999,0,
8.367266,0.029,0,
8.387751,0.031000001,0,
8.408068,0.031999999,0,
8.428677,0.031000001,0,
8.44945,0.029,0,
8.473671,0.029999999,0,
8.494236,0.029999999,0,
8.514523,0.031000001,0,
8.535069,0.031000001,0,
8.555395,0.031999999,0,
8.575975,0.031000001,0,
8.596607,0.029999999,0,
8.617493,0.029999999,0,
8.637447,0.029,0,
8.662157,0.027999998,0,
8.682533,0.029,0,
8.703026,0.029999999,0,
8.724077,0.031000001,0,
8.744583,0.031000001,0,
8.764376,0.031000001,0,
8.785418,0.031000001,0,
8.805426,0.031000001,0,
8.826218,0.031000001,0,
8.850384,0.031000001,0,
8.87088,0.031000001,0,
8.891331,0.031000001,0,
8.912046,0.029999999,0,
8.93231,0.027999998,0,
8.952837,0.029,0,
8.973438,0.027,0,
8.993792,0.027,0,
9.014357,0.026000002,0,
9.038845,0.026000002,0,
9.059248,0.027,0,
9.079929,0.022999999,0,
9.100319,0.022999999,0,
9.120903,0.022999999,0,
9.141222,0.024000001,0,
9.16173,0.024000001,0,
9.18524,0.024000001,0,
9.205727,0.024000001,0,
9.230736,0.024000001,0,
9.256062,0.026000002,0,
9.268297,0.026000002,0,
9.288698,0.024000001,0,
9.309092,0.025,0,
9.329859,0.026000002,0,
9.350231,0.025,0,
9.37063,0.026000002,0,
9.39151,0.027,0,
9.415745,0.026000002,0,
9.436258,0.026000002,0,
9.45664,0.026000002,0,
9.477047,0.027,0,
9.497576,0.027999998,0,
9.517973,0.027999998,0,
9.538828,0.029,0,
9.558975,0.029,0,
9.579399,0.029999999,0,
9.604155,0.029999999,0,
9.624916,0.029999999,0,
9.645145,0.031000001,0,
9.665558,0.031000001,0,
9.685944,0.031000001,0,
9.70643,0.031000001,0,
9.726929,0.031000001,0,
9.747509,0.031000001,0,
9.767941,0.031000001,0,
9.788723,0.029999999,0,
9.812971,0.029999999,0,
9.833561,0.029999999,0,
9.854256,0.031999999,0,
9.874357,0.031000001,0,
9.895296,0.031000001,0,
9.915382,0.029999999,0,
9.935837,0.029999999,0,
9.956377,0.029999999,0,
9.976822,0.031000001,0,
10.00138,0.033000001,0,
10.02188,0.034000003,0,
10.04231,0.034000003,0,
10.06301,0.034000003,0,
10.08392,0.031999999,0,
10.10438,0.033000001,0,
10.12443,0.033000001,0,
10.14478,0.034000003,0,
10.16568,0.034000003,0,
10.18984,0.033000001,0,
10.21022,0.031999999,0,
10.23064,0.033000001,0,
10.25118,0.034000003,0,
10.27174,0.031999999,0,
10.2922,0.031999999,0,
10.31275,0.031000001,0,
10.33328,0.031000001,0,
10.35363,0.029,0,
10.37826,0.031000001,0,
10.39862,0.031000001,0,
10.41922,0.031000001,0,
10.43966,0.031999999,0,
10.46002,0.031999999,0,
10.48063,0.031000001,0,
10.50109,0.031999999,0,
10.52152,0.031000001,0,
10.54203,0.034000003,0,
10.56658,0.034000003,0,
10.58714,0.034000003,0,
10.60764,0.034000003,0,
10.62806,0.034999998,0,
10.64849,0.034999998,0,
10.66909,0.034999998,0,
10.68949,0.034000003,0,
10.70995,0.031999999,0,
10.73055,0.031000001,0,
10.75497,0.031000001,0,
10.77555,0.034000003,0,
10.79606,0.034000003,0,
10.81645,0.037000002,0,
10.83702,0.036,0,
10.85745,0.036,0,
10.87783,0.036,0,
10.89843,0.036,0,
10.91931,0.036,0,
10.94338,0.034999998,0,
10.96442,0.034999998,0,
10.98436,0.036,0,
11.00523,0.036,0,
11.02546,0.037000002,0,
11.04581,0.037000002,0,
11.06635,0.036,0,
11.08685,0.033000001,0,
11.10746,0.031999999,0,
11.13181,0.033000001,0,
11.15249,0.031999999,0,
11.17302,0.033000001,0,
11.19326,0.033000001,0,
11.2139,0.034000003,0,
11.2342,0.034999998,0,
11.25471,0.036,0,
11.27511,0.037000002,0,
11.29562,0.036,0,
11.32037,0.038000004,0,
11.34088,0.038999998,0,
11.36116,0.041000002,0,
11.38169,0.04,0,
11.40216,0.038999998,0,
11.42273,0.038999998,0,
11.44317,0.038000004,0,
11.4636,0.038000004,0,
11.48403,0.037000002,0,
11.50465,0.036,0,
11.52925,0.037000002,0,
11.54959,0.038999998,0,
11.57004,0.04,0,
11.59116,0.04,0,
11.61104,0.038999998,0,
11.63161,0.04,0,
11.65201,0.041000002,0,
11.67248,0.038000004,0,
11.69302,0.038000004,0,
11.7175,0.038999998,0,
11.73814,0.038999998,0,
11.75856,0.04,0,
11.77898,0.041000002,0,
11.79947,0.04,0,
11.8199,0.038999998,0,
11.84073,0.038000004,0,
11.86085,0.037000002,0,
11.88144,0.036,0,
11.90598,0.034999998,0,
11.92641,0.034000003,0,
11.94723,0.033000001,0,
11.96738,0.033000001,0,
11.98783,0.031999999,0,
12.00856,0.031000001,0,
12.0288,0.029999999,0,
12.04939,0.029,0,
12.06986,0.029,0,
12.09438,0.029,0,
12.11558,0.031000001,0,
12.13537,0.031000001,0,
12.156,0.031000001,0,
12.17638,0.029999999,0,
12.19674,0.029999999,0,
12.21736,0.029999999,0,
12.23776,0.027999998,0,
12.25833,0.029,0,
12.28276,0.029999999,0,
12.3034,0.031999999,0,
12.32368,0.034000003,0,
12.34424,0.034000003,0,
12.36528,0.034999998,0,
12.38511,0.034000003,0,
12.4056,0.033000001,0,
12.42606,0.031000001,0,
12.44658,0.029999999,0,
12.47126,0.029999999,0,
12.49166,0.029999999,0,
12.51216,0.029,0,
12.5326,0.027999998,0,
12.55376,0.027999998,0,
12.5739,0.027999998,0,
12.59417,0.027999998,0,
12.6147,0.027999998,0,
12.63506,0.029,0,
12.65955,0.027999998,0,
12.68029,0.029999999,0,
12.70053,0.031000001,0,
12.72132,0.031000001,0,
12.74146,0.033000001,0,
12.76189,0.031000001,0,
12.78252,0.029999999,0,
12.80289,0.031000001,0,
12.82351,0.031000001,0,
12.84403,0.029999999,0,
12.86914,0.031000001,0,
12.88971,0.033000001,0,
12.90965,0.031999999,0,
12.92991,0.033000001,0,
12.95036,0.034999998,0,
12.97102,0.034000003,0,
12.9919,0.033000001,0,
13.01257,0.034000003,0,
13.03255,0.031999999,0,
13.05731,0.031000001,0,
13.07746,0.033000001,0,
13.09809,0.034000003,0,
13.11841,0.033000001,0,
13.13888,0.034999998,0,
13.15933,0.036,0,
13.17995,0.036,0,
13.2004,0.037000002,0,
13.22092,0.036,0,
13.24538,0.034999998,0,
13.26589,0.036,0,
13.28635,0.036,0,
13.30688,0.036,0,
13.32726,0.037000002,0,
13.34789,0.037000002,0,
13.36819,0.036,0,
13.38914,0.036,0,
13.40937,0.037000002,0,
13.43372,0.038000004,0,
13.45423,0.038000004,0,
13.47531,0.037000002,0,
13.49519,0.037000002,0,
13.51582,0.036,0,
13.53624,0.036,0,
13.55663,0.037000002,0,
13.57721,0.038000004,0,
13.5977,0.037000002,0,
13.62234,0.037000002,0,
13.64272,0.038000004,0,
13.66326,0.036,0,
13.6837,0.038999998,0,
13.70415,0.038000004,0,
13.72467,0.037000002,0,
13.74503,0.037000002,0,
13.76547,0.038000004,0,
13.78616,0.036,0,
13.81057,0.037000002,0,
13.8313,0.037000002,0,
13.85157,0.036,0,
13.87211,0.037000002,0,
13.89248,0.034999998,0,
13.91298,0.036,0,
13.93354,0.036,0,
13.95454,0.036,0,
13.97451,0.034999998,0,
13.99905,0.034000003,0,
14.02002,0.034999998,0,
14.04006,0.034999998,0,
14.06045,0.034000003,0,
14.081,0.034999998,0,
14.10159,0.034000003,0,
14.12197,0.034000003,0,
14.14262,0.034000003,0,
14.16302,0.034999998,0,
14.1875,0.034000003,0,
14.2079,0.034999998,0,
14.22854,0.036,0,
14.24904,0.034999998,0,
14.26969,0.034999998,0,
14.28983,0.034999998,0,
14.31033,0.034000003,0,
14.33097,0.034999998,0,
14.35165,0.036,0,
14.37585,0.038000004,0,
14.39629,0.038999998,0,
14.41696,0.038999998,0,
14.43732,0.038000004,0,
14.45779,0.038000004,0,
14.47865,0.038999998,0,
14.49868,0.037000002,0,
14.51937,0.036,0,
14.53975,0.034999998,0,
14.56431,0.034999998,0,
14.58529,0.036,0,
14.60525,0.036,0,
14.62577,0.034999998,0,
14.64614,0.033000001,0,
14.66682,0.034000003,0,
14.68714,0.031999999,0,
14.70805,0.031000001,0,
14.72829,0.029999999,0,
14.75261,0.029999999,0,
14.77341,0.031999999,0,
14.79369,0.031999999,0,
14.81423,0.031999999,0,
14.83531,0.031000001,0,
14.85508,0.029999999,0,
14.87561,0.029,0,
14.8961,0.029999999,0,
14.91653,0.029999999,0,
14.93703,0.031000001,0,
14.96153,0.033000001,0,
14.98212,0.033000001,0,
15.0031,-0.069999999,0,
15.02329,-0.282000004,0,
15.04537,-0.490999995,0,
15.06549,-0.647999971,7.775999651,
15.08475,-0.733999996,8.807999954,
15.10505,-0.812000005,9.744000063,
15.12958,-0.872999995,10.47599994,
15.15,-1.00299999,12.03599988,
15.17055,-1.102000027,13.22400032,
15.1911,-1.294999986,15.53999983,
15.21143,-1.441999941,17.30399929,
15.23203,-1.541000037,18.49200045,
15.25251,-1.623000054,19.47600065,
15.27303,-1.686999946,20.24399935,
15.2935,-1.740000038,20.88000046,
15.31791,-1.809999971,21.71999966,
15.33847,-1.906000047,22.87200056,
15.35905,-2.015999942,24.1919993,
15.37945,-2.095000057,25.14000069,
15.40003,-2.07399991,24.88799892,
15.42032,-2.023999958,24.2879995,
15.44075,-1.988999991,23.8679999,
15.46143,-2.010999947,24.13199936,
15.48184,-2.066999941,24.80399929,
15.50653,-2.125999956,25.51199947,
15.52687,-1.913000016,22.95600019,
15.54737,-1.720000057,20.64000069,
15.56781,-1.54699996,18.56399952,
15.58823,-1.388999968,16.66799961,
15.60886,-1.248999982,14.98799978,
15.62981,-1.123000054,13.47600065,
15.64972,-1.010000019,12.12000023,
15.67021,-0.905999987,10.87199985,
15.69494,-0.812000005,9.744000063,
15.71675,-0.729000001,8.748000011,
15.73722,-0.651999979,7.823999748,
15.75624,-0.585000007,7.020000086,
15.77652,-0.523999988,6.287999854,
15.79702,-0.46900001,0,
15.81762,-0.418000011,0,
15.83806,-0.372999995,0,
15.86267,-0.331999986,0,
15.88316,-0.294999986,0,
15.90361,-0.261000006,0,
15.92414,-0.232000007,0,
15.94452,-0.205999999,0,
15.96494,-0.180999993,0,
15.98552,-0.158999993,0,
16.00594,-0.142000003,0,
16.02658,-0.126000001,0,
16.05101,-0.109999998,0,
16.07146,-0.094999998,0,
16.09202,-0.084000001,0,
16.11261,-0.073000001,0,
16.13311,-0.062000002,0,
16.15348,-0.055,0,
16.17394,-0.046000001,0,
16.19452,-0.039,0,
16.21505,-0.032,0,
16.23949,-0.026,0,
16.26011,-0.022,0,
16.28095,-0.017,0,
16.30085,-0.011000001,0,
16.32143,-0.008,0,
16.3422,-0.005,0,
16.36243,-0.001999999,0,
16.38289,-6.71E-10,0,
16.40345,0.004000002,0,
16.4286,0.009000001,0,
16.44847,0.011000001,0,
16.46902,0.011000001,0,
16.48944,0.013000001,0,
16.50985,0.015000002,0,
16.53043,0.018,0,
16.55091,0.018999999,0,
16.57131,0.020999999,0,
16.5918,0.022000001,0,
16.61631,0.022999999,0,
16.63696,0.025,0,
16.65743,0.026000002,0,
16.6779,0.026000002,0,
16.69852,0.027999998,0,
16.71893,0.031000001,0,
16.73948,0.031000001,0,
16.75991,0.031000001,0,
16.78032,0.031000001,0,
16.80485,0.031999999,0,
16.82526,0.031999999,0,
16.84576,0.031000001,0,
16.86642,0.029,0,
16.88683,0.029999999,0,
16.90717,0.031999999,0,
16.9277,0.031999999,0,
16.94833,0.031999999,0,
16.96862,0.029999999,0,
16.99309,0.031000001,0,
17.01355,0.029,0,
17.03413,0.031000001,0,
17.05453,0.031999999,0,
17.07545,0.029999999,0,
17.09543,0.031999999,0,
17.11626,0.031999999,0,
17.13662,0.033000001,0,
17.15702,0.034000003,0,
17.18156,0.034999998,0,
17.20206,0.034999998,0,
17.22244,0.034000003,0,
17.24343,0.033000001,0,
17.26347,0.031999999,0,
17.28397,0.031000001,0,
17.3043,0.029999999,0,
17.32484,0.029999999,0,
17.34532,0.029999999,0,
17.36598,0.029,0,
17.39043,0.027999998,0,
17.4108,0.029,0,
17.43135,0.027999998,0,
17.45182,0.027,0,
17.47247,0.027,0,
17.49303,0.026000002,0,
17.51331,0.026000002,0,
17.53384,0.026000002,0,
17.55427,0.027,0,
17.57883,0.027,0,
17.59952,0.027999998,0,
17.61987,0.027999998,0,
17.64018,0.027999998,0,
17.66068,0.025,0,
17.68164,0.027999998,0,
17.70193,0.027,0,
17.72215,0.027,0,
17.74282,0.027,0,
17.76784,0.029,0,
17.78775,0.029999999,0,
17.80886,0.029999999,0,
17.82862,0.031000001,0,
17.84908,0.031000001,0,
17.86968,0.031999999,0,
17.89012,0.031999999,0,
17.91072,0.031999999,0,
17.93107,0.031999999,0,
17.95553,0.033000001,0,
17.97606,0.034999998,0,
17.99654,0.034999998,0,
18.01716,0.034000003,0,
18.03756,0.034000003,0,
18.05795,0.031999999,0,
18.07898,0.034000003,0,
18.09911,0.031999999,0,
18.11972,0.033000001,0,
18.14423,0.031999999,0,
18.16461,0.033000001,0,
18.18531,0.033000001,0,
18.20562,0.031999999,0,
18.22602,0.031999999,0,
18.2464,0.031999999,0,
18.26695,0.031000001,0,
18.28747,0.029999999,0,
18.3079,0.029999999,0,
18.33258,0.031999999,0,
18.35312,0.031000001,0,
18.37354,0.033000001,0,
18.39396,0.034000003,0,
18.41429,0.034000003,0,
18.43489,0.033000001,0,
18.45559,0.034999998,0,
18.47596,0.034000003,0,
18.49628,0.033000001,0,
18.52086,0.031999999,0,
18.54158,0.031999999,0,
18.56184,0.033000001,0,
18.58253,0.033000001,0,
18.60308,0.031999999,0,
18.62335,0.034999998,0,
18.6441,0.033000001,0,
18.66444,0.034000003,0,
18.68473,0.034999998,0,
18.70987,0.036,0,
18.72971,0.034999998,0,
18.7505,0.034999998,0,
18.77084,0.036,0,
18.79167,0.034999998,0,
18.81194,0.037000002,0,
18.83234,0.034999998,0,
18.8528,0.034999998,0,
18.87327,0.036,0,
18.89833,0.038000004,0,
18.91811,0.038999998,0,
18.93859,0.038999998,0,
18.95969,0.038999998,0,
18.97954,0.04,0,
19.00008,0.041999997,0,
19.02063,0.041999997,0,
19.04118,0.041999997,0,
19.06165,0.041000002,0,
19.08207,0.04,0,
19.10672,0.041000002,0,
19.12743,0.042999999,0,
19.14755,0.041000002,0,
19.16814,0.04,0,
19.19148,0.04,0,
19.21222,0.038999998,0,
19.24088,0.038000004,0,
19.25017,0.037000002,0,
19.27076,0.036,0,
19.29501,0.036,0,
19.31545,0.036,0,
19.33603,0.036,0,
19.35645,0.036,0,
19.37703,0.036,0,
19.39745,0.037000002,0,
19.41795,0.034999998,0,
19.43843,0.034999998,0,
19.45891,0.034999998,0,
19.48347,0.034999998,0,
19.50393,0.034000003,0,
19.52441,0.031999999,0,
19.54517,0.031000001,0,
19.56528,0.031000001,0,
19.58601,0.031000001,0,
19.60631,0.031000001,0,
19.62679,0.031999999,0,
19.64739,0.033000001,0,
19.67186,0.033000001,0,
19.69242,0.034000003,0,
19.71306,0.036,0,
19.73328,0.036,0,
19.75418,0.034999998,0,
19.77431,0.034999998,0,
19.79493,0.037000002,0,
19.8154,0.037000002,0,
19.83578,0.036,0,
19.86021,0.038000004,0,
19.88083,0.038000004,0,
19.90133,0.038999998,0,
19.92212,0.036,0,
19.9423,0.037000002,0,
19.96281,0.036,0,
19.98325,0.037000002,0,
20.00402,0.037000002,0,
20.02406,0.036,0,
20.04862,0.034999998,0,
20.06916,0.036,0,
20.08957,0.034999998,0,
20.11029,0.034000003,0,
20.1306,0.034999998,0,
20.1511,0.034999998,0,
20.17159,0.034000003,0,
20.19216,0.033000001,0,
20.21276,0.034000003,0,
20.237,0.034999998,0,
20.25761,0.036,0,
20.27802,0.037000002,0,
20.29848,0.037000002,0,
20.31904,0.038000004,0,
20.33955,0.037000002,0,
20.36008,0.038000004,0,
20.38064,0.038999998,0,
20.40099,0.04,0,
20.42586,0.04,0,
20.44608,0.038000004,0,
20.46657,0.038999998,0,
20.48701,0.038999998,0,
20.50745,0.038000004,0,
20.52805,0.038999998,0,
20.54845,0.038000004,0,
20.56898,0.038000004,0,
20.58934,0.037000002,0,
20.61387,0.038000004,0,
20.63443,0.037000002,0,
20.65517,0.037000002,0,
20.67543,0.038999998,0,
20.69595,0.038000004,0,
20.71643,0.038999998,0,
20.73701,0.037000002,0,
20.75738,0.038000004,0,
20.77789,0.038999998,0,
20.80227,0.038999998,0,
20.8228,0.038999998,0,
20.8434,0.04,0,
20.86378,0.041000002,0,
20.88432,0.041999997,0,
20.9053,0.038999998,0,
20.92524,0.038000004,0,
20.94583,0.038999998,0,
20.96627,0.04,0,
20.99063,0.041000002,0,
21.01114,0.041999997,0,
21.03173,0.044000001,0,
21.05272,0.044000001,0,
21.07269,0.044000001,0,
21.09322,0.041000002,0,
21.11364,0.041000002,0,
21.13409,0.04,0,
21.15479,0.038000004,0,
21.17914,0.037000002,0,
21.19955,0.037000002,0,
21.22023,0.038999998,0,
21.24053,0.04,0,
21.26119,0.038000004,0,
21.28164,0.038000004,0,
21.30206,0.038000004,0,
21.32254,0.038999998,0,
21.34307,0.038000004,0,
21.36359,0.037000002,0,
21.38818,0.038000004,0,
21.40856,0.038000004,0,
21.42926,0.038000004,0,
21.44963,0.04,0,
21.47032,0.04,0,
21.49046,0.038999998,0,
21.51101,0.038000004,0,
21.53147,0.038999998,0,
21.55223,0.04,0,
21.57663,0.038999998,0,
21.59718,0.041000002,0,
21.61753,0.041999997,0,
21.63804,0.041000002,0,
21.65846,0.04,0,
21.67898,0.038999998,0,
21.69941,0.038000004,0,
21.71986,0.038000004,0,
21.74037,0.036,0,
21.76479,0.036,0,
21.78535,0.037000002,0,
21.80582,0.038000004,0,
21.82632,0.038000004,0,
21.8469,0.038000004,0,
21.86745,0.038000004,0,
21.88778,0.038000004,0,
21.90826,0.037000002,0,
21.92882,0.036,0,
21.95318,0.037000002,0,
21.97374,0.038000004,0,
21.99438,0.038000004,0,
22.01474,0.038000004,0,
22.03536,0.037000002,0,
22.05594,0.037000002,0,
22.07616,0.037000002,0,
22.09679,0.036,0,
22.11731,0.036,0,
22.14162,0.034999998,0,
22.16225,0.033000001,0,
22.1827,0.034999998,0,
22.20329,0.034999998,0,
22.22366,0.037000002,0,
22.24412,0.037000002,0,
22.26455,0.037000002,0,
22.28502,0.036,0,
22.30561,0.036,0,
22.33009,0.036,0,
22.35067,0.036,0,
22.37111,0.036,0,
22.39165,0.037000002,0,
22.41228,0.037000002,0,
22.43254,0.036,0,
22.45307,0.036,0,
22.47364,0.038000004,0,
22.49393,0.037000002,0,
22.51846,0.037000002,0,
22.53905,0.037000002,0,
22.55957,0.037000002,0,
22.57998,0.034999998,0,
22.60042,0.034000003,0,
22.62112,0.034000003,0,
22.64151,0.033000001,0,
22.66188,0.034000003,0,
22.68309,0.034999998,0,
22.70679,0.036,0,
22.72782,0.037000002,0,
22.74788,0.038000004,0,
22.76844,0.038000004,0,
22.78896,0.038000004,0,
22.80933,0.04,0,
22.82997,0.04,0,
22.85044,0.038999998,0,
22.87075,0.038000004,0,
22.89534,0.038000004,0,
22.91601,0.04,0,
22.93647,0.04,0,
22.95684,0.041999997,0,
22.97737,0.042999999,0,
22.99775,0.04,0,
23.01816,0.04,0,
23.03894,0.041000002,0,
23.06019,0.04,0,
23.08371,0.041000002,0,
23.10419,0.041999997,0,
23.12467,0.041999997,0,
23.14529,0.041000002,0,
23.16576,0.042999999,0,
23.18621,0.041999997,0,
23.20664,0.042999999,0,
23.22724,0.041000002,0,
23.24769,0.041999997,0,
23.27207,0.044000001,0,
23.29258,0.044000001,0,
23.3132,0.044000001,0,
23.33381,0.044000001,0,
23.35425,0.042999999,0,
23.3746,0.042999999,0,
23.39506,0.041999997,0,
23.41554,0.041000002,0,
23.436,0.041000002,0,
23.46053,0.041999997,0,
23.48101,0.044000001,0,
23.50159,0.045000003,0,
23.52206,0.045999998,0,
23.54254,0.045000003,0,
23.56325,0.045000003,0,
23.58354,0.044000001,0,
23.60395,0.042999999,0,
23.62447,0.042999999,0,
23.64488,0.044000001,0,
23.67004,0.044000001,0,
23.69002,0.041999997,0,
23.71039,0.04,0,
23.73107,0.038000004,0,
23.7514,0.036,0,
23.77199,0.034999998,0,
23.79328,0.034999998,0,
23.81293,0.033000001,0,
23.83348,0.031999999,0,
23.85774,0.033000001,0,
23.8786,0.033000001,0,
23.89894,0.034999998,0,
23.91929,0.034999998,0,
23.93994,0.036,0,
23.96023,0.034000003,0,
23.98079,0.034000003,0,
24.00127,0.034000003,0,
24.02162,0.034000003,0,
24.04628,0.034000003,0,
24.0668,0.036,0,
24.0875,0.036,0,
24.10787,0.037000002,0,
24.12831,0.036,0,
24.14874,0.037000002,0,
24.16923,0.034000003,0,
24.18969,0.034999998,0,
24.21016,0.033000001,0,
24.23473,0.031999999,0,
24.25526,0.034000003,0,
24.27573,0.031999999,0,
24.29627,0.031000001,0,
24.31665,0.031999999,0,
24.33711,0.029999999,0,
24.3576,0.029999999,0,
24.37803,0.031999999,0,
24.39869,0.031999999,0,
24.4231,0.031999999,0,
24.44368,0.033000001,0,
24.46421,0.034000003,0,
24.48458,0.036,0,
24.50517,0.034999998,0,
24.52555,0.034999998,0,
24.54601,0.036,0,
24.56661,0.036,0,
24.5873,0.037000002,0,
24.61163,0.037000002,0,
24.63198,0.037000002,0,
24.65261,0.038000004,0,
24.67312,0.038999998,0,
24.69341,0.038999998,0,
24.71402,0.04,0,
24.73442,0.037000002,0,
24.75491,0.037000002,0,
24.77539,0.036,0,
24.80033,0.037000002,0,
24.82047,0.037000002,0,
24.84092,0.037000002,0,
24.86135,0.036,0,
24.88182,0.036,0,
24.90306,0.037000002,0,
24.92299,0.038999998,0,
24.94331,0.038000004,0,
24.96381,0.038000004,0,
24.98874,0.04,0,
25.00892,0.041000002,0,
25.02941,0.038999998,0,
25.04978,0.04,0,
25.07035,0.04,0,
25.09073,0.041000002,0,
25.11129,0.04,0,
25.13195,0.038000004,0,
25.15215,0.038000004,0,
25.17666,0.038999998,0,
25.19725,0.038000004,0,
25.21769,0.04,0,
25.23867,0.04,0,
25.25872,0.04,0,
25.27916,0.038999998,0,
25.29974,0.04,0,
25.32012,0.038999998,0,
25.34076,0.04,0,
25.36176,0.037000002,0,
25.38583,0.038000004,0,
25.40616,0.037000002,0,
25.4267,0.038000004,0,
25.44723,0.038000004,0,
25.46852,0.038999998,0,
25.48828,0.038999998,0,
25.50917,0.038000004,0,
25.52892,0.038999998,0,
25.54956,0.038999998,0,
25.57412,0.041000002,0,
25.59464,0.038999998,0,
25.61507,0.038000004,0,
25.63544,0.038000004,0,
25.656,0.037000002,0,
25.67643,0.038000004,0,
25.69684,0.037000002,0,
25.71733,0.038000004,0,
25.73796,0.038999998,0,
25.76253,0.038999998,0,
25.78303,0.038000004,0,
25.80342,0.038000004,0,
25.82389,0.038999998,0,
25.84444,0.037000002,0,
25.86507,0.037000002,0,
25.88533,0.038000004,0,
25.90591,0.037000002,0,
25.9263,0.036,0,
25.95094,0.037000002,0,
25.97144,0.037000002,0,
25.99195,0.038000004,0,
26.0123,0.038000004,0,
26.03365,0.04,0,
26.0533,0.038999998,0,
26.07395,0.04,0,
26.09423,0.038999998,0,
26.11483,0.038999998,0,
26.13932,0.04,0,
26.15981,0.041000002,0,
26.1809,0.041000002,0,
26.20073,0.038999998,0,
26.22126,0.038999998,0,
26.24199,0.038000004,0,
26.26281,0.038000004,0,
26.28282,0.038999998,0,
26.30332,0.038999998,0,
26.32765,0.04,0,
26.34818,0.041000002,0,
26.36877,0.041000002,0,
26.38936,0.04,0,
26.40995,0.041000002,0,
26.43027,0.041000002,0,
26.4505,0.041000002,0,
26.47168,0.038999998,0,
26.49178,0.04,0,
26.51612,0.04,0,
26.53679,0.041000002,0,
26.55728,0.041999997,0,
26.57785,0.041000002,0,
26.59845,0.038999998,0,
26.61868,0.04,0,
26.63908,0.04,0,
26.6596,0.038999998,0,
26.6799,0.038000004,0,
26.7051,0.04,0,
26.72501,0.04,0,
26.74549,0.04,0,
26.76593,0.041000002,0,
26.78646,0.041000002,0,
26.80704,0.041000002,0,
26.8273,0.04,0,
26.84798,0.038999998,0,
26.86842,0.038000004,0,
26.89285,0.038000004,0,
26.91358,0.038999998,0,
26.93394,0.038999998,0,
26.95435,0.038000004,0,
26.97488,0.036,0,
26.99534,0.034000003,0,
27.01598,0.034999998,0,
27.03627,0.034999998,0,
27.05672,0.034000003,0,
27.07737,0.034000003,0,
27.10215,0.033000001,0,
27.12251,0.033000001,0,
27.14296,0.033000001,0,
27.16337,0.031999999,0,
27.18452,0.031999999,0,
27.20415,0.033000001,0,
27.22488,0.034999998,0,
27.24524,0.034000003,0,
27.26563,0.034000003,0,
27.29029,0.036,0,
27.31078,0.036,0,
27.33153,0.037000002,0,
27.35173,0.037000002,0,
27.37289,0.034999998,0,
27.39275,0.037000002,0,
27.41333,0.034000003,0,
27.43383,0.034000003,0,
27.45455,0.036,0,
27.47878,0.038000004,0,
27.49918,0.04,0,
27.51973,0.038999998,0,
27.54102,0.038000004,0,
27.56064,0.038000004,0,
27.58118,0.038000004,0,
27.60147,0.038000004,0,
27.62204,0.038000004,0,
27.64256,0.038000004,0,
27.66722,0.04,0,
27.68758,0.038999998,0,
27.70805,0.038999998,0,
27.72925,0.038999998,0,
27.74913,0.038000004,0,
27.76952,0.038000004,0,
27.78989,0.038000004,0,
27.81037,0.038000004,0,
27.83089,0.038000004,0,
27.85553,0.038000004,0,
27.87598,0.038000004,0,
27.89645,0.038000004,0,
27.91702,0.036,0,
27.93774,0.034999998,0,
27.95853,0.036,0,
27.97833,0.034999998,0,
27.99891,0.034000003,0,
28.01927,0.033000001,0,
28.04386,0.031999999,0,
28.06447,0.031999999,0,
28.08528,0.034999998,0,
28.10538,0.034000003,0,
28.12628,0.034000003,0,
28.14627,0.034000003,0,
28.16684,0.033000001,0,
28.18732,0.033000001,0,
28.20776,0.033000001,0,
28.2323,0.033000001,0,
28.25288,0.031999999,0,
28.27422,0.033000001,0,
28.29381,0.033000001,0,
28.31503,0.033000001,0,
28.33469,0.034000003,0,
28.35518,0.034999998,0,
28.37574,0.034000003,0,
28.39608,0.033000001,0,
28.42079,0.034000003,0,
28.44118,0.034000003,0,
28.46166,0.034000003,0,
28.48237,0.033000001,0,
28.50263,0.031999999,0,
28.52321,0.031999999,0,
28.54361,0.029,0,
28.56413,0.031000001,0,
28.58475,0.033000001,0,
28.60955,0.034000003,0,
28.62973,0.033000001,0,
28.65012,0.034000003,0,
28.67056,0.034000003,0,
28.69114,0.034000003,0,
28.71157,0.034000003,0,
28.73202,0.031999999,0,
28.75263,0.029999999,0,
28.77337,0.027999998,0,
28.79764,0.029,0,
28.81801,0.027999998,0,
28.8386,0.027999998,0,
28.85909,0.029999999,0,
28.87942,0.029999999,0,
28.90007,0.029,0,
28.92049,0.027999998,0,
28.9409,0.027999998,0,
28.96131,0.026000002,0,
28.98188,0.025,0,
29.00745,0.024000001,0,
29.02688,0.024000001,0,
29.04737,0.022999999,0,
29.06792,0.024000001,0,
29.08846,0.024000001,0,
29.10902,0.024000001,0,
29.12932,0.025,0,
29.14983,0.025,0,
29.17021,0.025,0,
29.19482,0.027999998,0,
29.21543,0.027999998,0,
29.23584,0.026000002,0,
29.25699,0.027,0,
29.27674,0.027999998,0,
29.29717,0.027999998,0,
29.31784,0.029,0,
29.33818,0.027999998,0,
29.35874,0.027999998,0,
29.39035,0.027999998,0,
29.41527,0.027,0,
29.42448,0.027,0,
29.44498,0.027999998,0,
29.46506,0.027999998,0,
29.48565,0.029,0,
29.50615,0.029,0,
29.52673,0.027,0,
29.54705,0.027999998,0,
29.57172,0.029,0,
29.59224,0.031000001,0,
29.61342,0.031999999,0,
29.63327,0.031999999,0,
29.65356,0.029,0,
29.67414,0.031000001,0,
29.69458,0.031000001,0,
29.71495,0.031999999,0,
29.73551,0.031000001,0,
29.76011,0.031000001,0,
29.78056,0.031999999,0,
29.80099,0.033000001,0,
29.8215,0.031999999,0,
29.84208,0.031000001,0,
29.86261,0.029,0,
29.88306,0.029,0,
29.90342,0.029,0,
29.92403,0.029,0,
29.94862,0.029,0,
29.96908,0.029,0,
29.99027,0.027999998,0,
30.00995,0.029,0,
30.03038,0.031000001,0,
30.05162,0.029999999,0,
30.07138,0.029999999,0,
30.09186,0.029,0,
30.11228,0.027999998,0,
30.13689,0.027999998,0,
30.15755,0.027999998,0,
30.17793,0.029,0,
30.19831,0.029,0,
30.21886,0.029999999,0,
30.23943,0.029999999,0,
30.25988,0.027999998,0,
30.2802,0.027,0,
30.3008,0.027,0,
30.32558,0.027,0,
30.34588,0.029,0,
30.36661,0.029999999,0,
30.38687,0.031000001,0,
30.40726,0.031999999,0,
30.42775,0.033000001,0,
30.44817,0.034000003,0,
30.46886,0.034000003,0,
30.48917,0.031999999,0,
30.50964,0.033000001,0,
30.53509,0.031999999,0,
30.55467,0.033000001,0,
30.57527,0.031000001,0,
30.59575,0.033000001,0,
30.61626,0.031000001,0,
30.63673,0.031000001,0,
30.65705,0.033000001,0,
30.67763,0.031999999,0,
30.69805,0.031000001,0,
30.72272,0.031000001,0,
30.74311,0.031999999,0,
30.76366,0.031999999,0,
30.78469,0.031999999,0,
30.80457,0.031999999,0,
30.82511,0.031999999,0,
30.84555,0.034000003,0,
30.86594,0.033000001,0,
30.88649,0.034999998,0,
30.91105,0.034999998,0,
30.93183,0.036,0,
30.95221,0.036,0,
30.97272,0.034999998,0,
30.99327,0.034000003,0,
31.01357,0.033000001,0,
31.03394,0.031999999,0,
31.05435,0.034000003,0,
31.07482,0.034000003,0,
31.09967,0.036,0,
31.11998,0.037000002,0,
31.14065,0.037000002,0,
31.16096,0.038999998,0,
31.18137,0.038999998,0,
31.2021,0.038000004,0,
31.22235,0.037000002,0,
31.24287,0.037000002,0,
31.26336,0.036,0,
31.28793,0.036,0,
31.30843,0.037000002,0,
31.32891,0.037000002,0,
31.34936,0.036,0,
31.36976,0.037000002,0,
31.39023,0.036,0,
31.41082,0.034000003,0,
31.43123,0.033000001,0,
31.45177,0.031000001,0,
31.47632,0.031999999,0,
31.49675,0.031999999,0,
31.51745,0.033000001,0,
31.53825,0.033000001,0,
31.55817,0.033000001,0,
31.57869,0.031000001,0,
31.59914,0.031000001,0,
31.61977,0.029,0,
31.64042,0.027,0,
31.66465,0.027999998,0,
31.68515,0.027999998,0,
31.70564,0.029,0,
31.72626,0.029999999,0,
31.74654,0.027999998,0,
31.76705,0.027,0,
31.78749,0.027,0,
31.80799,0.026000002,0,
31.82872,0.025,0,
31.85316,0.027,0,
31.87426,0.027999998,0,
31.894,0.027,0,
31.91452,0.027,0,
31.9354,0.027,0,
31.95544,0.025,0,
31.97594,0.024000001,0,
31.99648,0.022999999,0,
32.01702,0.022000001,0,
32.04153,0.022999999,0,
32.06197,0.024000001,0,
32.08242,0.025,0,
32.10298,0.025,0,
32.12349,0.026000002,0,
32.14454,0.025,0,
32.16437,0.026000002,0,
32.1848,0.025,0,
32.20552,0.025,0,
32.22989,0.026000002,0,
32.25048,0.027,0,
32.27095,0.027999998,0,
32.29129,0.027999998,0,
32.31182,0.027999998,0,
32.33227,0.027999998,0,
32.35299,0.027999998,0,
32.37324,0.027999998,0,
32.39375,0.027,0,
32.41439,0.029,0,
32.43897,0.029,0,
32.46003,0.029999999,0,
32.4798,0.031000001,0,
32.50022,0.031999999,0,
32.52068,0.031999999,0,
32.54128,0.031000001,0,
32.56182,0.031000001,0,
32.58211,0.033000001,0,
32.60268,0.034000003,0,
32.62727,0.036,0,
32.64783,0.036,0,
32.6688,0.036,0,
32.68861,0.036,0,
32.70921,0.034999998,0,
32.72968,0.036,0,
32.75004,0.034999998,0,
32.77083,0.034999998,0,
32.79108,0.034000003,0,
32.81555,0.034000003,0,
32.83611,0.034000003,0,
32.85664,0.034999998,0,
32.87739,0.036,0,
32.89751,0.036,0,
32.91808,0.036,0,
32.93853,0.036,0,
32.9591,0.034999998,0,
32.97965,0.036,0,
33.00411,0.037000002,0,
33.02462,0.036,0,
33.04558,0.037000002,0,
33.06548,0.038000004,0,
33.08611,0.038000004,0,
33.10656,0.038000004,0,
33.12695,0.037000002,0,
33.14755,0.036,0,
33.1679,0.034999998,0,
33.19249,0.034999998,0,
33.21299,0.036,0,
33.2334,0.037000002,0,
33.25389,0.038999998,0,
33.27438,0.038000004,0,
33.29493,0.037000002,0,
33.31529,0.036,0,
33.33596,0.036,0,
33.3563,0.037000002,0,
33.38086,0.038000004,0,
33.40155,0.038000004,0,
33.42186,0.038000004,0,
33.44241,0.038000004,0,
33.46289,0.037000002,0,
33.48327,0.034999998,0,
33.50381,0.034999998,0,
33.52423,0.034999998,0,
33.5448,0.034999998,0,
33.56937,0.034999998,0,
33.58974,0.037000002,0,
33.61032,0.038000004,0,
33.63076,0.038999998,0,
33.65126,0.037000002,0,
33.67168,0.036,0,
33.69233,0.036,0,
33.71326,0.034000003,0,
33.73313,0.034999998,0,
33.75761,0.034000003,0,
33.77891,0.034999998,0,
33.79968,0.034000003,0,
33.81937,0.034000003,0,
33.83967,0.034000003,0,
33.8601,0.031999999,0,
33.88102,0.031000001,0,
33.90136,0.031999999,0,
33.9225,0.033000001,0,
33.94634,0.033000001,0,
33.96664,0.033000001,0,
33.98771,0.034999998,0,
34.00761,0.033000001,0,
34.02818,0.034999998,0,
34.04855,0.034999998,0,
34.06905,0.034000003,0,
34.08967,0.034000003,0,
34.11023,0.033000001,0,
34.13468,0.031999999,0,
34.15515,0.031000001,0,
34.17569,0.029999999,0,
34.19598,0.031000001,0,
34.21646,0.031000001,0,
34.23759,0.029999999,0,
34.25759,0.029999999,0,
34.27807,0.029,0,
34.29849,0.029,0,
34.3229,0.031000001,0,
34.34352,0.033000001,0,
34.36395,0.033000001,0,
34.38444,0.034000003,0,
34.40493,0.034999998,0,
34.42553,0.036,0,
34.44599,0.034999998,0,
34.4663,0.034999998,0,
34.4868,0.033000001,0,
34.50732,0.031999999,0,
34.53199,0.033000001,0,
34.55243,0.034000003,0,
34.57286,0.034000003,0,
34.59344,0.034000003,0,
34.61383,0.034000003,0,
34.63438,0.034999998,0,
34.65492,0.034000003,0,
34.67526,0.034000003,0,
34.69572,0.031999999,0,
34.72082,0.031999999,0,
34.74068,0.031000001,0,
34.7613,0.031000001,0,
34.7818,0.029999999,0,
34.80217,0.029,0,
34.82262,0.027999998,0,
34.84333,0.029,0,
34.86383,0.029,0,
34.88415,0.029,0,
34.90868,0.029,0,
34.92912,0.027999998,0,
34.94981,0.031000001,0,
34.97023,0.029999999,0,
34.99054,0.029,0,
35.01105,0.031000001,0,
35.03174,0.029999999,0,
35.05217,0.031000001,0,
35.07272,0.031000001,0,
35.09715,0.031000001,0,
35.11771,0.031999999,0,
35.13809,0.031000001,0,
35.15857,0.031000001,0,
35.17918,0.029999999,0,
35.19963,0.029999999,0,
35.22011,0.029,0,
35.24049,0.027999998,0,
35.261,0.027999998,0,
35.28562,0.029999999,0,
35.30608,0.031000001,0,
35.32647,0.033000001,0,
35.34697,0.033000001,0,
35.36773,0.034000003,0,
35.38799,0.033000001,0,
35.40847,0.034000003,0,
35.42908,0.033000001,0,
35.44945,0.031999999,0,
35.47394,0.031000001,0,
35.49452,0.031000001,0,
35.51491,0.031999999,0,
35.5353,0.033000001,0,
35.55591,0.034000003,0,
35.57634,0.031999999,0,
35.597,0.033000001,0,
35.61733,0.034000003,0,
35.63782,0.034000003,0,
35.66258,0.034000003,0,
35.68283,0.033000001,0,
35.7034,0.031999999,0,
35.7238,0.029999999,0,
35.74423,0.031000001,0,
35.76464,0.031000001,0,
35.78533,0.031000001,0,
35.80584,0.029999999,0,
35.82621,0.029,0,
35.85076,0.031000001,0,
35.87122,0.031000001,0,
35.8918,0.033000001,0,
35.91268,-0.119000002,0,
35.93275,-0.305000006,0,
35.95351,-0.502000003,6.024000034,
35.97552,-0.654000013,7.848000154,
35.9958,-0.751000016,9.012000189,
36.01487,-0.802000015,9.624000177,
36.0393,-0.821999996,9.863999949,
36.05965,-0.940000026,11.28000031,
36.08012,-1.04699996,12.56399952,
36.10073,-1.240000038,14.88000046,
36.12129,-1.390999942,16.6919993,
36.14167,-1.482000022,17.78400026,
36.16243,-1.564999967,18.7799996,
36.18265,-1.633999972,19.60799967,
36.20316,-1.692999988,20.31599985,
36.22776,-1.765999942,21.1919993,
36.24807,-1.852999954,22.23599945,
36.26854,-1.954999952,23.45999943,
36.28908,-2.026999979,24.32399975,
36.30949,-2.008000045,24.09600054,
36.33018,-1.967999964,23.61599957,
36.35055,-1.936999946,23.24399935,
36.37094,-1.954999952,23.45999943,
36.39554,-2.00300005,24.0360006,
36.41594,-1.803000002,21.63600002,
36.43662,-1.620999961,19.45199953,
36.45708,-1.455999999,17.47199999,
36.479,-1.307999997,15.69599997,
36.49947,-1.173000007,14.07600008,
36.51846,-1.051999955,12.62399946,
36.53904,-0.942,11.30400001,
36.55982,-0.845999985,10.15199982,
36.58393,-0.758999972,9.107999668,
36.60439,-0.678999989,8.147999868,
36.62493,-0.608000009,7.296000109,
36.64549,-0.544999986,6.539999828,
36.66583,-0.488999991,0,
36.68624,-0.437000005,0,
36.70695,-0.390000014,0,
36.72732,-0.349000006,0,
36.74781,-0.312000005,0,
36.77216,-0.277999996,0,
36.79283,-0.246999993,0,
36.81316,-0.217999994,0,
36.83368,-0.192,0,
36.85427,-0.171000003,0,
36.87509,-0.150999999,0,
36.89511,-0.134000002,0,
36.91557,-0.116999997,0,
36.93625,-0.101000002,0,
36.96077,-0.087999998,0,
36.98117,-0.076,0,
37.00166,-0.065999998,0,
37.02261,-0.056000001,0,
37.04258,-0.047999999,0,
37.06324,-0.041,0,
37.08357,-0.034,0,
37.10426,-0.03,0,
37.12875,-0.024,0,
37.14909,-0.02,0,
37.16972,-0.016,0,
37.19044,-0.01,0,
37.2105,-0.006,0,
37.23092,-0.002999999,0,
37.25157,-0.001999999,0,
37.27214,-0.001000001,0,
37.29258,0.002000002,0,
37.31295,0.004000002,0,
37.33802,0.007,0,
37.35801,0.009999999,0,
37.37859,0.014,0,
37.39897,0.016,0,
37.4195,0.018,0,
37.43993,0.020000001,0,
37.46054,0.022999999,0,
37.48104,0.024000001,0,
37.50151,0.022999999,0,
37.52589,0.026000002,0,
37.54641,0.027999998,0,
37.56688,0.029999999,0,
37.58745,0.029999999,0,
37.60793,0.029999999,0,
37.6284,0.031000001,0,
37.64898,0.031999999,0,
37.66949,0.031000001,0,
37.68998,0.031999999,0,
37.71432,0.034000003,0,
37.73487,0.034999998,0,
37.75528,0.036,0,
37.7757,0.037000002,0,
37.7964,0.037000002,0,
37.81681,0.036,0,
37.83719,0.038000004,0,
37.85796,0.038999998,0,
37.87826,0.041000002,0,
37.90277,0.041000002,0,
37.92363,0.041000002,0,
37.94386,0.041999997,0,
37.96432,0.041000002,0,
37.98462,0.041000002,0,
38.00528,0.038999998,0,
38.02566,0.038000004,0,
38.04609,0.038000004,0,
38.06663,0.037000002,0,
38.09118,0.037000002,0,
38.11176,0.037000002,0,
38.13269,0.033000001,0,
38.15308,0.033000001,0,
38.17311,0.031999999,0,
38.19356,0.029999999,0,
38.2142,0.029,0,
38.23465,0.029,0,
38.25498,0.027,0,
38.27964,0.027999998,0,
38.30017,0.029999999,0,
38.32061,0.031000001,0,
38.34098,0.031999999,0,
38.3615,0.031999999,0,
38.38205,0.031000001,0,
38.40257,0.031999999,0,
38.42318,0.031999999,0,
38.44362,0.031999999,0,
38.46807,0.034000003,0,
38.48854,0.033000001,0,
38.50893,0.034999998,0,
38.52944,0.033000001,0,
38.55004,0.033000001,0,
38.5709,0.031999999,0,
38.59092,0.031000001,0,
38.6114,0.029999999,0,
38.63218,0.029,0,
38.65654,0.029999999,0,
38.6769,0.029999999,0,
38.69749,0.031000001,0,
38.71777,0.033000001,0,
38.7384,0.031999999,0,
38.75937,0.031000001,0,
38.77939,0.029999999,0,
38.7999,0.029,0,
38.82053,0.026000002,0,
38.845,0.027999998,0,
38.86528,0.027999998,0,
38.88582,0.029,0,
38.90622,0.029999999,0,
38.92672,0.031000001,0,
38.94735,0.029999999,0,
38.96779,0.029999999,0,
38.9882,0.029999999,0,
39.00868,0.031999999,0,
39.02917,0.031000001,0,
39.05379,0.031000001,0,
39.07419,0.029999999,0,
39.0946,0.029999999,0,
39.11554,0.027999998,0,
39.13564,0.029,0,
39.15641,0.027999998,0,
39.17668,0.027999998,0,
39.19717,0.029999999,0,
39.21758,0.031000001,0,
39.24211,0.031000001,0,
39.26271,0.031000001,0,
39.28311,0.031000001,0,
39.3037,0.029,0,
39.32406,0.029,0,
39.34451,0.026000002,0,
39.36517,0.026000002,0,
39.38547,0.026000002,0,
39.40593,0.022999999,0,
39.43068,0.025,0,
39.45419,0.025,0,
39.47483,0.024000001,0,
39.50332,0.026000002,0,
39.51266,0.025,0,
39.53299,0.026000002,0,
39.55349,0.024000001,0,
39.57397,0.022999999,0,
39.59438,0.024000001,0,
39.61896,0.025,0,
39.63957,0.024000001,0,
39.65988,0.024000001,0,
39.68048,0.026000002,0,
39.7009,0.027,0,
39.72152,0.026000002,0,
39.74189,0.025,0,
39.76231,0.024000001,0,
39.78292,0.022000001,0,
39.8074,0.020999999,0,
39.8278,0.022000001,0,
39.84857,0.020999999,0,
39.86887,0.022000001,0,
39.88933,0.020000001,0,
39.91037,0.022999999,0,
39.93052,0.020999999,0,
39.95071,0.022000001,0,
39.97124,0.022000001,0,
39.99583,0.024000001,0,
40.0162,0.025,0,
40.03689,0.024000001,0,
40.05778,0.025,0,
40.07769,0.025,0,
40.09833,0.025,0,
40.11877,0.025,0,
40.13924,0.022999999,0,
40.15981,0.022000001,0,
40.18426,0.024000001,0,
40.20482,0.024000001,0,
40.22517,0.025,0,
40.24557,0.025,0,
40.26606,0.025,0,
40.28667,0.025,0,
40.30722,0.026000002,0,
40.3276,0.026000002,0,
40.34854,0.027,0,
40.36935,0.026000002,0,
40.39304,0.027,0,
40.41415,0.026000002,0,
40.4341,0.027,0,
40.45467,0.027,0,
40.47517,0.027,0,
40.49552,0.026000002,0,
40.51619,0.025,0,
40.53645,0.025,0,
40.55689,0.025,0,
40.58155,0.024000001,0,
40.60244,0.026000002,0,
40.62259,0.026000002,0,
40.64349,0.027999998,0,
40.66352,0.029999999,0,
40.68397,0.029999999,0,
40.70446,0.029999999,0,
40.72509,0.029,0,
40.74544,0.029999999,0,
40.76986,0.031000001,0,
40.79036,0.029999999,0,
40.81104,0.031000001,0,
40.83151,0.029999999,0,
40.85189,0.027999998,0,
40.87234,0.027,0,
40.8928,0.026000002,0,
40.91335,0.026000002,0,
40.93403,0.026000002,0,
40.9586,0.027999998,0,
40.97935,0.027999998,0,
40.99923,0.027999998,0,
41.01979,0.027,0,
41.04035,0.027999998,0,
41.06073,0.026000002,0,
41.08117,0.027,0,
41.1017,0.026000002,0,
41.12233,0.027,0,
41.14678,0.027999998,0,
41.16771,0.029,0,
41.18781,0.029999999,0,
41.20818,0.031000001,0,
41.22872,0.031000001,0,
41.24935,0.029999999,0,
41.26959,0.029,0,
41.29007,0.029,0,
41.31062,0.027999998,0,
41.33524,0.029,0,
41.35578,0.027999998,0,
41.37603,0.027999998,0,
41.39664,0.027999998,0,
41.41705,0.027999998,0,
41.43757,0.027999998,0,
41.4584,0.029999999,0,
41.47864,0.029999999,0,
41.49902,0.029999999,0,
41.52352,0.031999999,0,
41.54392,0.033000001,0,
41.56468,0.034999998,0,
41.58513,0.034999998,0,
41.60556,0.034000003,0,
41.62598,0.033000001,0,
41.64651,0.031000001,0,
41.66703,0.029,0,
41.68742,0.027,0,
41.70789,0.026000002,0,
41.73241,0.027999998,0,
41.75303,0.031000001,0,
41.77366,0.031000001,0,
41.79395,0.031000001,0,
41.81449,0.031000001,0,
41.83483,0.031999999,0,
41.85535,0.031000001,0,
41.87595,0.031999999,0,
41.89619,0.031999999,0,
41.92076,0.031999999,0,
41.94137,0.031999999,0,
41.96199,0.031999999,0,
41.98253,0.031999999,0,
42.00279,0.031999999,0,
42.02345,0.031000001,0,
42.04374,0.029999999,0,
42.06423,0.029999999,0,
42.08548,0.029999999,0,
42.10929,0.031000001,0,
42.12984,0.029,0,
42.15031,0.029999999,0,
42.1708,0.029,0,
42.19135,0.029,0,
42.21171,0.029,0,
42.23214,0.029999999,0,
42.25264,0.029999999,0,
42.27306,0.029999999,0,
42.29774,0.031000001,0,
42.31824,0.031999999,0,
42.33912,0.031000001,0,
42.35925,0.031999999,0,
42.37976,0.031000001,0,
42.40062,0.031000001,0,
42.42155,0.029,0,
42.44108,0.029,0,
42.46157,0.029,0,
42.48602,0.031999999,0,
42.50681,0.033000001,0,
42.52711,0.033000001,0,
42.54749,0.033000001,0,
42.56803,0.031999999,0,
42.58852,0.031999999,0,
42.60912,0.031000001,0,
42.62949,0.029999999,0,
42.64999,0.031000001,0,
42.6745,0.031999999,0,
42.69534,0.031999999,0,
42.71564,0.033000001,0,
42.73599,0.031999999,0,
42.75651,0.031999999,0,
42.77696,0.031999999,0,
42.79737,0.031999999,0,
42.81816,0.033000001,0,
42.83903,0.031999999,0,
42.8629,0.034000003,0,
42.88388,0.034999998,0,
42.90385,0.034999998,0,
42.92447,0.037000002,0,
42.94489,0.038000004,0,
42.96528,0.038999998,0,
42.98592,0.038999998,0,
43.00648,0.038999998,0,
43.02687,0.04,0,
43.05122,0.041000002,0,
43.0719,0.041999997,0,
43.09272,0.042999999,0,
43.11288,0.042999999,0,
43.13353,0.044000001,0,
43.15388,0.044000001,0,
43.17436,0.041999997,0,
43.19479,0.041000002,0,
43.21518,0.04,0,
43.23575,0.038000004,0,
43.26028,0.037000002,0,
43.28114,0.038000004,0,
43.30133,0.038999998,0,
43.32183,0.041000002,0,
43.34225,0.04,0,
43.36262,0.038999998,0,
43.38318,0.041000002,0,
43.40358,0.041999997,0,
43.42403,0.042999999,0,
43.4488,0.042999999,0,
43.46918,0.045000003,0,
43.48966,0.045000003,0,
43.51013,0.045000003,0,
43.53056,0.045000003,0,
43.55115,0.044000001,0,
43.57156,0.044000001,0,
43.59198,0.041999997,0,
43.6125,0.042999999,0,
43.63708,0.042999999,0,
43.65771,0.044000001,0,
43.67814,0.044000001,0,
43.69856,0.044000001,0,
43.71894,0.044000001,0,
43.73964,0.045000003,0,
43.76004,0.047,0,
43.78036,0.045999998,0,
43.80093,0.045000003,0,
43.8258,0.045000003,0,
43.84596,0.045000003,0,
43.86654,0.045000003,0,
43.88706,0.045000003,0,
43.90741,0.045999998,0,
43.92786,0.045000003,0,
43.94837,0.044000001,0,
43.96899,0.045000003,0,
43.98936,0.044000001,0,
44.01387,0.045000003,0,
44.03453,0.045999998,0,
44.05486,0.045000003,0,
44.07541,0.044000001,0,
44.0958,0.042999999,0,
44.11634,0.044000001,0,
44.13679,0.044000001,0,
44.15737,0.042999999,0,
44.17791,0.044000001,0,
44.20283,0.045000003,0,
44.22282,0.045000003,0,
44.24323,0.044000001,0,
44.26384,0.042999999,0,
44.28437,0.042999999,0,
44.30475,0.041999997,0,
44.3253,0.041000002,0,
44.34567,0.041000002,0,
44.36633,0.041000002,0,
44.39093,0.041000002,0,
44.41122,0.041999997,0,
44.43191,0.042999999,0,
44.45228,0.044000001,0,
44.47277,0.042999999,0,
44.49332,0.042999999,0,
44.51362,0.042999999,0,
44.53414,0.04,0,
44.55453,0.04,0,
44.57952,0.04,0,
44.59966,0.041999997,0,
44.62005,0.041999997,0,
44.64054,0.04,0,
44.66111,0.038999998,0,
44.68158,0.041000002,0,
44.70207,0.038999998,0,
44.72259,0.038000004,0,
44.74309,0.037000002,0,
44.76753,0.038000004,0,
44.78803,0.037000002,0,
44.8086,0.037000002,0,
44.82911,0.038000004,0,
44.84951,0.037000002,0,
44.86996,0.036,0,
44.89038,0.036,0,
44.91099,0.038999998,0,
44.93137,0.04,0,
44.95591,0.041000002,0,
44.97647,0.044000001,0,
44.9969,0.044000001,0,
45.01752,0.042999999,0,
45.03786,0.044000001,0,
45.05832,0.045000003,0,
45.07886,0.045999998,0,
45.09921,0.045000003,0,
45.1199,0.044000001,0,
45.14441,0.042999999,0,
45.16499,0.044000001,0,
45.18531,0.045999998,0,
45.20584,0.045000003,0,
45.22662,0.045000003,0,
45.24683,0.044000001,0,
45.26794,0.041999997,0,
45.28777,0.04,0,
45.30816,0.038999998,0,
45.33294,0.038000004,0,
45.35333,0.038000004,0,
45.37372,0.036,0,
45.39456,0.036,0,
45.41481,0.034999998,0,
45.43531,0.034000003,0,
45.45567,0.034000003,0,
45.47615,0.031999999,0,
45.49672,0.029999999,0,
45.51727,0.029,0,
45.54174,0.029,0,
45.56221,0.029999999,0,
45.58309,0.029999999,0,
45.60321,0.031999999,0,
45.62362,0.034000003,0,
45.6443,0.033000001,0,
45.66468,0.033000001,0,
45.68499,0.033000001,0,
45.70557,0.031000001,0,
45.72999,0.031999999,0,
45.7508,0.029999999,0,
45.77108,0.031000001,0,
45.79149,0.031999999,0,
45.81205,0.034999998,0,
45.83259,0.034999998,0,
45.85312,0.033000001,0,
45.87346,0.034000003,0,
45.89386,0.034000003,0,
45.91852,0.034999998,0,
45.93898,0.034999998,0,
45.95973,0.037000002,0,
45.97999,0.038000004,0,
46.00057,0.036,0,
46.021,0.037000002,0,
46.0413,0.036,0,
46.06207,0.037000002,0,
46.0824,0.038999998,0,
46.10695,0.038999998,0,
46.12748,0.038999998,0,
46.14788,0.041000002,0,
46.16891,0.04,0,
46.18892,0.04,0,
46.2093,0.04,0,
46.2298,0.04,0,
46.25023,0.041000002,0,
46.27082,0.041999997,0,
46.29527,0.041999997,0,
46.31578,0.042999999,0,
46.33641,0.041999997,0,
46.35678,0.041000002,0,
46.37732,0.041000002,0,
46.39772,0.041000002,0,
46.41815,0.041000002,0,
46.43865,0.038999998,0,
46.45908,0.04,0,
46.48391,0.04,0,
46.50429,0.04,0,
46.52472,0.038999998,0,
46.54514,0.038000004,0,
46.56559,0.037000002,0,
46.58622,0.037000002,0,
46.60656,0.036,0,
46.62715,0.036,0,
46.64775,0.034999998,0,
46.67221,0.036,0,
46.69282,0.037000002,0,
46.71316,0.037000002,0,
46.73354,0.037000002,0,
46.75406,0.037000002,0,
46.77461,0.037000002,0,
46.79507,0.037000002,0,
46.81549,0.036,0,
46.83606,0.036,0,
46.86051,0.037000002,0,
46.88143,0.034999998,0,
46.90242,0.034999998,0,
46.92197,0.033000001,0,
46.9426,0.034000003,0,
46.96309,0.034999998,0,
46.98346,0.034000003,0,
47.00417,0.034999998,0,
47.02438,0.034000003,0,
47.04889,0.034999998,0,
47.06948,0.036,0,
47.08995,0.037000002,0,
47.11055,0.037000002,0,
47.13111,0.038000004,0,
47.15138,0.037000002,0,
47.17251,0.038999998,0,
47.1923,0.037000002,0,
47.21286,0.037000002,0,
47.23725,0.038999998,0,
47.25788,0.041999997,0,
47.27928,0.041999997,0,
47.29892,0.041999997,0,
47.32009,0.041999997,0,
47.33986,0.041000002,0,
47.36023,0.04,0,
47.38086,0.038999998,0,
47.40118,0.038000004,0,
47.42592,0.036,0,
47.44629,0.037000002,0,
47.46672,0.038000004,0,
47.48728,0.036,0,
47.50772,0.034000003,0,
47.52832,0.031999999,0,
47.54889,0.031000001,0,
47.5691,0.029,0,
47.58958,0.027999998,0,
47.60998,0.027,0,
47.63481,0.027999998,0,
47.65513,0.027,0,
47.6757,0.027,0,
47.69604,0.025,0,
47.71659,0.024000001,0,
47.73733,0.025,0,
47.75756,0.025,0,
47.77806,0.025,0,
47.79868,0.026000002,0,
47.82319,0.027,0,
47.84385,0.027999998,0,
47.86412,0.029,0,
47.88455,0.029999999,0,
47.905,0.029999999,0,
47.92548,0.031999999,0,
47.94603,0.031000001,0,
47.9664,0.029999999,0,
47.98734,0.031000001,0,
48.01161,0.031999999,0,
48.03199,0.034000003,0,
48.05332,0.033000001,0,
48.07293,0.034000003,0,
48.0935,0.034999998,0,
48.11388,0.034999998,0,
48.13437,0.036,0,
48.15496,0.037000002,0,
48.1754,0.034999998,0,
48.19984,0.036,0,
48.22052,0.036,0,
48.2409,0.036,0,
48.26195,0.034000003,0,
48.28198,0.034000003,0,
48.30232,0.034000003,0,
48.32283,0.034000003,0,
48.34343,0.034999998,0,
48.36388,0.034000003,0,
48.38842,0.031999999,0,
48.40894,0.031999999,0,
48.42929,0.033000001,0,
48.44967,0.033000001,0,
48.47043,0.033000001,0,
48.49076,0.033000001,0,
48.51175,0.033000001,0,
48.53172,0.033000001,0,
48.55213,0.033000001,0,
48.57693,0.034000003,0,
48.59729,0.034999998,0,
48.61769,0.034000003,0,
48.63897,0.034999998,0,
48.65873,0.036,0,
48.67978,0.036,0,
48.69963,0.036,0,
48.72008,0.036,0,
48.74053,0.034999998,0,
48.76509,0.034000003,0,
48.78588,0.034000003,0,
48.80616,0.031999999,0,
48.8268,0.031000001,0,
48.84719,0.029999999,0,
48.8675,0.031000001,0,
48.88814,0.031000001,0,
48.90844,0.031000001,0,
48.92899,0.029999999,0,
48.95359,0.031000001,0,
48.97406,0.031000001,0,
48.99534,0.031999999,0,
49.01507,0.031999999,0,
49.03543,0.031999999,0,
49.05603,0.034000003,0,
49.07634,0.034000003,0,
49.09694,0.034000003,0,
49.11794,0.031999999,0,
49.14193,0.034000003,0,
49.16259,0.034000003,0,
49.1831,0.034999998,0,
49.20359,0.037000002,0,
49.22396,0.034999998,0,
49.24436,0.034999998,0,
49.26486,0.036,0,
49.2853,0.034000003,0,
49.3061,0.033000001,0,
49.33042,0.034999998,0,
49.35103,0.034000003,0,
49.37132,0.034999998,0,
49.39188,0.034000003,0,
49.41275,0.029,0,
49.43287,0.029999999,0,
49.45385,0.031999999,0,
49.47381,0.029999999,0,
49.49427,0.031000001,0,
49.51483,0.033000001,0,
49.53949,0.034000003,0,
49.55971,0.036,0,
49.58018,0.036,0,
49.60083,0.034999998,0,
49.62143,0.034999998,0,
49.64159,0.036,0,
49.66212,0.034999998,0,
49.68265,0.034999998,0,
49.70306,0.034999998,0,
49.72783,0.034000003,0,
49.75129,0.034000003,0,
49.77176,0.034000003,0,
49.79281,0.034000003,0,
49.81789,0.034000003,0,
49.83021,0.033000001,0,
49.85079,0.034000003,0,
49.87102,0.034000003,0,
49.89146,0.036,0,
49.91616,0.034999998,0,
49.93667,0.034999998,0,
49.95706,0.034999998,0,
49.97757,0.033000001,0,
49.99809,0.034999998,0,
50.01857,0.033000001,0,
50.03942,0.033000001,0,
50.05939,0.033000001,0,
50.07989,0.033000001,0,
50.1046,0.034000003,0,
50.12497,0.033000001,0,
50.14566,0.031999999,0,
50.16596,0.031000001,0,
50.18647,0.031000001,0,
50.20698,0.031999999,0,
50.22733,0.031999999,0,
50.24844,0.031999999,0,
50.26839,0.031999999,0,
50.29285,0.034999998,0,
50.3135,0.034999998,0,
50.33392,0.037000002,0,
50.3546,0.037000002,0,
50.37542,0.037000002,0,
50.39529,0.036,0,
50.41582,0.034999998,0,
50.43627,0.034000003,0,
50.45693,0.033000001,0,
50.4815,0.034000003,0,
50.50212,0.034000003,0,
50.52247,0.034000003,0,
50.54277,0.034999998,0,
50.56342,0.034999998,0,
50.58368,0.034999998,0,
50.60417,0.034000003,0,
50.62461,0.033000001,0,
50.6451,0.033000001,0,
50.66979,0.033000001,0,
50.6903,0.034000003,0,
50.71064,0.034000003,0,
50.73127,0.033000001,0,
50.75167,0.034000003,0,
50.77226,0.034999998,0,
50.79264,0.034000003,0,
50.8131,0.034000003,0,
50.8336,0.033000001,0,
50.85825,0.031999999,0,
50.87889,0.033000001,0,
50.89916,0.031999999,0,
50.92025,0.031999999,0,
50.94023,0.029999999,0,
50.96054,0.029,0,
50.98116,0.027,0,
51.00151,0.027,0,
51.02208,0.026000002,0,
51.04667,0.025,0,
51.06776,0.025,0,
51.08764,0.027,0,
51.10871,0.027,0,
51.12851,0.027,0,
51.14891,0.026000002,0,
51.16957,0.026000002,0,
51.1902,0.027999998,0,
51.21037,0.029,0,
51.23497,0.029999999,0,
51.2555,0.029999999,0,
51.27596,0.029,0,
51.2966,0.029999999,0,
51.31687,0.029999999,0,
51.33731,0.031999999,0,
51.35816,0.031999999,0,
51.37844,0.033000001,0,
51.39909,0.031999999,0,
51.42344,0.033000001,0,
51.44384,0.033000001,0,
51.46437,0.033000001,0,
51.48494,0.034000003,0,
51.50549,0.036,0,
51.52592,0.036,0,
51.54646,0.034999998,0,
51.56681,0.034000003,0,
51.58715,0.034000003,0,
51.60785,0.034000003,0,
51.63224,0.034000003,0,
51.65329,0.033000001,0,
51.67337,0.034000003,0,
51.69379,0.033000001,0,
51.71431,0.033000001,0,
51.73481,0.031999999,0,
51.75513,0.031000001,0,
51.77556,0.031000001,0,
51.79617,0.031999999,0,
51.82087,0.033000001,0,
51.84173,0.034000003,0,
51.86181,0.034999998,0,
51.88211,0.034999998,0,
51.90306,0.034999998,0,
51.92336,0.031999999,0,
51.94357,0.031999999,0,
51.96396,0.031000001,0,
51.98462,0.031999999,0,
52.00913,0.031999999,0,
52.02997,0.034999998,0,
52.05013,0.034000003,0,
52.07059,0.036,0,
52.091,0.034999998,0,
52.11157,0.034000003,0,
52.1322,0.033000001,0,
52.15246,0.033000001,0,
52.17344,0.031000001,0,
52.19764,0.033000001,0,
52.21804,0.033000001,0,
52.23913,0.031999999,0,
52.25901,0.031000001,0,
52.27937,0.031000001,0,
52.29999,0.031000001,0,
52.32045,0.033000001,0,
52.34098,0.034000003,0,
52.36156,0.036,0,
52.38591,0.037000002,0,
52.40644,0.038999998,0,
52.42704,0.037000002,0,
52.44753,0.037000002,0,
52.46789,0.036,0,
52.4889,0.036,0,
52.50888,0.034999998,0,
52.52945,0.034999998,0,
52.54992,0.034000003,0,
52.57444,0.037000002,0,
52.59517,0.036,0,
52.61533,0.034999998,0,
52.6358,0.037000002,0,
52.65626,0.036,0,
52.67685,0.036,0,
52.69738,0.037000002,0,
52.71775,0.036,0,
52.73827,0.037000002,0,
52.7629,0.037000002,0,
52.78331,0.038000004,0,
52.80373,0.038999998,0,
52.82434,0.038000004,0,
52.84461,0.04,0,
52.86582,0.04,0,
52.88562,0.038999998,0,
52.90612,0.038000004,0,
52.92665,0.036,0,
52.9511,0.037000002,0,
52.97178,0.04,0,
52.99218,0.038999998,0,
53.01255,0.038000004,0,
53.03318,0.037000002,0,
53.05368,0.038000004,0,
53.07407,0.04,0,
53.09501,0.038000004,0,
53.11514,0.04,0,
53.13947,0.041000002,0,
53.16013,0.041000002,0,
53.18061,0.041999997,0,
53.20098,0.041999997,0,
53.22152,0.041000002,0,
53.24199,0.041000002,0,
53.26257,0.038999998,0,
53.2831,0.038999998,0,
53.30346,0.038000004,0,
53.32799,0.038000004,0,
53.34852,0.037000002,0,
53.36913,0.036,0,
53.38999,0.034000003,0,
53.40991,0.033000001,0,
53.43031,0.034999998,0,
53.45098,0.034999998,0,
53.47149,0.034999998,0,
53.49254,0.037000002,0,
53.51644,0.038999998,0,
53.53709,0.04,0,
53.55742,0.04,0,
53.57794,0.041000002,0,
53.59854,0.042999999,0,
53.61888,0.044000001,0,
53.63933,0.044000001,0,
53.65977,0.041999997,0,
53.68026,0.041999997,0,
53.70491,0.041999997,0,
53.72519,0.042999999,0,
53.74578,0.044000001,0,
53.76625,0.045999998,0,
53.78672,0.047,0,
53.80735,0.045000003,0,
53.82801,0.044000001,0,
53.84832,0.044000001,0,
53.86881,0.044000001,0,
53.88937,0.041999997,0,
53.9144,0.038000004,0,
53.93419,0.038999998,0,
53.95468,0.038999998,0,
53.97509,0.038999998,0,
53.99562,0.038999998,0,
54.01622,0.038999998,0,
54.0367,0.038000004,0,
54.05718,0.037000002,0,
54.07758,0.034999998,0,
54.10257,0.034999998,0,
54.12277,0.037000002,0,
54.14304,0.037000002,0,
54.16371,0.037000002,0,
54.1841,0.038999998,0,
54.20459,0.038999998,0,
54.22506,0.04,0,
54.24556,0.038999998,0,
54.266,0.04,0,
54.2905,0.04,0,
54.31104,0.04,0,
54.33156,0.04,0,
54.35194,0.038999998,0,
54.37269,0.04,0,
54.39292,0.038000004,0,
54.41348,0.038000004,0,
54.43415,0.037000002,0,
54.45462,0.034999998,0,
54.47892,0.037000002,0,
54.49949,0.036,0,
54.51989,0.037000002,0,
54.54062,0.038999998,0,
54.56093,0.038000004,0,
54.58131,0.038000004,0,
54.60193,0.037000002,0,
54.62239,0.038999998,0,
54.64291,0.038999998,0,
54.66789,0.038000004,0,
54.68792,0.038000004,0,
54.70848,0.038000004,0,
54.72889,0.04,0,
54.74953,0.038999998,0,
54.76992,0.038000004,0,
54.7905,0.038999998,0,
54.81094,0.037000002,0,
54.83142,0.038000004,0,
54.85604,0.038000004,0,
54.87653,0.038000004,0,
54.89696,0.037000002,0,
54.91738,0.037000002,0,
54.93785,0.036,0,
54.95852,0.034000003,0,
54.97885,0.034000003,0,
54.99936,0.033000001,0,
55.01979,0.033000001,0,
55.04436,0.036,0,
55.0649,0.037000002,0,
55.08512,0.038000004,0,
55.10573,0.038999998,0,
55.12608,0.038999998,0,
55.14661,0.038999998,0,
55.16722,0.04,0,
55.18759,0.04,0,
55.2081,0.038999998,0,
55.23315,0.04,0,
55.25303,0.041000002,0,
55.2737,0.04,0,
55.29399,0.04,0,
55.31443,0.04,0,
55.335,0.038999998,0,
55.35555,0.038999998,0,
55.3762,0.038000004,0,
55.39665,0.038999998,0,
55.41692,0.038999998,0,
55.44145,0.04,0,
55.46233,0.041999997,0,
55.48291,0.04,0,
55.5031,0.04,0,
55.52378,0.038999998,0,
55.54426,0.038000004,0,
55.56453,0.038000004,0,
55.58524,0.038000004,0,
55.60554,0.037000002,0,
55.63008,0.038000004,0,
55.65048,0.038000004,0,
55.67099,0.038000004,0,
55.69164,0.038000004,0,
55.71242,0.038000004,0,
55.73252,0.038000004,0,
55.75309,0.036,0,
55.77349,0.037000002,0,
55.79406,0.037000002,0,
55.81843,0.038000004,0,
55.83895,0.04,0,
55.85942,0.041000002,0,
55.87999,0.041000002,0,
55.90051,0.038999998,0,
55.92084,0.037000002,0,
55.94149,0.038999998,0,
55.96189,0.038000004,0,
55.98233,0.038000004,0,
56.00687,0.04,0,
56.02736,0.04,0,
56.0477,0.041000002,0,
56.06816,0.041000002,0,
56.08869,0.04,0,
56.10931,0.041000002,0,
56.1298,0.038000004,0,
56.15017,0.038999998,0,
56.17067,0.037000002,0,
56.19519,0.034999998,0,
56.2157,0.036,0,
56.23604,0.038000004,0,
56.25669,0.04,0,
56.27719,0.04,0,
56.29766,0.041000002,0,
56.31821,0.04,0,
56.33859,0.038999998,0,
56.35897,0.038999998,0,
56.38368,0.041000002,0,
56.40406,0.041000002,0,
56.42459,0.041000002,0,
56.445,0.04,0,
56.46566,0.04,0,
56.48597,0.038999998,0,
56.50679,0.04,0,
56.52732,0.04,0,
56.54774,0.04,0,
56.57214,0.04,0,
56.59266,0.042999999,0,
56.613,0.041999997,0,
56.6337,0.041999997,0,
56.65405,0.041999997,0,
56.67439,0.042999999,0,
56.69492,0.042999999,0,
56.71539,0.042999999,0,
56.73599,0.041999997,0,
56.76034,0.044000001,0,
56.7814,0.041000002,0,
56.80127,0.041000002,0,
56.82191,0.041000002,0,
56.84247,0.04,0,
56.86298,0.038999998,0,
56.88338,0.038999998,0,
56.90375,0.038000004,0,
56.92429,0.038000004,0,
56.94888,0.038999998,0,
56.96977,0.041000002,0,
56.98996,0.04,0,
57.01018,0.041999997,0,
57.03077,0.04,0,
57.0514,0.038999998,0,
57.07179,0.04,0,
57.09216,0.038999998,0,
57.11274,0.038999998,0,
57.13324,0.037000002,0,
57.15775,0.038000004,0,
57.17815,0.038000004,0,
57.1986,0.038999998,0,
57.21925,0.04,0,
57.23964,0.038999998,0,
57.26027,0.041000002,0,
57.28082,0.041999997,0,
57.30117,0.041000002,0,
57.32159,0.041999997,0,
57.34609,0.041000002,0,
57.36666,0.041000002,0,
57.38717,0.038999998,0,
57.4076,0.038999998,0,
57.42846,0.037000002,0,
57.44857,0.038999998,0,
57.46917,0.041999997,0,
57.48951,0.041000002,0,
57.50991,0.041999997,0,
57.53456,0.041999997,0,
57.5551,0.041000002,0,
57.57568,0.038999998,0,
57.596,0.04,0,
57.61647,0.038999998,0,
57.63705,0.038999998,0,
57.65726,0.038999998,0,
57.67834,0.038000004,0,
57.69851,0.038000004,0,
57.72287,0.038999998,0,
57.7436,0.038000004,0,
57.76394,0.037000002,0,
57.7845,0.038000004,0,
57.80489,0.036,0,
57.82535,0.038000004,0,
57.84587,0.038999998,0,
57.86618,0.038999998,0,
57.88699,0.04,0,
57.91122,0.041000002,0,
57.93195,0.041000002,0,
57.95252,0.041999997,0,
57.97278,0.041000002,0,
57.99362,0.038999998,0,
58.01376,0.038999998,0,
58.03435,0.038999998,0,
58.05481,0.037000002,0,
58.07525,0.038000004,0,
58.09979,0.038000004,0,
58.1203,0.038000004,0,
58.14079,0.038999998,0,
58.16121,0.038999998,0,
58.18164,0.038000004,0,
58.20234,0.037000002,0,
58.22271,0.036,0,
58.24318,0.036,0,
58.26363,0.037000002,0,
58.28814,0.036,0,
58.30873,0.034999998,0,
58.32924,0.036,0,
58.34962,0.036,0,
58.37008,0.034999998,0,
58.39067,0.034000003,0,
58.41113,0.034999998,0,
58.43156,0.034999998,0,
58.45196,0.036,0,
58.47654,0.034999998,0,
58.49704,0.037000002,0,
58.51773,0.038000004,0,
58.53849,0.038999998,0,
58.55861,0.038999998,0,
58.57902,0.038999998,0,
58.59956,0.04,0,
58.62008,0.038000004,0,
58.64051,0.038000004,0,
58.66092,0.036,0,
58.6855,0.036,0,
58.70602,0.036,0,
58.72666,0.038000004,0,
58.74692,0.038000004,0,
58.76739,0.037000002,0,
58.78798,0.037000002,0,
58.80918,0.036,0,
58.82988,0.037000002,0,
58.84954,0.034999998,0,
58.874,0.036,0,
58.8946,0.038000004,0,
58.91493,0.038999998,0,
58.93541,0.038000004,0,
58.95587,0.037000002,0,
58.97628,0.037000002,0,
58.99672,0.037000002,0,
59.01727,0.038999998,0,
59.03803,0.04,0,
59.06224,0.041999997,0,
59.08286,0.042999999,0,
59.1034,0.041999997,0,
59.12379,0.041000002,0,
59.14476,0.041999997,0,
59.16573,0.041000002,0,
59.18522,0.041000002,0,
59.20566,0.041000002,0,
59.22612,0.041999997,0,
59.25092,0.042999999,0,
59.27125,0.044000001,0,
59.29177,0.042999999,0,
59.3125,0.041999997,0,
59.33309,0.042999999,0,
59.35322,0.041999997,0,
59.37365,0.04,0,
59.39412,0.041000002,0,
59.41456,0.04,0,
59.43904,0.041000002,0,
59.45967,0.041000002,0,
59.48015,0.04,0,
59.50061,0.04,0,
59.52109,0.038999998,0,
59.54151,0.038999998,0,
59.56301,0.037000002,0,
59.5825,0.036,0,
59.60299,0.034999998,0,
59.62754,0.034999998,0,
59.64807,0.036,0,
59.66869,0.034999998,0,
59.6894,0.034999998,0,
59.70955,0.034999998,0,
59.73043,0.034000003,0,
59.75045,0.033000001,0,
59.77107,0.034000003,0,
59.79148,0.031999999,0,
59.81592,0.033000001,0,
59.83641,0.034000003,0,
59.85692,0.034000003,0,
59.87764,0.033000001,0,
59.89802,0.034000003,0,
59.9184,0.034999998,0,
59.93911,0.033000001,0,
59.95932,0.033000001,0,
59.97982,0.031000001,0,
