1.809021,0.180999995,0,41.01600014
1.829344,0.179999993,0,40.1069427
1.850128,0.179999993,0,
1.870857,0.179000006,0,
1.890787,0.178000004,0,
1.911371,0.178000004,0,
1.931902,0.180999995,0,
1.952496,0.185000004,0,
1.976942,0.188999997,0,
1.997381,0.192000003,0,
2.018816,0.194000007,0,
2.039318,0.196999998,0,
2.058929,0.195999996,0,
2.079649,0.016,0,
2.186213,-0.199,2.387999997,
2.192371,-0.456999986,5.483999834,
2.198397,-0.69900003,8.388000355,
2.202213,-0.890000014,10.68000017,
2.205301,-1.046000032,12.55200039,
2.208246,-1.212999969,14.55599962,
2.227654,-1.383999972,16.60799967,
2.248379,-1.546000032,18.55200039,
2.268644,-1.691999941,20.30399929,
2.289164,-1.819000034,21.82800041,
2.309557,-1.929999976,23.15999971,
2.33404,-2.026000051,24.31200062,
2.354631,-2.112000017,25.34400021,
2.375032,-2.19899991,26.38799892,
2.395533,-2.28999999,27.47999989,
2.415995,-2.376999884,28.5239986,
2.436451,-2.454999952,29.45999943,
2.457449,-2.513999968,30.16799961,
2.477699,-2.562000065,30.74400078,
2.498159,-2.602000027,31.22400032,
2.522532,-2.655,31.86,
2.543036,-2.708999901,32.50799881,
2.563433,-2.77000001,33.24000011,
2.583992,-2.825000076,33.90000092,
2.604456,-2.868999987,34.42799984,
2.624838,-2.905999928,34.87199913,
2.645334,-2.930000095,35.16000114,
2.665722,-2.941999941,35.30399929,
2.686552,-2.951999931,35.42399918,
2.710913,-2.970999985,35.65199982,
2.7314,-2.993999987,35.92799984,
2.751802,-3.016999989,36.20399986,
2.772383,-3.036999969,36.44399963,
2.792751,-3.042000084,36.50400101,
2.813372,-3.032000093,36.38400112,
2.833683,-3.024999886,36.29999863,
2.854229,-3.029000072,36.34800087,
2.87484,-3.042000084,36.50400101,
2.899439,-3.060999899,36.73199879,
2.919853,-3.07399991,36.88799892,
2.940287,-3.089000015,37.06800018,
2.960928,-3.103999882,37.24799858,
2.98122,-3.115000038,37.38000046,
3.001728,-3.129999905,37.55999886,
3.022358,-3.144000082,37.72800098,
3.042757,-3.160000114,37.92000137,
3.067133,-3.162999897,37.95599876,
3.087893,-3.174000053,38.08800064,
3.108116,-3.174000053,38.08800064,
3.129255,-3.183000116,38.1960014,
3.149008,-3.206000118,38.47200142,
3.169519,-3.220000057,38.64000069,
3.190105,-3.230999975,38.7719997,
3.210768,-3.233000069,38.79600082,
3.23103,-3.231999903,38.78399883,
3.255659,-3.240000038,38.88000046,
3.276077,-3.253999977,39.04799973,
3.29652,-3.260999947,39.13199936,
3.317057,-3.264999895,39.17999874,
3.337795,-3.263999968,39.16799961,
3.358059,-3.266000061,39.19200073,
3.378731,-3.266000061,39.19200073,
3.398941,-3.266000061,39.19200073,
3.419443,-3.267999916,39.21599899,
3.444162,-3.266000061,39.19200073,
3.464912,-3.266000061,39.19200073,
3.485081,-3.273999958,39.2879995,
3.505764,-3.277999907,39.33599888,
3.526133,-3.286999969,39.44399963,
3.546524,-3.295000105,39.54000126,
3.567104,-3.296000032,39.55200039,
3.587538,-3.29699996,39.56399952,
3.612103,-3.299999981,39.59999977,
3.632502,-3.30699995,39.6839994,
3.653618,-3.309999971,39.71999966,
3.673347,-3.309999971,39.71999966,
3.693998,-3.310999899,39.73199879,
3.714327,-3.309999971,39.71999966,
3.735126,-3.316000013,39.79200016,
3.755621,-3.316999941,39.80399929,
3.775793,-3.316999941,39.80399929,
3.800465,-3.315000086,39.78000103,
3.821592,-3.312000065,39.74400078,
3.841272,-3.309999971,39.71999966,
3.862206,-3.312000065,39.74400078,
3.882313,-3.316999941,39.80399929,
3.90276,-3.32399991,39.88799892,
3.923176,-3.329999952,39.95999943,
3.943771,-3.333999901,40.00799881,
3.968315,-3.335000067,40.0200008,
3.98904,-3.333999901,40.00799881,
4.00926,-3.331000118,39.97200142,
4.029766,-3.329999952,39.95999943,
4.050215,-3.332999973,39.99599968,
4.070852,-3.339000015,40.06800018,
4.091105,-3.341000109,40.0920013,
4.111683,-3.339000015,40.06800018,
4.132164,-3.335999994,40.03199993,
4.156631,-3.333999901,40.00799881,
4.177332,-3.339999943,40.07999931,
4.198099,-3.339000015,40.06800018,
4.218336,-3.336999922,40.04399906,
4.238867,-3.338000088,40.05600105,
4.259302,-3.342000036,40.10400043,
4.279909,-3.335999994,40.03199993,
4.300497,-3.335999994,40.03199993,
4.320774,-3.335000067,40.0200008,
4.345242,-3.336999922,40.04399906,
4.365685,-3.332999973,39.99599968,
4.38615,-3.335000067,40.0200008,
4.406546,-3.333999901,40.00799881,
4.426979,-3.332999973,39.99599968,
4.447485,-3.332000046,39.98400055,
4.467958,-3.329999952,39.95999943,
4.488834,-3.328000097,39.93600117,
4.513046,-3.329000025,39.9480003,
4.533638,-3.326999931,39.92399918,
4.554026,-3.32399991,39.88799892,
4.574594,-3.32399991,39.88799892,
4.595079,-3.325000076,39.90000092,
4.615509,-3.328000097,39.93600117,
4.63591,-3.331000118,39.97200142,
4.656519,-3.333999901,40.00799881,
4.676813,-3.336999922,40.04399906,
4.702,-3.335999994,40.03199993,
4.721958,-3.338000088,40.05600105,
4.742422,-3.339999943,40.07999931,
4.762833,-3.341000109,40.0920013,
4.783451,-3.339000015,40.06800018,
4.803991,-3.339999943,40.07999931,
4.824434,-3.339999943,40.07999931,
4.844872,-3.341000109,40.0920013,
4.865648,-3.341000109,40.0920013,
4.88986,-3.339999943,40.07999931,
4.910439,-3.339999943,40.07999931,
4.930887,-3.338000088,40.05600105,
4.951632,-3.338000088,40.05600105,
4.971872,-3.339999943,40.07999931,
4.992289,-3.341000109,40.0920013,
5.01293,-3.339000015,40.06800018,
5.033257,-3.336999922,40.04399906,
5.057894,-3.335000067,40.0200008,
5.078291,-3.335000067,40.0200008,
5.09914,-3.335000067,40.0200008,
5.119608,-3.335999994,40.03199993,
5.140007,-3.335999994,40.03199993,
5.160391,-3.335999994,40.03199993,
5.180885,-3.335000067,40.0200008,
5.20125,-3.333999901,40.00799881,
5.222069,-3.333999901,40.00799881,
5.24646,-3.332000046,39.98400055,
5.266771,-3.329000025,39.9480003,
5.28805,-3.326999931,39.92399918,
5.307682,-3.326000004,39.91200005,
5.328222,-3.32399991,39.88799892,
5.348551,-3.32399991,39.88799892,
5.369148,-3.326000004,39.91200005,
5.389547,-3.326000004,39.91200005,
5.409962,-3.328000097,39.93600117,
5.434757,-3.329000025,39.9480003,
5.455122,-3.329000025,39.9480003,
5.475597,-3.333999901,40.00799881,
5.496244,-3.336999922,40.04399906,
5.516573,-3.339999943,40.07999931,
5.537201,-3.343999891,40.1279987,
5.557714,-3.345999985,40.15199982,
5.577984,-3.343999891,40.1279987,
5.602587,-3.342000036,40.10400043,
5.623062,-3.338000088,40.05600105,
5.643665,-3.335000067,40.0200008,
5.664015,-3.333999901,40.00799881,
5.684599,-3.333999901,40.00799881,
5.705029,-3.332999973,39.99599968,
5.725405,-3.331000118,39.97200142,
5.74601,-3.332999973,39.99599968,
5.766335,-3.331000118,39.97200142,
5.791128,-3.332999973,39.99599968,
5.811489,-3.335000067,40.0200008,
5.832808,-3.338000088,40.05600105,
5.8526,-3.339000015,40.06800018,
5.872978,-3.342000036,40.10400043,
5.893744,-3.342999964,40.11599957,
5.91387,-3.346999912,40.16399895,
5.934397,-3.349000006,40.18800007,
5.954937,-3.349999933,40.1999992,
5.979681,-3.351000099,40.21200119,
5.999975,-3.352000027,40.22400032,
6.020363,-3.351000099,40.21200119,
6.040951,-3.352000027,40.22400032,
6.061388,-3.352000027,40.22400032,
6.081783,-3.352000027,40.22400032,
6.102493,-3.355000048,40.26000057,
6.122684,-3.355000048,40.26000057,
6.147318,-3.355000048,40.26000057,
6.168089,-3.355000048,40.26000057,
6.188646,-3.353999882,40.24799858,
6.209034,-3.353999882,40.24799858,
6.2293,-3.352000027,40.22400032,
6.250175,-3.349000006,40.18800007,
6.270472,-3.348000078,40.17600094,
6.291162,-3.346999912,40.16399895,
6.311438,-3.345000057,40.14000069,
6.335884,-3.343999891,40.1279987,
6.356266,-3.341000109,40.0920013,
6.376928,-3.339999943,40.07999931,
6.397232,-3.342000036,40.10400043,
6.41774,-3.343999891,40.1279987,
6.438208,-3.349000006,40.18800007,
6.458811,-3.352999954,40.23599945,
6.479376,-3.358999996,40.30799995,
6.499746,-3.362000017,40.34400021,
6.524466,-3.364000111,40.36800133,
6.545139,-3.365000038,40.38000046,
6.565403,-3.366999893,40.40399872,
6.586185,-3.368999987,40.42799984,
6.606121,-3.368999987,40.42799984,
6.627098,-3.37100008,40.45200096,
6.647457,-3.372000008,40.46400009,
6.667768,-3.375000029,40.50000034,
6.692417,-3.374000101,40.48800121,
6.712767,-3.375000029,40.50000034,
6.733084,-3.376999884,40.5239986,
6.753681,-3.376999884,40.5239986,
6.774092,-3.375999956,40.51199947,
6.794535,-3.37800005,40.5360006,
6.815731,-3.376999884,40.5239986,
6.835529,-3.378999977,40.54799973,
6.856125,-3.381000071,40.57200085,
6.88076,-3.381000071,40.57200085,
6.901457,-3.379999905,40.55999886,
6.921766,-3.378999977,40.54799973,
6.942286,-3.376999884,40.5239986,
6.962784,-3.374000101,40.48800121,
6.983202,-3.372999935,40.47599922,
7.003687,-3.372000008,40.46400009,
7.023863,-3.37100008,40.45200096,
7.048542,-3.37100008,40.45200096,
7.069168,-3.369999914,40.43999897,
7.089474,-3.368999987,40.42799984,
7.11014,-3.368000059,40.41600071,
7.130657,-3.366999893,40.40399872,
7.151175,-3.368000059,40.41600071,
7.171612,-3.366999893,40.40399872,
7.192251,-3.365999966,40.39199959,
7.212643,-3.365000038,40.38000046,
7.237095,-3.365000038,40.38000046,
7.257395,-3.365999966,40.39199959,
7.277901,-3.365000038,40.38000046,
7.298382,-3.364000111,40.36800133,
7.318829,-3.362999945,40.35599934,
7.339277,-3.36100009,40.33200108,
7.360018,-3.36100009,40.33200108,
7.380507,-3.359999924,40.31999908,
7.400909,-3.358999996,40.30799995,
7.425604,-3.356999903,40.28399883,
7.445835,-3.355000048,40.26000057,
7.466492,-3.355000048,40.26000057,
7.487026,-3.353999882,40.24799858,
7.507206,-3.353999882,40.24799858,
7.527763,-3.352000027,40.22400032,
7.5483,-3.351000099,40.21200119,
7.568581,-3.349000006,40.18800007,
7.593252,-3.345999985,40.15199982,
7.613741,-3.346999912,40.16399895,
7.634394,-3.345999985,40.15199982,
7.65461,-3.345000057,40.14000069,
7.675175,-3.345999985,40.15199982,
7.695644,-3.345999985,40.15199982,
7.716129,-3.346999912,40.16399895,
7.739712,-3.348000078,40.17600094,
7.760054,-3.349999933,40.1999992,
7.792356,-3.349000006,40.18800007,
7.802299,-3.349000006,40.18800007,
7.822674,-3.348000078,40.17600094,
7.843248,-3.349000006,40.18800007,
7.863678,-3.346999912,40.16399895,
7.884172,-3.345999985,40.15199982,
7.904634,-3.345000057,40.14000069,
7.925089,-3.343999891,40.1279987,
7.949686,-3.343999891,40.1279987,
7.969988,-3.342000036,40.10400043,
7.991127,-3.341000109,40.0920013,
8.011105,-3.341000109,40.0920013,
8.031424,-3.341000109,40.0920013,
8.052088,-3.341000109,40.0920013,
8.072502,-3.342000036,40.10400043,
8.092916,-3.342000036,40.10400043,
8.113403,-3.342999964,40.11599957,
8.137936,-3.341000109,40.0920013,
8.158638,-3.341000109,40.0920013,
8.179018,-3.339000015,40.06800018,
8.199545,-3.339999943,40.07999931,
8.220108,-3.338000088,40.05600105,
8.24069,-3.339000015,40.06800018,
8.261074,-3.339000015,40.06800018,
8.281387,-3.339000015,40.06800018,
8.30188,-3.339000015,40.06800018,
8.326735,-3.335999994,40.03199993,
8.347109,-3.335000067,40.0200008,
8.367512,-3.333999901,40.00799881,
8.387951,-3.332000046,39.98400055,
8.408363,-3.329999952,39.95999943,
8.428785,-3.329999952,39.95999943,
8.449387,-3.329999952,39.95999943,
8.469858,-3.331000118,39.97200142,
8.494303,-3.331000118,39.97200142,
8.514801,-3.329999952,39.95999943,
8.535387,-3.329000025,39.9480003,
8.555866,-3.329000025,39.9480003,
8.576635,-3.329999952,39.95999943,
8.596792,-3.331000118,39.97200142,
8.617334,-3.332000046,39.98400055,
8.637934,-3.331000118,39.97200142,
8.658213,-3.331000118,39.97200142,
8.68265,-3.329000025,39.9480003,
8.703381,-3.328000097,39.93600117,
8.723835,-3.328000097,39.93600117,
8.744846,-3.328000097,39.93600117,
8.765057,-3.328000097,39.93600117,
8.785635,-3.329000025,39.9480003,
8.80615,-3.329999952,39.95999943,
8.826572,-3.326999931,39.92399918,
8.84693,-3.329000025,39.9480003,
8.871346,-3.328000097,39.93600117,
8.892118,-3.329999952,39.95999943,
8.912638,-3.332999973,39.99599968,
8.93359,-3.336999922,40.04399906,
8.953371,-3.345000057,40.14000069,
8.973835,-3.351000099,40.21200119,
8.994413,-3.355000048,40.26000057,
9.01473,-3.356999903,40.28399883,
9.039146,-3.359999924,40.31999908,
9.05974,-3.362999945,40.35599934,
9.080126,-3.362999945,40.35599934,
9.100737,-3.364000111,40.36800133,
9.121082,-3.364000111,40.36800133,
9.141451,-3.365000038,40.38000046,
9.16227,-3.365000038,40.38000046,
9.182438,-3.365999966,40.39199959,
9.202974,-3.366999893,40.40399872,
9.227493,-3.365999966,40.39199959,
9.247892,-3.364000111,40.36800133,
9.268332,-3.362000017,40.34400021,
9.288994,-3.359999924,40.31999908,
9.309505,-3.358999996,40.30799995,
9.329866,-3.358999996,40.30799995,
9.35043,-3.356999903,40.28399883,
9.370871,-3.355000048,40.26000057,
9.391371,-3.355999975,40.2719997,
9.416357,-3.355000048,40.26000057,
9.436359,-3.355000048,40.26000057,
9.457174,-3.353999882,40.24799858,
9.477262,-3.355000048,40.26000057,
9.497835,-3.356999903,40.28399883,
9.518448,-3.355999975,40.2719997,
9.539066,-3.355999975,40.2719997,
9.559401,-3.352999954,40.23599945,
9.583916,-3.351000099,40.21200119,
9.604908,-3.349000006,40.18800007,
9.625191,-3.349000006,40.18800007,
9.645378,-3.346999912,40.16399895,
9.666023,-3.349000006,40.18800007,
9.686361,-3.352000027,40.22400032,
9.706802,-3.351000099,40.21200119,
9.727423,-3.349999933,40.1999992,
9.747662,-3.349000006,40.18800007,
9.772535,-3.348000078,40.17600094,
9.792681,-3.346999912,40.16399895,
9.813171,-3.345999985,40.15199982,
9.834248,-3.342999964,40.11599957,
9.854214,-3.343999891,40.1279987,
9.874893,-3.345999985,40.15199982,
9.895376,-3.352999954,40.23599945,
9.915686,-3.356999903,40.28399883,
9.940197,-3.358999996,40.30799995,
9.960594,-3.362000017,40.34400021,
9.981201,-3.364000111,40.36800133,
10.00177,-3.366999893,40.40399872,
10.02254,-3.368000059,40.41600071,
10.04285,-3.368999987,40.42799984,
10.06324,-3.368999987,40.42799984,
10.0837,-3.368999987,40.42799984,
10.10409,-3.369999914,40.43999897,
10.12856,-3.366999893,40.40399872,
10.14916,-3.365000038,40.38000046,
10.1696,-3.362999945,40.35599934,
10.19006,-3.36100009,40.33200108,
10.21067,-3.365000038,40.38000046,
10.23118,-3.364000111,40.36800133,
10.2519,-3.362999945,40.35599934,
10.27207,-3.364000111,40.36800133,
10.29255,-3.365999966,40.39199959,
10.31709,-3.368000059,40.41600071,
10.33749,-3.369999914,40.43999897,
10.35814,-3.37100008,40.45200096,
10.37836,-3.372000008,40.46400009,
10.39913,-3.372999935,40.47599922,
10.41946,-3.37100008,40.45200096,
10.43994,-3.372000008,40.46400009,
10.46062,-3.37100008,40.45200096,
10.48495,-3.369999914,40.43999897,
10.5056,-3.37100008,40.45200096,
10.52614,-3.369999914,40.43999897,
10.54673,-3.369999914,40.43999897,
10.56723,-3.368999987,40.42799984,
10.58773,-3.368999987,40.42799984,
10.60808,-3.368999987,40.42799984,
10.62846,-3.369999914,40.43999897,
10.64886,-3.37100008,40.45200096,
10.67369,-3.372999935,40.47599922,
10.6938,-3.372000008,40.46400009,
10.71425,-3.369999914,40.43999897,
10.73476,-3.368999987,40.42799984,
10.7552,-3.366999893,40.40399872,
10.77594,-3.365000038,40.38000046,
10.79638,-3.365999966,40.39199959,
10.81672,-3.362999945,40.35599934,
10.8412,-3.36100009,40.33200108,
10.86168,-3.359999924,40.31999908,
10.88224,-3.358000069,40.29600082,
10.90271,-3.356999903,40.28399883,
10.92335,-3.355999975,40.2719997,
10.94371,-3.356999903,40.28399883,
10.96428,-3.355999975,40.2719997,
10.98486,-3.355999975,40.2719997,
11.00519,-3.355999975,40.2719997,
11.02984,-3.355000048,40.26000057,
11.0502,-3.353999882,40.24799858,
11.07066,-3.352999954,40.23599945,
11.09128,-3.352999954,40.23599945,
11.11172,-3.353999882,40.24799858,
11.13216,-3.355000048,40.26000057,
11.15275,-3.355999975,40.2719997,
11.17309,-3.355999975,40.2719997,
11.19404,-3.355999975,40.2719997,
11.21814,-3.355000048,40.26000057,
11.23865,-3.353999882,40.24799858,
11.25894,-3.352000027,40.22400032,
11.27953,-3.349999933,40.1999992,
11.30035,-3.351000099,40.21200119,
11.32061,-3.349999933,40.1999992,
11.34103,-3.349000006,40.18800007,
11.3615,-3.349000006,40.18800007,
11.38644,-3.348000078,40.17600094,
11.40694,-3.345999985,40.15199982,
11.42703,-3.343999891,40.1279987,
11.44761,-3.345000057,40.14000069,
11.46801,-3.348000078,40.17600094,
11.48855,-3.349999933,40.1999992,
11.50937,-3.352000027,40.22400032,
11.52961,-3.352000027,40.22400032,
11.5501,-3.355000048,40.26000057,
11.57444,-3.355999975,40.2719997,
11.59484,-3.356999903,40.28399883,
11.61547,-3.359999924,40.31999908,
11.63605,-3.362999945,40.35599934,
11.65639,-3.365000038,40.38000046,
11.67694,-3.368000059,40.41600071,
11.69738,-3.368999987,40.42799984,
11.71833,-3.372000008,40.46400009,
11.73849,-3.375000029,40.50000034,
11.76295,-3.372000008,40.46400009,
11.78347,-3.372000008,40.46400009,
11.80383,-3.374000101,40.48800121,
11.82435,-3.376999884,40.5239986,
11.84471,-3.376999884,40.5239986,
11.86517,-3.376999884,40.5239986,
11.88565,-3.376999884,40.5239986,
11.90631,-3.376999884,40.5239986,
11.931,-3.375999956,40.51199947,
11.95125,-3.375999956,40.51199947,
11.97177,-3.376999884,40.5239986,
11.99236,-3.375999956,40.51199947,
12.01274,-3.37800005,40.5360006,
12.03386,-3.376999884,40.5239986,
12.05411,-3.375999956,40.51199947,
12.07447,-3.375000029,40.50000034,
12.09488,-3.372999935,40.47599922,
12.11914,-3.368000059,40.41600071,
12.1398,-3.366999893,40.40399872,
12.16011,-3.365000038,40.38000046,
12.18063,-3.365999966,40.39199959,
12.20157,-3.365000038,40.38000046,
12.22154,-3.364000111,40.36800133,
12.24231,-3.365999966,40.39199959,
12.26266,-3.365999966,40.39199959,
12.28699,-3.365000038,40.38000046,
12.30767,-3.365000038,40.38000046,
12.32808,-3.364000111,40.36800133,
12.349,-3.365000038,40.38000046,
12.36924,-3.365999966,40.39199959,
12.38952,-3.364000111,40.36800133,
12.41009,-3.362999945,40.35599934,
12.43053,-3.364000111,40.36800133,
12.45121,-3.362999945,40.35599934,
12.47564,-3.362999945,40.35599934,
12.49617,-3.364000111,40.36800133,
12.51656,-3.362000017,40.34400021,
12.5372,-3.359999924,40.31999908,
12.55757,-3.358000069,40.29600082,
12.5782,-3.359999924,40.31999908,
12.5986,-3.358999996,40.30799995,
12.6189,-3.358000069,40.29600082,
12.63958,-3.358000069,40.29600082,
12.66464,-3.356999903,40.28399883,
12.68453,-3.356999903,40.28399883,
12.70499,-3.358000069,40.29600082,
12.72562,-3.358000069,40.29600082,
12.74594,-3.358999996,40.30799995,
12.76638,-3.355999975,40.2719997,
12.78683,-3.355999975,40.2719997,
12.80729,-3.355000048,40.26000057,
12.83191,-3.355999975,40.2719997,
12.85239,-3.355999975,40.2719997,
12.87289,-3.355000048,40.26000057,
12.89332,-3.355000048,40.26000057,
12.9144,-3.352999954,40.23599945,
12.93425,-3.353999882,40.24799858,
12.95484,-3.355999975,40.2719997,
12.97533,-3.356999903,40.28399883,
12.99571,-3.358000069,40.29600082,
13.02041,-3.355000048,40.26000057,
13.04083,-3.353999882,40.24799858,
13.06147,-3.352999954,40.23599945,
13.08195,-3.352000027,40.22400032,
13.10224,-3.352000027,40.22400032,
13.12284,-3.352000027,40.22400032,
13.14347,-3.352000027,40.22400032,
13.16359,-3.352999954,40.23599945,
13.18839,-3.352999954,40.23599945,
13.2086,-3.352999954,40.23599945,
13.22917,-3.352000027,40.22400032,
13.24977,-3.349999933,40.1999992,
13.27014,-3.349999933,40.1999992,
13.29072,-3.351000099,40.21200119,
13.31104,-3.349999933,40.1999992,
13.33194,-3.351000099,40.21200119,
13.35215,-3.351000099,40.21200119,
13.37676,-3.349999933,40.1999992,
13.39736,-3.352000027,40.22400032,
13.41785,-3.352999954,40.23599945,
13.43824,-3.355000048,40.26000057,
13.4589,-3.355000048,40.26000057,
13.47906,-3.356999903,40.28399883,
13.49961,-3.358000069,40.29600082,
13.51997,-3.358000069,40.29600082,
13.54041,-3.358999996,40.30799995,
13.56514,-3.358999996,40.30799995,
13.58567,-3.359999924,40.31999908,
13.60604,-3.358999996,40.30799995,
13.62659,-3.358999996,40.30799995,
13.64691,-3.359999924,40.31999908,
13.66745,-3.36100009,40.33200108,
13.68823,-3.359999924,40.31999908,
13.70847,-3.359999924,40.31999908,
13.73301,-3.358999996,40.30799995,
13.7536,-3.358999996,40.30799995,
13.77389,-3.358999996,40.30799995,
13.79441,-3.359999924,40.31999908,
13.81529,-3.362000017,40.34400021,
13.83555,-3.36100009,40.33200108,
13.85583,-3.359999924,40.31999908,
13.87648,-3.359999924,40.31999908,
13.89677,-3.358999996,40.30799995,
13.92187,-3.358000069,40.29600082,
13.94201,-3.358000069,40.29600082,
13.9627,-3.355999975,40.2719997,
13.98305,-3.355000048,40.26000057,
14.00328,-3.355000048,40.26000057,
14.02383,-3.355999975,40.2719997,
14.04442,-3.355000048,40.26000057,
14.06524,-3.355000048,40.26000057,
14.08529,-3.355000048,40.26000057,
14.10994,-3.352000027,40.22400032,
14.13053,-3.349999933,40.1999992,
14.15082,-3.349999933,40.1999992,
14.17118,-3.349000006,40.18800007,
14.19172,-3.349999933,40.1999992,
14.21251,-3.349999933,40.1999992,
14.23323,-3.352000027,40.22400032,
14.25341,-3.351000099,40.21200119,
14.27786,-3.351000099,40.21200119,
14.2983,-3.349999933,40.1999992,
14.31888,-3.348000078,40.17600094,
14.33972,-3.349000006,40.18800007,
14.3598,-3.351000099,40.21200119,
14.38016,-3.352000027,40.22400032,
14.40067,-3.351000099,40.21200119,
14.42112,-3.352000027,40.22400032,
14.44162,-3.352999954,40.23599945,
14.46617,-3.353999882,40.24799858,
14.487,-3.352999954,40.23599945,
14.50725,-3.352000027,40.22400032,
14.52754,-3.349999933,40.1999992,
14.54813,-3.352999954,40.23599945,
14.56867,-3.352000027,40.22400032,
14.58911,-3.352000027,40.22400032,
14.60974,-3.352000027,40.22400032,
14.63419,-3.351000099,40.21200119,
14.65497,-3.349999933,40.1999992,
14.67513,-3.349999933,40.1999992,
14.69572,-3.349999933,40.1999992,
14.71609,-3.351000099,40.21200119,
14.73645,-3.352000027,40.22400032,
14.75711,-3.352999954,40.23599945,
14.77737,-3.352999954,40.23599945,
14.79782,-3.355000048,40.26000057,
14.82257,-3.355000048,40.26000057,
14.84297,-3.358000069,40.29600082,
14.86348,-3.358000069,40.29600082,
14.88417,-3.358000069,40.29600082,
14.90437,-3.355000048,40.26000057,
14.92495,-3.355000048,40.26000057,
14.9454,-3.355999975,40.2719997,
14.96588,-3.355000048,40.26000057,
14.98634,-3.355000048,40.26000057,
15.01117,-3.352000027,40.22400032,
15.03149,-3.352000027,40.22400032,
15.05207,-3.351000099,40.21200119,
15.07257,-3.352000027,40.22400032,
15.09298,-3.352999954,40.23599945,
15.11327,-3.353999882,40.24799858,
15.1339,-3.355000048,40.26000057,
15.15422,-3.355999975,40.2719997,
15.17896,-3.355000048,40.26000057,
15.19935,-3.355999975,40.2719997,
15.21976,-3.356999903,40.28399883,
15.24036,-3.353999882,40.24799858,
15.26089,-3.353999882,40.24799858,
15.28121,-3.355000048,40.26000057,
15.30183,-3.358000069,40.29600082,
15.32224,-3.356999903,40.28399883,
15.34261,-3.358000069,40.29600082,
15.36727,-3.358000069,40.29600082,
15.38789,-3.358000069,40.29600082,
15.40831,-3.356999903,40.28399883,
15.42884,-3.358000069,40.29600082,
15.44922,-3.358000069,40.29600082,
15.46975,-3.358999996,40.30799995,
15.49026,-3.358999996,40.30799995,
15.51074,-3.362000017,40.34400021,
15.53536,-3.362000017,40.34400021,
15.55588,-3.365000038,40.38000046,
15.5766,-3.368999987,40.42799984,
15.59676,-3.372000008,40.46400009,
15.61719,-3.375000029,40.50000034,
15.63759,-3.378999977,40.54799973,
15.65804,-3.381000071,40.57200085,
15.67864,-3.381999998,40.58399998,
15.69908,-3.384000092,40.6080011,
15.7236,-3.382999926,40.59599911,
15.74415,-3.382999926,40.59599911,
15.76469,-3.385000019,40.62000023,
15.78512,-3.385999947,40.63199936,
15.80567,-3.387000113,40.64400135,
15.82601,-3.385999947,40.63199936,
15.84667,-3.387000113,40.64400135,
15.86725,-3.388999968,40.66799961,
15.88744,-3.388999968,40.66799961,
15.91216,-3.38800004,40.65600048,
15.93258,-3.387000113,40.64400135,
15.95295,-3.387000113,40.64400135,
15.97347,-3.38800004,40.65600048,
15.99399,-3.388999968,40.66799961,
16.01456,-3.389999895,40.67999874,
16.03487,-3.392999916,40.71599899,
16.05566,-3.39500001,40.74000011,
16.08039,-3.39500001,40.74000011,
16.10064,-3.394000082,40.72800098,
16.12112,-3.392999916,40.71599899,
16.14154,-3.394000082,40.72800098,
16.16196,-3.392999916,40.71599899,
16.18246,-3.392999916,40.71599899,
16.20305,-3.394000082,40.72800098,
16.22346,-3.39500001,40.74000011,
16.24378,-3.39500001,40.74000011,
16.26851,-3.394000082,40.72800098,
16.28884,-3.39500001,40.74000011,
16.30935,-3.394000082,40.72800098,
16.32998,-3.39500001,40.74000011,
16.35025,-3.392999916,40.71599899,
16.37075,-3.392999916,40.71599899,
16.39165,-3.391999989,40.70399986,
16.4118,-3.391999989,40.70399986,
16.43639,-3.391000061,40.69200073,
16.45682,-3.391999989,40.70399986,
16.4774,-3.391000061,40.69200073,
16.49783,-3.389999895,40.67999874,
16.5182,-3.391000061,40.69200073,
16.53879,-3.391000061,40.69200073,
16.55924,-3.391999989,40.70399986,
16.57975,-3.394000082,40.72800098,
16.60019,-3.394000082,40.72800098,
16.62472,-3.391999989,40.70399986,
16.64534,-3.391000061,40.69200073,
16.66566,-3.391999989,40.70399986,
16.68624,-3.391999989,40.70399986,
16.70663,-3.394000082,40.72800098,
16.72713,-3.39500001,40.74000011,
16.74767,-3.397000103,40.76400124,
16.7681,-3.398999958,40.7879995,
16.78856,-3.397000103,40.76400124,
16.81315,-3.398999958,40.7879995,
16.83363,-3.398999958,40.7879995,
16.85421,-3.401999979,40.82399975,
16.87457,-3.401000051,40.81200062,
16.89516,-3.401999979,40.82399975,
16.91564,-3.404000072,40.84800087,
16.93613,-3.404000072,40.84800087,
16.95678,-3.402999907,40.83599888,
16.98104,-3.401000051,40.81200062,
17.00179,-3.399999886,40.79999863,
17.02214,-3.398999958,40.7879995,
17.04263,-3.399999886,40.79999863,
17.06314,-3.398000031,40.77600037,
17.0835,-3.398000031,40.77600037,
17.10407,-3.398000031,40.77600037,
17.12436,-3.398000031,40.77600037,
17.14485,-3.398000031,40.77600037,
17.16939,-3.398000031,40.77600037,
17.18979,-3.401000051,40.81200062,
17.21054,-3.401000051,40.81200062,
17.23091,-3.399999886,40.79999863,
17.25137,-3.401000051,40.81200062,
17.27205,-3.401000051,40.81200062,
17.29239,-3.401999979,40.82399975,
17.31286,-3.402999907,40.83599888,
17.33733,-3.402999907,40.83599888,
17.35777,-3.401000051,40.81200062,
17.37847,-3.398999958,40.7879995,
17.3989,-3.398000031,40.77600037,
17.41937,-3.397000103,40.76400124,
17.43985,-3.397000103,40.76400124,
17.46035,-3.398000031,40.77600037,
17.48393,-3.398000031,40.77600037,
17.50424,-3.399999886,40.79999863,
17.53619,-3.398999958,40.7879995,
17.54629,-3.398000031,40.77600037,
17.56682,-3.398000031,40.77600037,
17.58743,-3.398999958,40.7879995,
17.60788,-3.398999958,40.7879995,
17.62838,-3.401000051,40.81200062,
17.64886,-3.401999979,40.82399975,
17.66921,-3.405,40.86,
17.69015,-3.404000072,40.84800087,
17.71431,-3.405999928,40.87199913,
17.73467,-3.405999928,40.87199913,
17.7553,-3.405,40.86,
17.77612,-3.404000072,40.84800087,
17.79624,-3.405,40.86,
17.81665,-3.405,40.86,
17.83729,-3.407000093,40.88400112,
17.85759,-3.407000093,40.88400112,
17.88202,-3.407000093,40.88400112,
17.90273,-3.405,40.86,
17.92336,-3.405999928,40.87199913,
17.94373,-3.405999928,40.87199913,
17.96432,-3.407000093,40.88400112,
17.98469,-3.405999928,40.87199913,
18.00535,-3.407000093,40.88400112,
18.02587,-3.405,40.86,
18.04601,-3.405,40.86,
18.07047,-3.402999907,40.83599888,
18.09122,-3.402999907,40.83599888,
18.1119,-3.401999979,40.82399975,
18.13217,-3.402999907,40.83599888,
18.15254,-3.402999907,40.83599888,
18.17297,-3.401999979,40.82399975,
18.19353,-3.401999979,40.82399975,
18.21411,-3.401000051,40.81200062,
18.23858,-3.398999958,40.7879995,
18.25893,-3.398999958,40.7879995,
18.27945,-3.398000031,40.77600037,
18.30011,-3.398000031,40.77600037,
18.32059,-3.399999886,40.79999863,
18.34108,-3.399999886,40.79999863,
18.36142,-3.399999886,40.79999863,
18.38197,-3.399999886,40.79999863,
18.40238,-3.398999958,40.7879995,
18.42701,-3.401000051,40.81200062,
18.44749,-3.398999958,40.7879995,
18.46829,-3.398000031,40.77600037,
18.48846,-3.395999937,40.75199924,
18.50893,-3.394000082,40.72800098,
18.5296,-3.392999916,40.71599899,
18.54996,-3.394000082,40.72800098,
18.57037,-3.39500001,40.74000011,
18.59089,-3.394000082,40.72800098,
18.61539,-3.394000082,40.72800098,
18.63598,-3.395999937,40.75199924,
18.65634,-3.395999937,40.75199924,
18.67668,-3.39500001,40.74000011,
18.69731,-3.397000103,40.76400124,
18.71829,-3.398000031,40.77600037,
18.73834,-3.397000103,40.76400124,
18.75867,-3.397000103,40.76400124,
18.7833,-3.397000103,40.76400124,
18.80361,-3.39500001,40.74000011,
18.82422,-3.39500001,40.74000011,
18.84485,-3.395999937,40.75199924,
18.86526,-3.39500001,40.74000011,
18.8857,-3.394000082,40.72800098,
18.90627,-3.39500001,40.74000011,
18.92666,-3.39500001,40.74000011,
18.94725,-3.39500001,40.74000011,
18.9716,-3.39500001,40.74000011,
18.99208,-3.394000082,40.72800098,
19.01266,-3.392999916,40.71599899,
19.03316,-3.394000082,40.72800098,
19.0538,-3.392999916,40.71599899,
19.07433,-3.391000061,40.69200073,
19.09479,-3.391999989,40.70399986,
19.11518,-3.389999895,40.67999874,
19.13978,-3.389999895,40.67999874,
19.16017,-3.388999968,40.66799961,
19.1809,-3.387000113,40.64400135,
19.20101,-3.385999947,40.63199936,
19.2217,-3.388999968,40.66799961,
19.24206,-3.38800004,40.65600048,
19.26266,-3.387000113,40.64400135,
19.28305,-3.385999947,40.63199936,
19.30344,-3.387000113,40.64400135,
19.32781,-3.385999947,40.63199936,
19.34847,-3.385999947,40.63199936,
19.36899,-3.384000092,40.6080011,
19.38939,-3.385000019,40.62000023,
19.40985,-3.385999947,40.63199936,
19.43033,-3.387000113,40.64400135,
19.45101,-3.385999947,40.63199936,
19.4715,-3.38800004,40.65600048,
19.49195,-3.387000113,40.64400135,
19.5164,-3.38800004,40.65600048,
19.53685,-3.38800004,40.65600048,
19.55731,-3.385999947,40.63199936,
19.57825,-3.388999968,40.66799961,
19.59886,-3.391000061,40.69200073,
19.61888,-3.391000061,40.69200073,
19.63943,-3.391999989,40.70399986,
19.6599,-3.392999916,40.71599899,
19.68462,-3.392999916,40.71599899,
19.70498,-3.389999895,40.67999874,
19.7256,-3.389999895,40.67999874,
19.74611,-3.389999895,40.67999874,
19.76631,-3.389999895,40.67999874,
19.78772,-3.391999989,40.70399986,
19.80739,-3.391999989,40.70399986,
19.82779,-3.391000061,40.69200073,
19.84831,-3.392999916,40.71599899,
19.87282,-3.392999916,40.71599899,
19.89337,-3.392999916,40.71599899,
19.91373,-3.391999989,40.70399986,
19.93421,-3.392999916,40.71599899,
19.95491,-3.392999916,40.71599899,
19.97523,-3.392999916,40.71599899,
19.99574,-3.392999916,40.71599899,
20.01622,-3.392999916,40.71599899,
20.03671,-3.391000061,40.69200073,
20.06111,-3.391000061,40.69200073,
20.08166,-3.38800004,40.65600048,
20.1024,-3.388999968,40.66799961,
20.12269,-3.387000113,40.64400135,
20.14305,-3.38800004,40.65600048,
20.16396,-3.38800004,40.65600048,
20.18415,-3.385999947,40.63199936,
20.20498,-3.385000019,40.62000023,
20.2292,-3.381999998,40.58399998,
20.24958,-3.37800005,40.5360006,
20.27003,-3.376999884,40.5239986,
20.29083,-3.375000029,40.50000034,
20.31112,-3.374000101,40.48800121,
20.33152,-3.374000101,40.48800121,
20.35215,-3.372000008,40.46400009,
20.37258,-3.372999935,40.47599922,
20.3933,-3.372000008,40.46400009,
20.41789,-3.369999914,40.43999897,
20.43791,-3.368999987,40.42799984,
20.45846,-3.365999966,40.39199959,
20.47902,-3.368000059,40.41600071,
20.49931,-3.365999966,40.39199959,
20.52006,-3.365999966,40.39199959,
20.54079,-3.368000059,40.41600071,
20.56093,-3.366999893,40.40399872,
20.58542,-3.368000059,40.41600071,
20.60581,-3.368000059,40.41600071,
20.62669,-3.368999987,40.42799984,
20.64694,-3.368000059,40.41600071,
20.66733,-3.368000059,40.41600071,
20.68783,-3.369999914,40.43999897,
20.70838,-3.37100008,40.45200096,
20.7289,-3.372999935,40.47599922,
20.74944,-3.375000029,40.50000034,
20.77382,-3.376999884,40.5239986,
20.79436,-3.37800005,40.5360006,
20.81481,-3.379999905,40.55999886,
20.83541,-3.384000092,40.6080011,
20.85572,-3.385000019,40.62000023,
20.87657,-3.385999947,40.63199936,
20.89669,-3.385000019,40.62000023,
20.91712,-3.385999947,40.63199936,
20.93787,-3.38800004,40.65600048,
20.96239,-3.388999968,40.66799961,
20.98275,-3.389999895,40.67999874,
21.00345,-3.391000061,40.69200073,
21.02408,-3.391999989,40.70399986,
21.04436,-3.392999916,40.71599899,
21.06471,-3.392999916,40.71599899,
21.08513,-3.39500001,40.74000011,
21.10554,-3.395999937,40.75199924,
21.13021,-3.39500001,40.74000011,
21.15076,-3.392999916,40.71599899,
21.17116,-3.392999916,40.71599899,
21.19262,-3.391000061,40.69200073,
21.2125,-3.391000061,40.69200073,
21.23256,-3.389999895,40.67999874,
21.25319,-3.389999895,40.67999874,
21.27352,-3.389999895,40.67999874,
21.29421,-3.389999895,40.67999874,
21.31857,-3.388999968,40.66799961,
21.33902,-3.388999968,40.66799961,
21.35964,-3.389999895,40.67999874,
21.38005,-3.389999895,40.67999874,
21.40053,-3.38800004,40.65600048,
21.42095,-3.389999895,40.67999874,
21.44152,-3.391999989,40.70399986,
21.46211,-3.394000082,40.72800098,
21.4826,-3.39500001,40.74000011,
21.50704,-3.39500001,40.74000011,
21.52756,-3.394000082,40.72800098,
21.54806,-3.392999916,40.71599899,
21.56854,-3.391999989,40.70399986,
21.58894,-3.392999916,40.71599899,
21.60971,-3.39500001,40.74000011,
21.63035,-3.394000082,40.72800098,
21.65037,-3.394000082,40.72800098,
21.67508,-3.391999989,40.70399986,
21.69546,-3.391999989,40.70399986,
21.716,-3.389999895,40.67999874,
21.73654,-3.391000061,40.69200073,
21.75684,-3.391999989,40.70399986,
21.7774,-3.391999989,40.70399986,
21.79794,-3.391999989,40.70399986,
21.81838,-3.391999989,40.70399986,
21.83885,-3.394000082,40.72800098,
21.86338,-3.394000082,40.72800098,
21.88397,-3.39500001,40.74000011,
21.90458,-3.395999937,40.75199924,
21.92486,-3.395999937,40.75199924,
21.94556,-3.394000082,40.72800098,
21.96573,-3.394000082,40.72800098,
21.98637,-3.39500001,40.74000011,
22.00665,-3.395999937,40.75199924,
22.03128,-3.394000082,40.72800098,
22.05185,-3.394000082,40.72800098,
22.0723,-3.392999916,40.71599899,
22.09316,-3.391999989,40.70399986,
22.11327,-3.392999916,40.71599899,
22.13402,-3.394000082,40.72800098,
22.15424,-3.394000082,40.72800098,
22.17478,-3.395999937,40.75199924,
22.19524,-3.395999937,40.75199924,
22.2198,-3.397000103,40.76400124,
22.24059,-3.398000031,40.77600037,
22.26075,-3.395999937,40.75199924,
22.28192,-3.395999937,40.75199924,
22.30172,-3.397000103,40.76400124,
22.32225,-3.397000103,40.76400124,
22.3427,-3.397000103,40.76400124,
22.36299,-3.398000031,40.77600037,
22.38373,-3.398000031,40.77600037,
22.40823,-3.398000031,40.77600037,
22.42871,-3.398000031,40.77600037,
22.44903,-3.397000103,40.76400124,
22.46959,-3.398000031,40.77600037,
22.49004,-3.395999937,40.75199924,
22.51056,-3.397000103,40.76400124,
22.53092,-3.395999937,40.75199924,
22.55175,-3.398999958,40.7879995,
22.57612,-3.397000103,40.76400124,
22.59658,-3.395999937,40.75199924,
22.61743,-3.395999937,40.75199924,
22.63769,-3.395999937,40.75199924,
22.65792,-3.397000103,40.76400124,
22.67868,-3.39500001,40.74000011,
22.69895,-3.39500001,40.74000011,
22.71961,-3.398000031,40.77600037,
22.74006,-3.398999958,40.7879995,
22.76452,-3.398000031,40.77600037,
22.78498,-3.398000031,40.77600037,
22.80551,-3.395999937,40.75199924,
22.826,-3.397000103,40.76400124,
22.84647,-3.399999886,40.79999863,
22.86692,-3.398999958,40.7879995,
22.88787,-3.398999958,40.7879995,
22.90817,-3.398999958,40.7879995,
22.92852,-3.398999958,40.7879995,
22.95298,-3.398000031,40.77600037,
22.97343,-3.39500001,40.74000011,
22.99385,-3.39500001,40.74000011,
23.01437,-3.395999937,40.75199924,
23.03486,-3.395999937,40.75199924,
23.05533,-3.39500001,40.74000011,
23.07572,-3.39500001,40.74000011,
23.09624,-3.395999937,40.75199924,
23.1208,-3.39500001,40.74000011,
23.1417,-3.392999916,40.71599899,
23.16186,-3.392999916,40.71599899,
23.18238,-3.391999989,40.70399986,
23.20272,-3.391999989,40.70399986,
23.22319,-3.392999916,40.71599899,
23.24381,-3.392999916,40.71599899,
23.26429,-3.391999989,40.70399986,
23.28468,-3.391000061,40.69200073,
23.30939,-3.391000061,40.69200073,
23.32984,-3.391000061,40.69200073,
23.35058,-3.391999989,40.70399986,
23.37084,-3.391000061,40.69200073,
23.39121,-3.39500001,40.74000011,
23.41173,-3.394000082,40.72800098,
23.43217,-3.39500001,40.74000011,
23.45263,-3.395999937,40.75199924,
23.47719,-3.39500001,40.74000011,
23.49764,-3.395999937,40.75199924,
23.51814,-3.395999937,40.75199924,
23.53945,-3.395999937,40.75199924,
23.55927,-3.395999937,40.75199924,
23.57957,-3.397000103,40.76400124,
23.60001,-3.39500001,40.74000011,
23.62087,-3.39500001,40.74000011,
23.64113,-3.397000103,40.76400124,
23.66571,-3.397000103,40.76400124,
23.6862,-3.39500001,40.74000011,
23.70667,-3.39500001,40.74000011,
23.72722,-3.394000082,40.72800098,
23.74761,-3.394000082,40.72800098,
23.76823,-3.392999916,40.71599899,
23.78871,-3.397000103,40.76400124,
23.80917,-3.398999958,40.7879995,
23.82971,-3.399999886,40.79999863,
23.85418,-3.398000031,40.77600037,
23.87462,-3.398999958,40.7879995,
23.89504,-3.401000051,40.81200062,
23.91549,-3.402999907,40.83599888,
23.93596,-3.405,40.86,
23.95713,-3.405,40.86,
23.97712,-3.405,40.86,
23.99729,-3.405,40.86,
24.02189,-3.402999907,40.83599888,
24.04241,-3.401000051,40.81200062,
24.06296,-3.398999958,40.7879995,
24.08355,-3.397000103,40.76400124,
24.10386,-3.395999937,40.75199924,
24.12442,-3.395999937,40.75199924,
24.14491,-3.39500001,40.74000011,
24.16527,-3.394000082,40.72800098,
24.18587,-3.39500001,40.74000011,
24.21053,-3.394000082,40.72800098,
24.23083,-3.395999937,40.75199924,
24.25134,-3.397000103,40.76400124,
24.27188,-3.397000103,40.76400124,
24.29316,-3.395999937,40.75199924,
24.31279,-3.39500001,40.74000011,
24.33324,-3.39500001,40.74000011,
24.35401,-3.397000103,40.76400124,
24.37428,-3.399999886,40.79999863,
24.399,-3.401000051,40.81200062,
24.41932,-3.401999979,40.82399975,
24.43988,-3.401999979,40.82399975,
24.46034,-3.401999979,40.82399975,
24.48092,-3.401999979,40.82399975,
24.50126,-3.399999886,40.79999863,
24.52168,-3.401000051,40.81200062,
24.54208,-3.401999979,40.82399975,
24.56671,-3.401000051,40.81200062,
24.58727,-3.401000051,40.81200062,
24.60784,-3.402999907,40.83599888,
24.62829,-3.404000072,40.84800087,
24.64877,-3.405,40.86,
24.66913,-3.405,40.86,
24.68963,-3.405,40.86,
24.71014,-3.405999928,40.87199913,
24.73062,-3.405,40.86,
24.75514,-3.404000072,40.84800087,
24.77568,-3.404000072,40.84800087,
24.79609,-3.402999907,40.83599888,
24.81676,-3.401999979,40.82399975,
24.83705,-3.402999907,40.83599888,
24.85836,-3.404000072,40.84800087,
24.87803,-3.407000093,40.88400112,
24.89839,-3.408000021,40.89600025,
24.92323,-3.408000021,40.89600025,
24.94362,-3.407000093,40.88400112,
24.96406,-3.407000093,40.88400112,
24.98464,-3.408999949,40.90799938,
25.00499,-3.410000114,40.92000137,
25.02554,-3.411999969,40.94399963,
25.04598,-3.412999897,40.95599876,
25.06641,-3.414000063,40.96800076,
25.08759,-3.412999897,40.95599876,
25.11137,-3.411000042,40.9320005,
25.1321,-3.410000114,40.92000137,
25.15257,-3.410000114,40.92000137,
25.17287,-3.408999949,40.90799938,
25.19365,-3.410000114,40.92000137,
25.21385,-3.410000114,40.92000137,
25.23435,-3.411000042,40.9320005,
25.25485,-3.411000042,40.9320005,
25.27528,-3.412999897,40.95599876,
25.29999,-3.411000042,40.9320005,
25.32053,-3.408999949,40.90799938,
25.34103,-3.408999949,40.90799938,
25.36132,-3.407000093,40.88400112,
25.38177,-3.407000093,40.88400112,
25.4023,-3.408999949,40.90799938,
25.42272,-3.408000021,40.89600025,
25.44333,-3.408999949,40.90799938,
25.46772,-3.408999949,40.90799938,
25.48842,-3.407000093,40.88400112,
25.50887,-3.407000093,40.88400112,
25.52932,-3.404000072,40.84800087,
25.54983,-3.399999886,40.79999863,
25.57028,-3.401000051,40.81200062,
25.59098,-3.401999979,40.82399975,
25.61115,-3.401999979,40.82399975,
25.63178,-3.404000072,40.84800087,
25.65627,-3.402999907,40.83599888,
25.67677,-3.401999979,40.82399975,
25.69746,-3.401000051,40.81200062,
25.7177,-3.402999907,40.83599888,
25.7382,-3.402999907,40.83599888,
25.75879,-3.399999886,40.79999863,
25.7791,-3.399999886,40.79999863,
25.79968,-3.399999886,40.79999863,
25.82019,-3.398999958,40.7879995,
25.84466,-3.397000103,40.76400124,
25.86532,-3.395999937,40.75199924,
25.88595,-3.395999937,40.75199924,
25.9061,-3.397000103,40.76400124,
25.92669,-3.398000031,40.77600037,
25.94706,-3.398999958,40.7879995,
25.96757,-3.401000051,40.81200062,
25.98805,-3.402999907,40.83599888,
26.01266,-3.404000072,40.84800087,
26.03314,-3.402999907,40.83599888,
26.05372,-3.402999907,40.83599888,
26.07421,-3.402999907,40.83599888,
26.09448,-3.402999907,40.83599888,
26.11513,-3.404000072,40.84800087,
26.13545,-3.402999907,40.83599888,
26.15597,-3.401999979,40.82399975,
26.1765,-3.399999886,40.79999863,
26.20086,-3.398000031,40.77600037,
26.22148,-3.395999937,40.75199924,
26.24216,-3.395999937,40.75199924,
26.2627,-3.395999937,40.75199924,
26.28308,-3.398000031,40.77600037,
26.3037,-3.398000031,40.77600037,
26.32417,-3.398999958,40.7879995,
26.34437,-3.398999958,40.7879995,
26.36888,-3.398999958,40.7879995,
26.38952,-3.398999958,40.7879995,
26.41014,-3.399999886,40.79999863,
26.43031,-3.397000103,40.76400124,
26.45101,-3.39500001,40.74000011,
26.47136,-3.394000082,40.72800098,
26.49198,-3.394000082,40.72800098,
26.51253,-3.39500001,40.74000011,
26.53273,-3.394000082,40.72800098,
26.55769,-3.392999916,40.71599899,
26.57774,-3.394000082,40.72800098,
26.59862,-3.391999989,40.70399986,
26.61884,-3.392999916,40.71599899,
26.6393,-3.392999916,40.71599899,
26.66,-3.392999916,40.71599899,
26.68022,-3.391000061,40.69200073,
26.70074,-3.391999989,40.70399986,
26.72114,-3.394000082,40.72800098,
26.74565,-3.394000082,40.72800098,
26.76617,-3.39500001,40.74000011,
26.78665,-3.394000082,40.72800098,
26.80734,-3.394000082,40.72800098,
26.82781,-3.392999916,40.71599899,
26.84821,-3.391999989,40.70399986,
26.86859,-3.391000061,40.69200073,
26.88909,-3.392999916,40.71599899,
26.91368,-3.391000061,40.69200073,
26.93398,-3.392999916,40.71599899,
26.95447,-3.394000082,40.72800098,
26.97516,-3.394000082,40.72800098,
26.99566,-3.394000082,40.72800098,
27.01621,-3.39500001,40.74000011,
27.03662,-3.39500001,40.74000011,
27.05701,-3.39500001,40.74000011,
27.07749,-3.397000103,40.76400124,
27.1021,-3.395999937,40.75199924,
27.12258,-3.397000103,40.76400124,
27.14303,-3.395999937,40.75199924,
27.16365,-3.39500001,40.74000011,
27.18405,-3.39500001,40.74000011,
27.20453,-3.395999937,40.75199924,
27.22505,-3.398000031,40.77600037,
27.24542,-3.398999958,40.7879995,
27.27299,-3.398000031,40.77600037,
27.29354,-3.397000103,40.76400124,
27.32134,-3.39500001,40.74000011,
27.33163,-3.394000082,40.72800098,
27.35205,-3.394000082,40.72800098,
27.37243,-3.39500001,40.74000011,
27.39307,-3.391999989,40.70399986,
27.41343,-3.391000061,40.69200073,
27.43397,-3.389999895,40.67999874,
27.45862,-3.391000061,40.69200073,
27.47886,-3.388999968,40.66799961,
27.49944,-3.388999968,40.66799961,
27.52006,-3.389999895,40.67999874,
27.54058,-3.391000061,40.69200073,
27.56108,-3.389999895,40.67999874,
27.58154,-3.389999895,40.67999874,
27.60188,-3.391999989,40.70399986,
27.6224,-3.391999989,40.70399986,
27.64691,-3.392999916,40.71599899,
27.66733,-3.392999916,40.71599899,
27.68826,-3.391999989,40.70399986,
27.70836,-3.392999916,40.71599899,
27.72923,-3.392999916,40.71599899,
27.74953,-3.392999916,40.71599899,
27.76981,-3.392999916,40.71599899,
27.79023,-3.392999916,40.71599899,
27.81468,-3.392999916,40.71599899,
27.83526,-3.392999916,40.71599899,
27.85588,-3.394000082,40.72800098,
27.87618,-3.39500001,40.74000011,
27.89658,-3.394000082,40.72800098,
27.91722,-3.392999916,40.71599899,
27.93779,-3.39500001,40.74000011,
27.95826,-3.39500001,40.74000011,
27.97864,-3.394000082,40.72800098,
28.00314,-3.394000082,40.72800098,
28.02364,-3.39500001,40.74000011,
28.04412,-3.395999937,40.75199924,
28.06459,-3.395999937,40.75199924,
28.08501,-3.397000103,40.76400124,
28.10567,-3.397000103,40.76400124,
28.12605,-3.398000031,40.77600037,
28.14697,-3.39500001,40.74000011,
28.16735,-3.391999989,40.70399986,
28.1916,-3.38800004,40.65600048,
28.21208,-3.382999926,40.59599911,
28.23285,-3.381000071,40.57200085,
28.25293,-3.378999977,40.54799973,
28.27369,-3.376999884,40.5239986,
28.29419,-3.372999935,40.47599922,
28.31455,-3.37100008,40.45200096,
28.3351,-3.369999914,40.43999897,
28.35953,-3.368000059,40.41600071,
28.38012,-3.365999966,40.39199959,
28.40053,-3.365000038,40.38000046,
28.42123,-3.365000038,40.38000046,
28.44137,-3.364000111,40.36800133,
28.46198,-3.365000038,40.38000046,
28.48254,-3.365000038,40.38000046,
28.50295,-3.364000111,40.36800133,
28.5234,-3.365999966,40.39199959,
28.54787,-3.365000038,40.38000046,
28.5683,-3.364000111,40.36800133,
28.58902,-3.362000017,40.34400021,
28.60937,-3.362000017,40.34400021,
28.63008,-3.362000017,40.34400021,
28.6506,-3.36100009,40.33200108,
28.67102,-3.358999996,40.30799995,
28.69175,-3.358999996,40.30799995,
28.71587,-3.358000069,40.29600082,
28.73635,-3.358000069,40.29600082,
28.75681,-3.359999924,40.31999908,
28.77742,-3.359999924,40.31999908,
28.79792,-3.358999996,40.30799995,
28.81828,-3.359999924,40.31999908,
28.83901,-3.359999924,40.31999908,
28.8593,-3.362000017,40.34400021,
28.87963,-3.362999945,40.35599934,
28.90442,-3.364000111,40.36800133,
28.92474,-3.362999945,40.35599934,
28.94528,-3.36100009,40.33200108,
28.96568,-3.359999924,40.31999908,
28.98608,-3.358999996,40.30799995,
29.00672,-3.358000069,40.29600082,
29.02775,-3.356999903,40.28399883,
29.04782,-3.356999903,40.28399883,
29.06833,-3.358000069,40.29600082,
29.09279,-3.356999903,40.28399883,
29.11344,-3.356999903,40.28399883,
29.13404,-3.358000069,40.29600082,
29.15422,-3.356999903,40.28399883,
29.1747,-3.356999903,40.28399883,
29.19517,-3.355999975,40.2719997,
29.21611,-3.358000069,40.29600082,
29.23606,-3.358000069,40.29600082,
29.26055,-3.356999903,40.28399883,
29.28112,-3.356999903,40.28399883,
29.30157,-3.356999903,40.28399883,
29.32232,-3.358000069,40.29600082,
29.34274,-3.358000069,40.29600082,
29.36307,-3.355999975,40.2719997,
29.38354,-3.355999975,40.2719997,
29.40421,-3.356999903,40.28399883,
29.42469,-3.356999903,40.28399883,
29.44906,-3.358000069,40.29600082,
29.46945,-3.358999996,40.30799995,
29.48997,-3.36100009,40.33200108,
29.51046,-3.36100009,40.33200108,
29.53094,-3.359999924,40.31999908,
29.55139,-3.36100009,40.33200108,
29.57196,-3.362999945,40.35599934,
29.59231,-3.365000038,40.38000046,
29.61299,-3.362999945,40.35599934,
29.63754,-3.362000017,40.34400021,
29.6579,-3.358000069,40.29600082,
29.67849,-3.358000069,40.29600082,
29.69885,-3.358000069,40.29600082,
29.7194,-3.358000069,40.29600082,
29.73994,-3.359999924,40.31999908,
29.76077,-3.36100009,40.33200108,
29.78088,-3.364000111,40.36800133,
29.80539,-3.365999966,40.39199959,
29.82589,-3.368999987,40.42799984,
29.8467,-3.372000008,40.46400009,
29.86718,-3.375999956,40.51199947,
29.88727,-3.37800005,40.5360006,
29.90791,-3.378999977,40.54799973,
29.9283,-3.379999905,40.55999886,
29.94879,-3.384000092,40.6080011,
29.96916,-3.385999947,40.63199936,
29.99378,-3.385999947,40.63199936,
30.01425,-3.385999947,40.63199936,
30.03477,-3.385999947,40.63199936,
30.05525,-3.387000113,40.64400135,
30.07562,-3.38800004,40.65600048,
30.09616,-3.387000113,40.64400135,
30.1166,-3.382999926,40.59599911,
30.13707,-3.37800005,40.5360006,
30.16205,-3.376999884,40.5239986,
30.18223,-3.378999977,40.54799973,
30.20269,-3.381000071,40.57200085,
30.22328,-3.381000071,40.57200085,
30.24356,-3.37800005,40.5360006,
30.2641,-3.372000008,40.46400009,
30.28455,-3.37100008,40.45200096,
30.30501,-3.372999935,40.47599922,
30.32551,-3.375000029,40.50000034,
30.35015,-3.374000101,40.48800121,
30.37068,-3.374000101,40.48800121,
30.3911,-3.375000029,40.50000034,
30.41182,-3.374000101,40.48800121,
30.43201,-3.372000008,40.46400009,
30.45258,-3.37100008,40.45200096,
30.47334,-3.368000059,40.41600071,
30.49376,-3.365999966,40.39199959,
30.51427,-3.365000038,40.38000046,
30.53944,-3.362000017,40.34400021,
30.5594,-3.362000017,40.34400021,
30.57971,-3.362999945,40.35599934,
30.59994,-3.365000038,40.38000046,
30.62058,-3.368000059,40.41600071,
30.64107,-3.372000008,40.46400009,
30.66153,-3.374000101,40.48800121,
30.6821,-3.375999956,40.51199947,
30.70677,-3.378999977,40.54799973,
30.72706,-3.379999905,40.55999886,
30.74743,-3.382999926,40.59599911,
30.76793,-3.382999926,40.59599911,
30.78852,-3.387000113,40.64400135,
30.80887,-3.38800004,40.65600048,
30.82946,-3.391000061,40.69200073,
30.84995,-3.391999989,40.70399986,
30.87036,-3.394000082,40.72800098,
30.89499,-3.394000082,40.72800098,
30.91568,-3.39500001,40.74000011,
30.93588,-3.39500001,40.74000011,
30.95632,-3.394000082,40.72800098,
30.97674,-3.394000082,40.72800098,
30.99737,-3.395999937,40.75199924,
31.01774,-3.39500001,40.74000011,
31.03827,-3.397000103,40.76400124,
31.05866,-3.397000103,40.76400124,
31.08336,-3.398000031,40.77600037,
31.1039,-3.397000103,40.76400124,
31.12432,-3.39500001,40.74000011,
31.1448,-3.39500001,40.74000011,
31.16525,-3.391999989,40.70399986,
31.18579,-3.391999989,40.70399986,
31.20633,-3.392999916,40.71599899,
31.2267,-3.39500001,40.74000011,
31.25131,-3.392999916,40.71599899,
31.27181,-3.389999895,40.67999874,
31.29246,-3.391000061,40.69200073,
31.31296,-3.391999989,40.70399986,
31.33335,-3.391000061,40.69200073,
31.35369,-3.391999989,40.70399986,
31.37409,-3.391999989,40.70399986,
31.39453,-3.391000061,40.69200073,
31.41541,-3.391999989,40.70399986,
31.43966,-3.389999895,40.67999874,
31.46029,-3.389999895,40.67999874,
31.48062,-3.391000061,40.69200073,
31.50102,-3.391999989,40.70399986,
31.52172,-3.394000082,40.72800098,
31.54218,-3.39500001,40.74000011,
31.56256,-3.39500001,40.74000011,
31.58292,-3.392999916,40.71599899,
31.60771,-3.392999916,40.71599899,
31.62824,-3.391999989,40.70399986,
31.64865,-3.391999989,40.70399986,
31.66895,-3.392999916,40.71599899,
31.68952,-3.392999916,40.71599899,
31.70993,-3.39500001,40.74000011,
31.73107,-3.39500001,40.74000011,
31.75086,-3.397000103,40.76400124,
31.77137,-3.398000031,40.77600037,
31.796,-3.395999937,40.75199924,
31.81647,-3.39500001,40.74000011,
31.83711,-3.397000103,40.76400124,
31.85745,-3.397000103,40.76400124,
31.87786,-3.397000103,40.76400124,
31.89842,-3.395999937,40.75199924,
31.91883,-3.395999937,40.75199924,
31.93964,-3.394000082,40.72800098,
31.95988,-3.392999916,40.71599899,
31.98468,-3.391000061,40.69200073,
32.00497,-3.388999968,40.66799961,
32.02555,-3.38800004,40.65600048,
32.04626,-3.38800004,40.65600048,
32.06634,-3.385999947,40.63199936,
32.08681,-3.384000092,40.6080011,
32.10733,-3.381999998,40.58399998,
32.12771,-3.381000071,40.57200085,
32.15249,-3.375999956,40.51199947,
32.17284,-3.37100008,40.45200096,
32.19351,-3.368999987,40.42799984,
32.21376,-3.365999966,40.39199959,
32.23429,-3.364000111,40.36800133,
32.25537,-3.364000111,40.36800133,
32.27512,-3.364000111,40.36800133,
32.29564,-3.362999945,40.35599934,
32.31616,-3.364000111,40.36800133,
32.34077,-3.364000111,40.36800133,
32.36179,-3.368999987,40.42799984,
32.38168,-3.372999935,40.47599922,
32.40217,-3.375999956,40.51199947,
32.42271,-3.376999884,40.5239986,
32.44311,-3.378999977,40.54799973,
32.46375,-3.378999977,40.54799973,
32.48409,-3.37800005,40.5360006,
32.50864,-3.376999884,40.5239986,
32.52921,-3.375999956,40.51199947,
32.54971,-3.372999935,40.47599922,
32.57026,-3.374000101,40.48800121,
32.59081,-3.372000008,40.46400009,
32.61121,-3.368999987,40.42799984,
32.63161,-3.366999893,40.40399872,
32.65201,-3.365000038,40.38000046,
32.67303,-3.365999966,40.39199959,
32.69714,-3.369999914,40.43999897,
32.71762,-3.374000101,40.48800121,
32.73814,-3.375000029,40.50000034,
32.75879,-3.375999956,40.51199947,
32.77917,-3.375000029,40.50000034,
32.79954,-3.375000029,40.50000034,
32.81993,-3.372999935,40.47599922,
32.84039,-3.369999914,40.43999897,
32.86111,-3.366999893,40.40399872,
32.8857,-3.365000038,40.38000046,
32.90609,-3.364000111,40.36800133,
32.92655,-3.362000017,40.34400021,
32.94701,-3.359999924,40.31999908,
32.96749,-3.358999996,40.30799995,
32.98812,-3.358000069,40.29600082,
33.00842,-3.358999996,40.30799995,
33.0289,-3.358000069,40.29600082,
33.05344,-3.355999975,40.2719997,
33.07393,-3.355000048,40.26000057,
33.09454,-3.355999975,40.2719997,
33.11488,-3.358000069,40.29600082,
33.13538,-3.358000069,40.29600082,
33.15585,-3.359999924,40.31999908,
33.17632,-3.359999924,40.31999908,
33.19698,-3.359999924,40.31999908,
33.2173,-3.36100009,40.33200108,
33.24194,-3.36100009,40.33200108,
33.26271,-3.359999924,40.31999908,
33.28329,-3.359999924,40.31999908,
33.30354,-3.36100009,40.33200108,
33.32388,-3.362999945,40.35599934,
33.34446,-3.36100009,40.33200108,
33.36489,-3.36100009,40.33200108,
33.38519,-3.362999945,40.35599934,
33.40993,-3.365000038,40.38000046,
33.43031,-3.366999893,40.40399872,
33.45093,-3.369999914,40.43999897,
33.47133,-3.375000029,40.50000034,
33.49174,-3.37800005,40.5360006,
33.51228,-3.378999977,40.54799973,
33.53271,-3.37800005,40.5360006,
33.55325,-3.375999956,40.51199947,
33.57358,-3.374000101,40.48800121,
33.59817,-3.369999914,40.43999897,
33.61885,-3.369999914,40.43999897,
33.63935,-3.372999935,40.47599922,
33.65964,-3.375999956,40.51199947,
33.68011,-3.376999884,40.5239986,
33.70065,-3.37800005,40.5360006,
33.72115,-3.374000101,40.48800121,
33.74165,-3.372000008,40.46400009,
33.76203,-3.368999987,40.42799984,
33.78654,-3.366999893,40.40399872,
33.80712,-3.366999893,40.40399872,
33.8277,-3.365999966,40.39199959,
33.8483,-3.368999987,40.42799984,
33.86878,-3.374000101,40.48800121,
33.88924,-3.375999956,40.51199947,
33.90952,-3.376999884,40.5239986,
33.93011,-3.378999977,40.54799973,
33.95444,-3.37800005,40.5360006,
33.97507,-3.375000029,40.50000034,
33.99572,-3.372000008,40.46400009,
34.01603,-3.372000008,40.46400009,
34.03664,-3.372000008,40.46400009,
34.0574,-3.372000008,40.46400009,
34.0775,-3.372000008,40.46400009,
34.09782,-3.372000008,40.46400009,
34.11837,-3.374000101,40.48800121,
34.14321,-3.372999935,40.47599922,
34.16354,-3.375000029,40.50000034,
34.18416,-3.375000029,40.50000034,
34.20454,-3.374000101,40.48800121,
34.22491,-3.374000101,40.48800121,
34.24555,-3.375000029,40.50000034,
34.26579,-3.376999884,40.5239986,
34.28624,-3.379999905,40.55999886,
34.30678,-3.381000071,40.57200085,
34.33145,-3.381000071,40.57200085,
34.35201,-3.381000071,40.57200085,
34.37261,-3.382999926,40.59599911,
34.39279,-3.382999926,40.59599911,
34.41334,-3.385000019,40.62000023,
34.43382,-3.385000019,40.62000023,
34.45438,-3.384000092,40.6080011,
34.47472,-3.385000019,40.62000023,
34.49924,-3.385000019,40.62000023,
34.52016,-3.384000092,40.6080011,
34.54034,-3.384000092,40.6080011,
34.5611,-3.385999947,40.63199936,
34.58123,-3.38800004,40.65600048,
34.60173,-3.389999895,40.67999874,
34.62241,-3.391000061,40.69200073,
34.64268,-3.391000061,40.69200073,
34.66325,-3.389999895,40.67999874,
34.68789,-3.389999895,40.67999874,
34.70833,-3.392999916,40.71599899,
34.72885,-3.394000082,40.72800098,
34.74936,-3.397000103,40.76400124,
34.76985,-3.397000103,40.76400124,
34.79016,-3.398999958,40.7879995,
34.81068,-3.401000051,40.81200062,
34.83126,-3.402999907,40.83599888,
34.85558,-3.404000072,40.84800087,
34.87617,-3.405,40.86,
34.89648,-3.405999928,40.87199913,
34.91769,-3.405999928,40.87199913,
34.93766,-3.402999907,40.83599888,
34.95816,-3.401999979,40.82399975,
34.97897,-3.401000051,40.81200062,
34.99904,-3.401000051,40.81200062,
35.0199,-3.402999907,40.83599888,
35.04404,-3.404000072,40.84800087,
35.06454,-3.402999907,40.83599888,
35.08512,-3.401999979,40.82399975,
35.10553,-3.401000051,40.81200062,
35.12609,-3.401999979,40.82399975,
35.14651,-3.401999979,40.82399975,
35.16683,-3.401000051,40.81200062,
35.1875,-3.401000051,40.81200062,
35.20792,-3.398999958,40.7879995,
35.23241,-3.398000031,40.77600037,
35.253,-3.39500001,40.74000011,
35.27355,-3.392999916,40.71599899,
35.29404,-3.391999989,40.70399986,
35.31451,-3.388999968,40.66799961,
35.33501,-3.385999947,40.63199936,
35.35571,-3.382999926,40.59599911,
35.37591,-3.381999998,40.58399998,
35.40033,-3.379999905,40.55999886,
35.42079,-3.378999977,40.54799973,
35.4417,-3.375999956,40.51199947,
35.46195,-3.375000029,40.50000034,
35.48235,-3.375000029,40.50000034,
35.50301,-3.375000029,40.50000034,
35.52342,-3.372999935,40.47599922,
35.54384,-3.372999935,40.47599922,
35.56433,-3.372999935,40.47599922,
35.58871,-3.372000008,40.46400009,
35.60926,-3.369999914,40.43999897,
35.62995,-3.365999966,40.39199959,
35.65034,-3.362999945,40.35599934,
35.67075,-3.36100009,40.33200108,
35.69156,-3.36100009,40.33200108,
35.71201,-3.36100009,40.33200108,
35.73218,-3.359999924,40.31999908,
35.75697,-3.356999903,40.28399883,
35.7773,-3.355000048,40.26000057,
35.79788,-3.355999975,40.2719997,
35.81845,-3.353999882,40.24799858,
35.83887,-3.353999882,40.24799858,
35.85932,-3.355999975,40.2719997,
35.8799,-3.358999996,40.30799995,
35.90027,-3.359999924,40.31999908,
35.92078,-3.36100009,40.33200108,
35.9451,-3.358999996,40.30799995,
35.96559,-3.358000069,40.29600082,
35.98607,-3.358999996,40.30799995,
36.00677,-3.358000069,40.29600082,
36.02723,-3.359999924,40.31999908,
36.04787,-3.362000017,40.34400021,
36.06813,-3.362000017,40.34400021,
36.08847,-3.362999945,40.35599934,
36.10943,-3.362999945,40.35599934,
36.13368,-3.362000017,40.34400021,
36.1541,-3.362999945,40.35599934,
36.17481,-3.362000017,40.34400021,
36.19496,-3.36100009,40.33200108,
36.21562,-3.362000017,40.34400021,
36.23613,-3.359999924,40.31999908,
36.25682,-3.36100009,40.33200108,
36.27699,-3.358000069,40.29600082,
36.30146,-3.356999903,40.28399883,
36.32191,-3.356999903,40.28399883,
36.34283,-3.358999996,40.30799995,
36.36288,-3.359999924,40.31999908,
36.38343,-3.36100009,40.33200108,
36.40404,-3.362999945,40.35599934,
36.42448,-3.365000038,40.38000046,
36.44498,-3.368000059,40.41600071,
36.46532,-3.368999987,40.42799984,
36.4899,-3.369999914,40.43999897,
36.51038,-3.369999914,40.43999897,
36.53113,-3.366999893,40.40399872,
36.55138,-3.366999893,40.40399872,
36.57197,-3.368000059,40.41600071,
36.59254,-3.365999966,40.39199959,
36.61312,-3.364000111,40.36800133,
36.63337,-3.365000038,40.38000046,
36.65796,-3.364000111,40.36800133,
36.67828,-3.364000111,40.36800133,
36.69873,-3.365000038,40.38000046,
36.71957,-3.365999966,40.39199959,
36.73972,-3.365000038,40.38000046,
36.76049,-3.365000038,40.38000046,
36.78082,-3.365000038,40.38000046,
36.80125,-3.365000038,40.38000046,
36.8217,-3.365000038,40.38000046,
36.8465,-3.365000038,40.38000046,
36.86686,-3.364000111,40.36800133,
36.88725,-3.365000038,40.38000046,
36.90758,-3.365000038,40.38000046,
36.92833,-3.366999893,40.40399872,
36.949,-3.372999935,40.47599922,
36.96943,-3.375999956,40.51199947,
36.98982,-3.376999884,40.5239986,
37.0105,-3.378999977,40.54799973,
37.03494,-3.37800005,40.5360006,
37.0583,-3.37800005,40.5360006,
37.07916,-3.381000071,40.57200085,
37.10782,-3.384000092,40.6080011,
37.11667,-3.384000092,40.6080011,
37.13714,-3.385000019,40.62000023,
37.15764,-3.38800004,40.65600048,
37.17823,-3.388999968,40.66799961,
37.20263,-3.38800004,40.65600048,
37.22306,-3.388999968,40.66799961,
37.24359,-3.387000113,40.64400135,
37.26412,-3.38800004,40.65600048,
37.28464,-3.38800004,40.65600048,
37.30489,-3.389999895,40.67999874,
37.32557,-3.389999895,40.67999874,
37.34602,-3.391999989,40.70399986,
37.36644,-3.391999989,40.70399986,
37.39121,-3.391999989,40.70399986,
37.41142,-3.392999916,40.71599899,
37.43201,-3.392999916,40.71599899,
37.45241,-3.394000082,40.72800098,
37.47293,-3.395999937,40.75199924,
37.49354,-3.395999937,40.75199924,
37.51394,-3.395999937,40.75199924,
37.53452,-3.395999937,40.75199924,
37.55494,-3.395999937,40.75199924,
37.57941,-3.395999937,40.75199924,
37.59997,-3.398000031,40.77600037,
37.62067,-3.398999958,40.7879995,
37.64089,-3.399999886,40.79999863,
37.66129,-3.398000031,40.77600037,
37.68201,-3.397000103,40.76400124,
37.70247,-3.397000103,40.76400124,
37.72284,-3.397000103,40.76400124,
37.74726,-3.395999937,40.75199924,
37.76781,-3.397000103,40.76400124,
37.7883,-3.399999886,40.79999863,
37.80884,-3.398000031,40.77600037,
37.82925,-3.398000031,40.77600037,
37.84964,-3.395999937,40.75199924,
37.87041,-3.395999937,40.75199924,
37.89092,-3.395999937,40.75199924,
37.91138,-3.395999937,40.75199924,
37.93575,-3.39500001,40.74000011,
37.95623,-3.391999989,40.70399986,
37.97725,-3.394000082,40.72800098,
37.99715,-3.39500001,40.74000011,
38.01775,-3.39500001,40.74000011,
38.03812,-3.395999937,40.75199924,
38.0589,-3.394000082,40.72800098,
38.07924,-3.392999916,40.71599899,
38.10384,-3.392999916,40.71599899,
38.1244,-3.391999989,40.70399986,
38.14468,-3.391000061,40.69200073,
38.16555,-3.389999895,40.67999874,
38.18583,-3.388999968,40.66799961,
38.20615,-3.388999968,40.66799961,
38.22699,-3.387000113,40.64400135,
38.24723,-3.387000113,40.64400135,
38.26802,-3.387000113,40.64400135,
38.29218,-3.385999947,40.63199936,
38.31254,-3.385000019,40.62000023,
38.3332,-3.382999926,40.59599911,
38.35445,-3.381000071,40.57200085,
38.37406,-3.37800005,40.5360006,
38.39454,-3.375000029,40.50000034,
38.41502,-3.374000101,40.48800121,
38.43548,-3.372000008,40.46400009,
38.45605,-3.37100008,40.45200096,
38.4806,-3.368000059,40.41600071,
38.50096,-3.365999966,40.39199959,
38.52152,-3.365999966,40.39199959,
38.54224,-3.365000038,40.38000046,
38.56255,-3.362999945,40.35599934,
38.58299,-3.362000017,40.34400021,
38.6037,-3.36100009,40.33200108,
38.62408,-3.36100009,40.33200108,
38.64855,-3.358999996,40.30799995,
38.66918,-3.358999996,40.30799995,
38.68941,-3.359999924,40.31999908,
38.71004,-3.359999924,40.31999908,
38.73046,-3.358999996,40.30799995,
38.75089,-3.358000069,40.29600082,
38.77137,-3.358999996,40.30799995,
38.79221,-3.358999996,40.30799995,
38.81239,-3.36100009,40.33200108,
38.83688,-3.358999996,40.30799995,
38.8574,-3.358999996,40.30799995,
38.87787,-3.358000069,40.29600082,
38.89874,-3.358000069,40.29600082,
38.91889,-3.356999903,40.28399883,
38.9392,-3.358000069,40.29600082,
38.95982,-3.356999903,40.28399883,
38.98013,-3.356999903,40.28399883,
39.00076,-3.355999975,40.2719997,
39.02527,-3.355999975,40.2719997,
39.04568,-3.355999975,40.2719997,
39.06656,-3.358999996,40.30799995,
39.08685,-3.358999996,40.30799995,
39.10715,-3.355999975,40.2719997,
39.12763,-3.356999903,40.28399883,
39.14817,-3.358000069,40.29600082,
39.16929,-3.356999903,40.28399883,
39.19321,-3.356999903,40.28399883,
39.21374,-3.356999903,40.28399883,
39.23428,-3.358000069,40.29600082,
39.25468,-3.356999903,40.28399883,
39.27521,-3.358000069,40.29600082,
39.29556,-3.358999996,40.30799995,
39.31608,-3.358999996,40.30799995,
39.33715,-3.358999996,40.30799995,
39.35695,-3.359999924,40.31999908,
39.38271,-3.36100009,40.33200108,
39.40217,-3.362000017,40.34400021,
39.42265,-3.36100009,40.33200108,
39.44305,-3.36100009,40.33200108,
39.46371,-3.36100009,40.33200108,
39.48409,-3.36100009,40.33200108,
39.50446,-3.36100009,40.33200108,
39.52495,-3.36100009,40.33200108,
39.5499,-3.36100009,40.33200108,
39.57008,-3.359999924,40.31999908,
39.5907,-3.358000069,40.29600082,
39.61095,-3.355999975,40.2719997,
39.63155,-3.358000069,40.29600082,
39.65192,-3.356999903,40.28399883,
39.67243,-3.359999924,40.31999908,
39.69315,-3.359999924,40.31999908,
39.71337,-3.36100009,40.33200108,
39.73808,-3.36100009,40.33200108,
39.75848,-3.36100009,40.33200108,
39.77892,-3.362000017,40.34400021,
39.79949,-3.362000017,40.34400021,
39.81996,-3.362999945,40.35599934,
39.84067,-3.364000111,40.36800133,
39.86082,-3.364000111,40.36800133,
39.88123,-3.365000038,40.38000046,
39.90193,-3.365999966,40.39199959,
39.92641,-3.365999966,40.39199959,
39.94693,-3.365999966,40.39199959,
39.96758,-3.368000059,40.41600071,
39.98825,-3.365999966,40.39199959,
40.00824,-3.365000038,40.38000046,
40.02872,-3.365000038,40.38000046,
40.0493,-3.365000038,40.38000046,
40.06978,-3.362999945,40.35599934,
40.09431,-3.359999924,40.31999908,
40.11511,-3.358999996,40.30799995,
40.13523,-3.356999903,40.28399883,
40.15577,-3.358999996,40.30799995,
40.17645,-3.358999996,40.30799995,
40.19675,-3.356999903,40.28399883,
40.21724,-3.358000069,40.29600082,
40.23779,-3.358000069,40.29600082,
40.25809,-3.359999924,40.31999908,
40.2829,-3.358999996,40.30799995,
40.30324,-3.359999924,40.31999908,
40.32377,-3.358999996,40.30799995,
40.34431,-3.359999924,40.31999908,
40.36472,-3.36100009,40.33200108,
40.38506,-3.362000017,40.34400021,
40.40568,-3.365000038,40.38000046,
40.42611,-3.368999987,40.42799984,
40.44662,-3.368999987,40.42799984,
40.47116,-3.372000008,40.46400009,
40.49177,-3.375000029,40.50000034,
40.51209,-3.379999905,40.55999886,
40.53264,-3.382999926,40.59599911,
40.55303,-3.387000113,40.64400135,
40.57358,-3.391000061,40.69200073,
40.59403,-3.392999916,40.71599899,
40.61459,-3.397000103,40.76400124,
40.63917,-3.397000103,40.76400124,
40.65966,-3.398000031,40.77600037,
40.68011,-3.398999958,40.7879995,
40.70052,-3.401000051,40.81200062,
40.72097,-3.401999979,40.82399975,
40.74155,-3.402999907,40.83599888,
40.76204,-3.401999979,40.82399975,
40.78289,-3.402999907,40.83599888,
40.80293,-3.405,40.86,
40.82757,-3.402999907,40.83599888,
40.84811,-3.401999979,40.82399975,
40.86845,-3.402999907,40.83599888,
40.88901,-3.401999979,40.82399975,
40.91023,-3.401999979,40.82399975,
40.92991,-3.402999907,40.83599888,
40.95043,-3.405,40.86,
40.97083,-3.405999928,40.87199913,
40.99541,-3.404000072,40.84800087,
41.01598,-3.402999907,40.83599888,
41.03642,-3.404000072,40.84800087,
41.05697,-3.404000072,40.84800087,
41.0775,-3.405999928,40.87199913,
41.09781,-3.408000021,40.89600025,
41.11823,-3.410000114,40.92000137,
41.13879,-3.411999969,40.94399963,
41.15933,-3.411999969,40.94399963,
41.18398,-3.410000114,40.92000137,
41.20441,-3.408999949,40.90799938,
41.22478,-3.408000021,40.89600025,
41.24538,-3.408999949,40.90799938,
41.26584,-3.408000021,40.89600025,
41.28619,-3.407000093,40.88400112,
41.3068,-3.405,40.86,
41.32719,-3.405999928,40.87199913,
41.34765,-3.405,40.86,
41.37228,-3.405,40.86,
41.39275,-3.405,40.86,
41.41332,-3.402999907,40.83599888,
41.43366,-3.404000072,40.84800087,
41.4549,-3.401000051,40.81200062,
41.47473,-3.401000051,40.81200062,
41.49514,-3.401999979,40.82399975,
41.5156,-3.401000051,40.81200062,
41.54029,-3.398999958,40.7879995,
41.56069,-3.398000031,40.77600037,
41.58127,-3.398999958,40.7879995,
41.60182,-3.398000031,40.77600037,
41.6223,-3.398999958,40.7879995,
41.6428,-3.401000051,40.81200062,
41.66309,-3.398999958,40.7879995,
41.68374,-3.399999886,40.79999863,
41.70434,-3.401000051,40.81200062,
41.72865,-3.401999979,40.82399975,
41.74913,-3.401999979,40.82399975,
41.76959,-3.402999907,40.83599888,
41.79015,-3.404000072,40.84800087,
41.81049,-3.405,40.86,
41.831,-3.405999928,40.87199913,
41.85155,-3.408999949,40.90799938,
41.87189,-3.408000021,40.89600025,
41.89671,-3.405999928,40.87199913,
41.9171,-3.405,40.86,
41.93753,-3.405,40.86,
41.95812,-3.405,40.86,
41.97849,-3.404000072,40.84800087,
41.99944,-3.402999907,40.83599888,
42.01933,-3.404000072,40.84800087,
42.03989,-3.402999907,40.83599888,
42.06033,-3.401000051,40.81200062,
42.08514,-3.401000051,40.81200062,
42.10556,-3.401999979,40.82399975,
42.12591,-3.401999979,40.82399975,
42.14653,-3.402999907,40.83599888,
42.16687,-3.402999907,40.83599888,
42.18764,-3.404000072,40.84800087,
42.20793,-3.402999907,40.83599888,
42.22832,-3.404000072,40.84800087,
42.24882,-3.402999907,40.83599888,
42.27342,-3.402999907,40.83599888,
42.29384,-3.401000051,40.81200062,
42.31438,-3.399999886,40.79999863,
42.33486,-3.401999979,40.82399975,
42.35526,-3.401999979,40.82399975,
42.37575,-3.404000072,40.84800087,
42.39632,-3.401999979,40.82399975,
42.41681,-3.401999979,40.82399975,
42.44128,-3.401000051,40.81200062,
42.46179,-3.398999958,40.7879995,
42.48241,-3.398999958,40.7879995,
42.50273,-3.398000031,40.77600037,
42.52331,-3.398999958,40.7879995,
42.54372,-3.398000031,40.77600037,
42.56419,-3.395999937,40.75199924,
42.58469,-3.392999916,40.71599899,
42.60512,-3.391000061,40.69200073,
42.63019,-3.391000061,40.69200073,
42.65031,-3.388999968,40.66799961,
42.67085,-3.385999947,40.63199936,
42.69124,-3.384000092,40.6080011,
42.71175,-3.382999926,40.59599911,
42.73229,-3.381999998,40.58399998,
42.75278,-3.381000071,40.57200085,
42.77325,-3.378999977,40.54799973,
42.7978,-3.376999884,40.5239986,
42.81821,-3.376999884,40.5239986,
42.83883,-3.375999956,40.51199947,
42.85927,-3.375000029,40.50000034,
42.8797,-3.376999884,40.5239986,
42.90003,-3.379999905,40.55999886,
42.92082,-3.381000071,40.57200085,
42.94112,-3.381000071,40.57200085,
42.96149,-3.382999926,40.59599911,
42.98592,-3.381999998,40.58399998,
43.00659,-3.378999977,40.54799973,
43.027,-3.379999905,40.55999886,
43.04777,-3.37800005,40.5360006,
43.06803,-3.378999977,40.54799973,
43.08852,-3.378999977,40.54799973,
43.10914,-3.379999905,40.55999886,
43.12949,-3.37800005,40.5360006,
43.15401,-3.376999884,40.5239986,
43.1746,-3.375999956,40.51199947,
43.19485,-3.375000029,40.50000034,
43.21552,-3.372999935,40.47599922,
43.23606,-3.37100008,40.45200096,
43.25664,-3.372000008,40.46400009,
43.2769,-3.374000101,40.48800121,
43.29736,-3.375000029,40.50000034,
43.31776,-3.374000101,40.48800121,
43.34251,-3.372999935,40.47599922,
43.36303,-3.372000008,40.46400009,
43.3834,-3.37100008,40.45200096,
43.40396,-3.368999987,40.42799984,
43.42442,-3.369999914,40.43999897,
43.44483,-3.368999987,40.42799984,
43.46545,-3.368999987,40.42799984,
43.48576,-3.369999914,40.43999897,
43.50618,-3.368999987,40.42799984,
43.53075,-3.368999987,40.42799984,
43.5514,-3.368999987,40.42799984,
43.5719,-3.368999987,40.42799984,
43.59242,-3.366999893,40.40399872,
43.61276,-3.365999966,40.39199959,
43.63327,-3.366999893,40.40399872,
43.65382,-3.368000059,40.41600071,
43.67425,-3.368000059,40.41600071,
43.6987,-3.368999987,40.42799984,
43.71943,-3.368000059,40.41600071,
43.73973,-3.368000059,40.41600071,
43.76038,-3.368000059,40.41600071,
43.78085,-3.366999893,40.40399872,
43.80115,-3.368000059,40.41600071,
43.82165,-3.368999987,40.42799984,
43.84268,-3.369999914,40.43999897,
43.86262,-3.368999987,40.42799984,
43.88711,-3.368999987,40.42799984,
43.9077,-3.369999914,40.43999897,
43.92823,-3.368999987,40.42799984,
43.94884,-3.369999914,40.43999897,
43.96925,-3.368999987,40.42799984,
43.98977,-3.369999914,40.43999897,
44.01004,-3.369999914,40.43999897,
44.03057,-3.369999914,40.43999897,
44.05101,-3.372000008,40.46400009,
44.07561,-3.372000008,40.46400009,
44.09611,-3.372999935,40.47599922,
44.11657,-3.372999935,40.47599922,
44.13704,-3.372000008,40.46400009,
44.15749,-3.372000008,40.46400009,
44.178,-3.37100008,40.45200096,
44.19887,-3.372000008,40.46400009,
44.21898,-3.369999914,40.43999897,
44.24352,-3.372000008,40.46400009,
44.26406,-3.369999914,40.43999897,
44.28456,-3.366999893,40.40399872,
44.30555,-3.366999893,40.40399872,
44.32549,-3.365999966,40.39199959,
44.34601,-3.364000111,40.36800133,
44.36646,-3.362999945,40.35599934,
44.38709,-3.362000017,40.34400021,
44.40742,-3.36100009,40.33200108,
44.43198,-3.36100009,40.33200108,
44.45231,-3.36100009,40.33200108,
44.47298,-3.36100009,40.33200108,
44.49342,-3.359999924,40.31999908,
44.51386,-3.36100009,40.33200108,
44.53432,-3.36100009,40.33200108,
44.55492,-3.364000111,40.36800133,
44.57547,-3.365000038,40.38000046,
44.5998,-3.365000038,40.38000046,
44.62038,-3.365000038,40.38000046,
44.64071,-3.362999945,40.35599934,
44.66113,-3.358999996,40.30799995,
44.68174,-3.359999924,40.31999908,
44.70261,-3.358999996,40.30799995,
44.72283,-3.358000069,40.29600082,
44.74332,-3.356999903,40.28399883,
44.76378,-3.356999903,40.28399883,
44.78821,-3.355000048,40.26000057,
44.80869,-3.353999882,40.24799858,
44.82924,-3.353999882,40.24799858,
44.84985,-3.355000048,40.26000057,
44.87048,-3.355000048,40.26000057,
44.89078,-3.355000048,40.26000057,
44.91122,-3.355999975,40.2719997,
44.93182,-3.356999903,40.28399883,
44.9522,-3.355999975,40.2719997,
44.97661,-3.355000048,40.26000057,
44.99708,-3.353999882,40.24799858,
45.01753,-3.352999954,40.23599945,
45.03828,-3.353999882,40.24799858,
45.05859,-3.356999903,40.28399883,
45.0791,-3.356999903,40.28399883,
45.10001,-3.358000069,40.29600082,
45.12006,-3.358999996,40.30799995,
45.14492,-3.359999924,40.31999908,
45.16504,-3.358999996,40.30799995,
45.18559,-3.359999924,40.31999908,
45.20592,-3.36100009,40.33200108,
45.22653,-3.36100009,40.33200108,
45.24715,-3.362999945,40.35599934,
45.26757,-3.362000017,40.34400021,
45.28816,-3.362000017,40.34400021,
45.30847,-3.36100009,40.33200108,
45.33291,-3.362000017,40.34400021,
45.35358,-3.362999945,40.35599934,
45.3739,-3.365000038,40.38000046,
45.39449,-3.365999966,40.39199959,
45.41476,-3.365000038,40.38000046,
45.43554,-3.365999966,40.39199959,
45.45602,-3.365999966,40.39199959,
45.47634,-3.362999945,40.35599934,
45.50085,-3.359999924,40.31999908,
45.52126,-3.359999924,40.31999908,
45.54189,-3.358999996,40.30799995,
45.56255,-3.359999924,40.31999908,
45.58277,-3.362000017,40.34400021,
45.60352,-3.362999945,40.35599934,
45.62397,-3.362000017,40.34400021,
45.64434,-3.362000017,40.34400021,
45.66487,-3.36100009,40.33200108,
45.6898,-3.359999924,40.31999908,
45.70975,-3.359999924,40.31999908,
45.73022,-3.36100009,40.33200108,
45.75073,-3.362000017,40.34400021,
45.77174,-3.365999966,40.39199959,
45.79189,-3.366999893,40.40399872,
45.81239,-3.368999987,40.42799984,
45.83274,-3.37100008,40.45200096,
45.85329,-3.372999935,40.47599922,
45.87791,-3.375000029,40.50000034,
45.89822,-3.374000101,40.48800121,
45.91864,-3.374000101,40.48800121,
45.93925,-3.375000029,40.50000034,
45.95962,-3.375000029,40.50000034,
45.98033,-3.374000101,40.48800121,
46.00076,-3.374000101,40.48800121,
46.02119,-3.375000029,40.50000034,
46.04559,-3.375000029,40.50000034,
46.06617,-3.37800005,40.5360006,
46.08675,-3.376999884,40.5239986,
46.10731,-3.376999884,40.5239986,
46.12819,-3.376999884,40.5239986,
46.14808,-3.375000029,40.50000034,
46.16876,-3.375999956,40.51199947,
46.18929,-3.375999956,40.51199947,
46.20962,-3.37800005,40.5360006,
46.23425,-3.375999956,40.51199947,
46.25464,-3.375000029,40.50000034,
46.27504,-3.375000029,40.50000034,
46.29601,-3.374000101,40.48800121,
46.31599,-3.372999935,40.47599922,
46.33646,-3.372999935,40.47599922,
46.35711,-3.372000008,40.46400009,
46.37761,-3.37100008,40.45200096,
46.39805,-3.369999914,40.43999897,
46.42249,-3.368999987,40.42799984,
46.44305,-3.368000059,40.41600071,
46.46343,-3.368999987,40.42799984,
46.48395,-3.365999966,40.39199959,
46.50451,-3.365999966,40.39199959,
46.52499,-3.366999893,40.40399872,
46.54552,-3.365999966,40.39199959,
46.56601,-3.365000038,40.38000046,
46.59034,-3.365000038,40.38000046,
46.61105,-3.364000111,40.36800133,
46.63145,-3.364000111,40.36800133,
46.65179,-3.365000038,40.38000046,
46.6723,-3.364000111,40.36800133,
46.6928,-3.365000038,40.38000046,
46.71358,-3.366999893,40.40399872,
46.73372,-3.366999893,40.40399872,
46.75434,-3.368999987,40.42799984,
46.77906,-3.369999914,40.43999897,
46.79931,-3.368999987,40.42799984,
46.81995,-3.369999914,40.43999897,
46.84032,-3.369999914,40.43999897,
46.8607,-3.369999914,40.43999897,
46.88123,-3.372000008,40.46400009,
46.90182,-3.37100008,40.45200096,
46.92558,-3.372000008,40.46400009,
46.9499,-3.369999914,40.43999897,
46.97775,-3.369999914,40.43999897,
46.98782,-3.369999914,40.43999897,
47.00817,-3.369999914,40.43999897,
47.02888,-3.368999987,40.42799984,
47.04913,-3.366999893,40.40399872,
47.06962,-3.366999893,40.40399872,
47.09026,-3.368000059,40.41600071,
47.11075,-3.368000059,40.41600071,
47.13537,-3.365000038,40.38000046,
47.15563,-3.362999945,40.35599934,
47.17614,-3.364000111,40.36800133,
47.19672,-3.362999945,40.35599934,
47.21699,-3.36100009,40.33200108,
47.23762,-3.36100009,40.33200108,
47.25813,-3.358999996,40.30799995,
47.27882,-3.358999996,40.30799995,
47.29919,-3.359999924,40.31999908,
47.32362,-3.358999996,40.30799995,
47.34417,-3.356999903,40.28399883,
47.36461,-3.355999975,40.2719997,
47.38511,-3.355999975,40.2719997,
47.40555,-3.358000069,40.29600082,
47.4259,-3.355999975,40.2719997,
47.44663,-3.358999996,40.30799995,
47.46685,-3.358999996,40.30799995,
47.49194,-3.355999975,40.2719997,
47.51196,-3.352999954,40.23599945,
47.53247,-3.352999954,40.23599945,
47.5531,-3.352000027,40.22400032,
47.57339,-3.351000099,40.21200119,
47.59389,-3.353999882,40.24799858,
47.61504,-3.355000048,40.26000057,
47.63497,-3.352999954,40.23599945,
47.65582,-3.353999882,40.24799858,
47.68002,-3.352000027,40.22400032,
47.70049,-3.351000099,40.21200119,
47.72089,-3.351000099,40.21200119,
47.74137,-3.352999954,40.23599945,
47.76192,-3.353999882,40.24799858,
47.78239,-3.355999975,40.2719997,
47.80338,-3.355999975,40.2719997,
47.82342,-3.355999975,40.2719997,
47.84799,-3.353999882,40.24799858,
47.86869,-3.353999882,40.24799858,
47.88891,-3.353999882,40.24799858,
47.90939,-3.352000027,40.22400032,
47.92983,-3.351000099,40.21200119,
47.95039,-3.352000027,40.22400032,
47.97156,-3.352000027,40.22400032,
47.99126,-3.352000027,40.22400032,
48.01179,-3.355000048,40.26000057,
48.0363,-3.352999954,40.23599945,
48.05683,-3.352999954,40.23599945,
48.07731,-3.352000027,40.22400032,
48.09782,-3.352000027,40.22400032,
48.11834,-3.352999954,40.23599945,
48.13874,-3.352999954,40.23599945,
48.15918,-3.353999882,40.24799858,
48.18001,-3.353999882,40.24799858,
48.20017,-3.353999882,40.24799858,
48.22472,-3.353999882,40.24799858,
48.24518,-3.353999882,40.24799858,
48.26565,-3.355000048,40.26000057,
48.28626,-3.355000048,40.26000057,
48.30674,-3.355999975,40.2719997,
48.32706,-3.355999975,40.2719997,
48.34767,-3.355000048,40.26000057,
48.36808,-3.355999975,40.2719997,
48.39281,-3.353999882,40.24799858,
48.41314,-3.353999882,40.24799858,
48.4336,-3.352000027,40.22400032,
48.45429,-3.352000027,40.22400032,
48.4746,-3.352999954,40.23599945,
48.49506,-3.352999954,40.23599945,
48.51551,-3.353999882,40.24799858,
48.53602,-3.353999882,40.24799858,
48.55647,-3.353999882,40.24799858,
48.58105,-3.353999882,40.24799858,
48.60162,-3.353999882,40.24799858,
48.6221,-3.353999882,40.24799858,
48.64261,-3.353999882,40.24799858,
48.66299,-3.355000048,40.26000057,
48.68397,-3.353999882,40.24799858,
48.70426,-3.352000027,40.22400032,
48.72453,-3.349999933,40.1999992,
48.74902,-3.349999933,40.1999992,
48.76962,-3.346999912,40.16399895,
48.79003,-3.346999912,40.16399895,
48.81051,-3.346999912,40.16399895,
48.83127,-3.349000006,40.18800007,
48.85135,-3.349999933,40.1999992,
48.87185,-3.352000027,40.22400032,
48.89274,-3.352999954,40.23599945,
48.91286,-3.352999954,40.23599945,
48.93742,-3.352000027,40.22400032,
48.95801,-3.352999954,40.23599945,
48.9784,-3.352999954,40.23599945,
48.99931,-3.355000048,40.26000057,
49.01939,-3.352000027,40.22400032,
49.03976,-3.352000027,40.22400032,
49.06049,-3.349999933,40.1999992,
49.08071,-3.351000099,40.21200119,
49.10119,-3.352000027,40.22400032,
49.12598,-3.349000006,40.18800007,
49.14631,-3.352000027,40.22400032,
49.16683,-3.352000027,40.22400032,
49.18725,-3.352000027,40.22400032,
49.20785,-3.349999933,40.1999992,
49.22855,-3.349999933,40.1999992,
49.24868,-3.348000078,40.17600094,
49.26971,-3.346999912,40.16399895,
49.29382,-3.345999985,40.15199982,
49.31433,-3.345000057,40.14000069,
49.33487,-3.345999985,40.15199982,
49.35519,-3.348000078,40.17600094,
49.37567,-3.346999912,40.16399895,
49.39647,-3.346999912,40.16399895,
49.41667,-3.345999985,40.15199982,
49.43713,-3.345999985,40.15199982,
49.45773,-3.349000006,40.18800007,
49.48221,-3.351000099,40.21200119,
49.50301,-3.351000099,40.21200119,
49.5234,-3.351000099,40.21200119,
49.54376,-3.351000099,40.21200119,
49.56445,-3.351000099,40.21200119,
49.58466,-3.351000099,40.21200119,
49.60503,-3.352999954,40.23599945,
49.62608,-3.352000027,40.22400032,
49.6505,-3.349999933,40.1999992,
49.67073,-3.349999933,40.1999992,
49.69125,-3.348000078,40.17600094,
49.71182,-3.349999933,40.1999992,
49.73228,-3.349999933,40.1999992,
49.75284,-3.351000099,40.21200119,
49.77324,-3.352999954,40.23599945,
49.79362,-3.355999975,40.2719997,
49.81388,-3.356999903,40.28399883,
49.83865,-3.356999903,40.28399883,
49.85913,-3.356999903,40.28399883,
49.87955,-3.356999903,40.28399883,
49.90105,-3.353999882,40.24799858,
49.92048,-3.353999882,40.24799858,
49.941,-3.355000048,40.26000057,
49.96155,-3.356999903,40.28399883,
49.98212,-3.355999975,40.2719997,
50.00233,-3.355000048,40.26000057,
50.02699,-3.352999954,40.23599945,
50.04743,-3.355000048,40.26000057,
50.06794,-3.355999975,40.2719997,
50.08842,-3.356999903,40.28399883,
50.10878,-3.355000048,40.26000057,
50.12936,-3.355000048,40.26000057,
50.15002,-3.355999975,40.2719997,
50.17036,-3.358000069,40.29600082,
50.19497,-3.358000069,40.29600082,
50.2154,-3.358000069,40.29600082,
50.23579,-3.358999996,40.30799995,
50.25633,-3.359999924,40.31999908,
50.27714,-3.358999996,40.30799995,
50.29737,-3.356999903,40.28399883,
50.31776,-3.356999903,40.28399883,
50.33832,-3.355000048,40.26000057,
50.35872,-3.356999903,40.28399883,
50.38342,-3.355000048,40.26000057,
50.40395,-3.355000048,40.26000057,
50.42436,-3.355999975,40.2719997,
50.44511,-3.355999975,40.2719997,
50.46525,-3.353999882,40.24799858,
50.48582,-3.352999954,40.23599945,
50.50623,-3.353999882,40.24799858,
50.52664,-3.352999954,40.23599945,
50.55118,-3.353999882,40.24799858,
50.57178,-3.352999954,40.23599945,
50.59229,-3.353999882,40.24799858,
50.61295,-3.352000027,40.22400032,
50.63339,-3.352999954,40.23599945,
50.65369,-3.352000027,40.22400032,
50.67415,-3.352000027,40.22400032,
50.69483,-3.348000078,40.17600094,
50.71503,-3.345999985,40.15199982,
50.7396,-3.345999985,40.15199982,
50.76048,-3.346999912,40.16399895,
50.78069,-3.349999933,40.1999992,
50.80119,-3.349999933,40.1999992,
50.8216,-3.351000099,40.21200119,
50.84209,-3.351000099,40.21200119,
50.8625,-3.353999882,40.24799858,
50.88315,-3.353999882,40.24799858,
50.90351,-3.353999882,40.24799858,
50.92812,-3.352999954,40.23599945,
50.94857,-3.355000048,40.26000057,
50.96911,-3.352999954,40.23599945,
50.98949,-3.351000099,40.21200119,
51.01005,-3.348000078,40.17600094,
51.03049,-3.345999985,40.15199982,
51.05103,-3.342999964,40.11599957,
51.07134,-3.342999964,40.11599957,
51.096,-3.341000109,40.0920013,
51.11656,-3.342999964,40.11599957,
51.13698,-3.343999891,40.1279987,
51.15757,-3.343999891,40.1279987,
51.17786,-3.343999891,40.1279987,
51.19843,-3.345000057,40.14000069,
51.21908,-3.348000078,40.17600094,
51.2393,-3.348000078,40.17600094,
51.25978,-3.349000006,40.18800007,
51.28454,-3.349000006,40.18800007,
51.30499,-3.349999933,40.1999992,
51.32544,-3.351000099,40.21200119,
51.3459,-3.352000027,40.22400032,
51.36631,-3.351000099,40.21200119,
51.38682,-3.352999954,40.23599945,
51.4073,-3.353999882,40.24799858,
51.42779,-3.355000048,40.26000057,
51.45217,-3.353999882,40.24799858,
51.47292,-3.353999882,40.24799858,
51.49332,-3.353999882,40.24799858,
51.51375,-3.355999975,40.2719997,
51.53448,-3.358000069,40.29600082,
51.55486,-3.358999996,40.30799995,
51.57532,-3.359999924,40.31999908,
51.59599,-3.359999924,40.31999908,
51.61608,-3.359999924,40.31999908,
51.64086,-3.358999996,40.30799995,
51.66135,-3.358999996,40.30799995,
51.68181,-3.359999924,40.31999908,
51.70224,-3.362000017,40.34400021,
51.72274,-3.362999945,40.35599934,
51.74332,-3.364000111,40.36800133,
51.76395,-3.364000111,40.36800133,
51.78432,-3.365999966,40.39199959,
51.80475,-3.365999966,40.39199959,
51.82901,-3.365000038,40.38000046,
51.84984,-3.364000111,40.36800133,
51.87016,-3.362999945,40.35599934,
51.89066,-3.365999966,40.39199959,
51.91135,-3.365999966,40.39199959,
51.93183,-3.368000059,40.41600071,
51.95225,-3.368999987,40.42799984,
51.9726,-3.368999987,40.42799984,
51.99699,-3.366999893,40.40399872,
52.01766,-3.368000059,40.41600071,
52.03817,-3.368000059,40.41600071,
52.059,-3.366999893,40.40399872,
52.07899,-3.369999914,40.43999897,
52.09959,-3.369999914,40.43999897,
52.12006,-3.368999987,40.42799984,
52.14055,-3.368999987,40.42799984,
52.16102,-3.368000059,40.41600071,
52.18548,-3.368000059,40.41600071,
52.20588,-3.368000059,40.41600071,
52.22659,-3.366999893,40.40399872,
52.24696,-3.366999893,40.40399872,
52.26748,-3.365000038,40.38000046,
52.28793,-3.365000038,40.38000046,
52.30843,-3.365000038,40.38000046,
52.32898,-3.365999966,40.39199959,
52.35345,-3.365000038,40.38000046,
52.37383,-3.365000038,40.38000046,
52.39439,-3.365999966,40.39199959,
52.41515,-3.365000038,40.38000046,
52.43539,-3.366999893,40.40399872,
52.45582,-3.368000059,40.41600071,
52.47656,-3.366999893,40.40399872,
52.49673,-3.366999893,40.40399872,
52.51727,-3.369999914,40.43999897,
52.5418,-3.37100008,40.45200096,
52.5623,-3.369999914,40.43999897,
52.58298,-3.368000059,40.41600071,
52.60332,-3.368999987,40.42799984,
52.62389,-3.369999914,40.43999897,
52.64438,-3.369999914,40.43999897,
52.66529,-3.37100008,40.45200096,
52.68542,-3.372000008,40.46400009,
52.70563,-3.372000008,40.46400009,
52.73052,-3.372999935,40.47599922,
52.7512,-3.375000029,40.50000034,
52.77132,-3.375000029,40.50000034,
52.79185,-3.376999884,40.5239986,
52.81226,-3.381000071,40.57200085,
52.83279,-3.381999998,40.58399998,
52.85316,-3.385000019,40.62000023,
52.87363,-3.387000113,40.64400135,
52.89817,-3.388999968,40.66799961,
52.91893,-3.389999895,40.67999874,
52.93912,-3.394000082,40.72800098,
52.95962,-3.394000082,40.72800098,
52.98025,-3.394000082,40.72800098,
53.00072,-3.392999916,40.71599899,
53.02123,-3.392999916,40.71599899,
53.04158,-3.391999989,40.70399986,
53.06205,-3.391999989,40.70399986,
53.08657,-3.39500001,40.74000011,
53.10709,-3.391999989,40.70399986,
53.12764,-3.389999895,40.67999874,
53.14848,-3.391000061,40.69200073,
53.16861,-3.391000061,40.69200073,
53.1891,-3.389999895,40.67999874,
53.20968,-3.391000061,40.69200073,
53.23002,-3.38800004,40.65600048,
53.25128,-3.388999968,40.66799961,
53.27494,-3.387000113,40.64400135,
53.29539,-3.387000113,40.64400135,
53.3162,-3.387000113,40.64400135,
53.33654,-3.387000113,40.64400135,
53.35706,-3.385999947,40.63199936,
53.37743,-3.385999947,40.63199936,
53.39795,-3.385000019,40.62000023,
53.4185,-3.385000019,40.62000023,
53.4433,-3.384000092,40.6080011,
53.46338,-3.385000019,40.62000023,
53.4844,-3.385000019,40.62000023,
53.50433,-3.385000019,40.62000023,
53.52502,-3.385999947,40.63199936,
53.54539,-3.387000113,40.64400135,
53.5659,-3.387000113,40.64400135,
53.58631,-3.387000113,40.64400135,
53.60677,-3.385999947,40.63199936,
53.63142,-3.38800004,40.65600048,
53.65186,-3.388999968,40.66799961,
53.6722,-3.388999968,40.66799961,
53.69272,-3.389999895,40.67999874,
53.71336,-3.391000061,40.69200073,
53.73402,-3.391999989,40.70399986,
53.75433,-3.391000061,40.69200073,
53.77473,-3.391000061,40.69200073,
53.79924,-3.391000061,40.69200073,
53.81975,-3.389999895,40.67999874,
53.84026,-3.388999968,40.66799961,
53.86065,-3.388999968,40.66799961,
53.88114,-3.38800004,40.65600048,
53.90172,-3.388999968,40.66799961,
53.92226,-3.389999895,40.67999874,
53.94289,-3.391999989,40.70399986,
53.96309,-3.391999989,40.70399986,
53.98774,-3.392999916,40.71599899,
54.00813,-3.39500001,40.74000011,
54.02856,-3.395999937,40.75199924,
54.04923,-3.398999958,40.7879995,
54.06971,-3.401000051,40.81200062,
54.0901,-3.402999907,40.83599888,
54.11076,-3.405,40.86,
54.13115,-3.405999928,40.87199913,
54.15171,-3.405999928,40.87199913,
54.17606,-3.407000093,40.88400112,
54.19662,-3.405,40.86,
54.21706,-3.405,40.86,
54.2376,-3.404000072,40.84800087,
54.25821,-3.405999928,40.87199913,
54.27854,-3.407000093,40.88400112,
54.29907,-3.407000093,40.88400112,
54.31953,-3.408000021,40.89600025,
54.34444,-3.407000093,40.88400112,
54.36514,-3.408000021,40.89600025,
54.38494,-3.405999928,40.87199913,
54.40543,-3.408000021,40.89600025,
54.42589,-3.408999949,40.90799938,
54.44633,-3.408000021,40.89600025,
54.46708,-3.405999928,40.87199913,
54.48756,-3.407000093,40.88400112,
54.50787,-3.407000093,40.88400112,
54.53251,-3.405999928,40.87199913,
54.55288,-3.404000072,40.84800087,
54.57346,-3.405,40.86,
54.59381,-3.405999928,40.87199913,
54.61437,-3.405999928,40.87199913,
54.63481,-3.407000093,40.88400112,
54.65554,-3.407000093,40.88400112,
54.676,-3.408999949,40.90799938,
54.70044,-3.408999949,40.90799938,
54.72092,-3.408000021,40.89600025,
54.7413,-3.407000093,40.88400112,
54.76181,-3.407000093,40.88400112,
54.78272,-3.408000021,40.89600025,
54.80276,-3.408999949,40.90799938,
54.82359,-3.408999949,40.90799938,
54.84383,-3.408000021,40.89600025,
54.86431,-3.407000093,40.88400112,
54.88889,-3.405999928,40.87199913,
54.90921,-3.405999928,40.87199913,
54.92974,-3.407000093,40.88400112,
54.95047,-3.407000093,40.88400112,
54.97065,-3.407000093,40.88400112,
54.99132,-3.408000021,40.89600025,
55.01179,-3.408000021,40.89600025,
55.03221,-3.408000021,40.89600025,
55.0527,-3.408999949,40.90799938,
55.07717,-3.405999928,40.87199913,
55.09775,-3.405,40.86,
55.11816,-3.405,40.86,
55.1387,-3.405,40.86,
55.1591,-3.404000072,40.84800087,
55.17958,-3.402999907,40.83599888,
55.20039,-3.404000072,40.84800087,
55.22073,-3.404000072,40.84800087,
55.24506,-3.404000072,40.84800087,
55.2656,-3.404000072,40.84800087,
55.286,-3.405,40.86,
55.30663,-3.402999907,40.83599888,
55.3271,-3.402999907,40.83599888,
55.34746,-3.402999907,40.83599888,
55.368,-3.405,40.86,
55.38866,-3.405,40.86,
55.40916,-3.407000093,40.88400112,
55.43346,-3.407000093,40.88400112,
55.45437,-3.407000093,40.88400112,
55.47446,-3.408000021,40.89600025,
55.49499,-3.408999949,40.90799938,
55.51549,-3.408999949,40.90799938,
55.53591,-3.411000042,40.9320005,
55.55642,-3.411000042,40.9320005,
55.57699,-3.412999897,40.95599876,
55.59743,-3.411000042,40.9320005,
55.62246,-3.408999949,40.90799938,
55.64246,-3.408000021,40.89600025,
55.66285,-3.405999928,40.87199913,
55.68346,-3.405,40.86,
55.70393,-3.402999907,40.83599888,
55.72443,-3.404000072,40.84800087,
55.74478,-3.401999979,40.82399975,
55.7654,-3.401999979,40.82399975,
55.78982,-3.399999886,40.79999863,
55.81036,-3.401999979,40.82399975,
55.83095,-3.401000051,40.81200062,
55.85127,-3.401000051,40.81200062,
55.87243,-3.401000051,40.81200062,
55.8922,-3.402999907,40.83599888,
55.91271,-3.404000072,40.84800087,
55.93349,-3.405999928,40.87199913,
55.95381,-3.405999928,40.87199913,
55.97826,-3.405999928,40.87199913,
55.99897,-3.405999928,40.87199913,
56.01924,-3.405999928,40.87199913,
56.03978,-3.405,40.86,
56.06023,-3.404000072,40.84800087,
56.08067,-3.404000072,40.84800087,
56.10104,-3.405,40.86,
56.1216,-3.405,40.86,
56.14628,-3.405,40.86,
56.16747,-3.404000072,40.84800087,
56.18716,-3.404000072,40.84800087,
56.20761,-3.404000072,40.84800087,
56.22813,-3.404000072,40.84800087,
56.24866,-3.405,40.86,
56.26907,-3.405,40.86,
56.29017,-3.405999928,40.87199913,
56.31,-3.405999928,40.87199913,
56.33501,-3.407000093,40.88400112,
56.35522,-3.407000093,40.88400112,
56.37555,-3.405999928,40.87199913,
56.39609,-3.405,40.86,
56.41669,-3.405,40.86,
56.43714,-3.405,40.86,
56.45757,-3.405,40.86,
56.478,-3.404000072,40.84800087,
56.49848,-3.404000072,40.84800087,
56.52338,-3.402999907,40.83599888,
56.5437,-3.402999907,40.83599888,
56.56422,-3.402999907,40.83599888,
56.58457,-3.401999979,40.82399975,
56.60487,-3.401999979,40.82399975,
56.62547,-3.401000051,40.81200062,
56.64607,-3.399999886,40.79999863,
56.66655,-3.401000051,40.81200062,
56.69111,-3.399999886,40.79999863,
56.71146,-3.399999886,40.79999863,
56.73196,-3.401000051,40.81200062,
56.75244,-3.399999886,40.79999863,
56.77303,-3.397000103,40.76400124,
56.79334,-3.398000031,40.77600037,
56.81383,-3.395999937,40.75199924,
56.83739,-3.397000103,40.76400124,
56.85789,-3.398000031,40.77600037,
56.89008,-3.399999886,40.79999863,
56.89994,-3.399999886,40.79999863,
56.92031,-3.401999979,40.82399975,
56.94125,-3.401999979,40.82399975,
56.96133,-3.401000051,40.81200062,
56.98186,-3.402999907,40.83599888,
57.00253,-3.402999907,40.83599888,
57.02309,-3.401999979,40.82399975,
57.04312,-3.405,40.86,
57.06789,-3.405999928,40.87199913,
57.08847,-3.405999928,40.87199913,
57.1088,-3.405999928,40.87199913,
57.13,-3.405,40.86,
57.14977,-3.402999907,40.83599888,
57.17046,-3.401999979,40.82399975,
57.19155,-3.402999907,40.83599888,
57.2112,-3.402999907,40.83599888,
57.2358,-3.401999979,40.82399975,
57.25623,-3.402999907,40.83599888,
57.27676,-3.401999979,40.82399975,
57.29724,-3.401999979,40.82399975,
57.31774,-3.401999979,40.82399975,
57.33823,-3.401000051,40.81200062,
57.35856,-3.401000051,40.81200062,
57.37929,-3.401999979,40.82399975,
57.3997,-3.401000051,40.81200062,
57.42422,-3.399999886,40.79999863,
57.44461,-3.398999958,40.7879995,
57.46511,-3.398999958,40.7879995,
57.48566,-3.398000031,40.77600037,
57.5062,-3.397000103,40.76400124,
57.52656,-3.398000031,40.77600037,
57.54707,-3.397000103,40.76400124,
57.56743,-3.397000103,40.76400124,
57.59205,-3.397000103,40.76400124,
57.61302,-3.398000031,40.77600037,
57.63307,-3.398999958,40.7879995,
57.65355,-3.398999958,40.7879995,
57.67409,-3.401000051,40.81200062,
57.69471,-3.401000051,40.81200062,
57.71526,-3.401000051,40.81200062,
57.73545,-3.401000051,40.81200062,
57.75595,-3.402999907,40.83599888,
57.78054,-3.401000051,40.81200062,
57.80167,-3.399999886,40.79999863,
57.82226,-3.401000051,40.81200062,
57.84302,-3.401000051,40.81200062,
57.86317,-3.401999979,40.82399975,
57.88297,-3.401000051,40.81200062,
57.90331,-3.399999886,40.79999863,
57.92397,-3.399999886,40.79999863,
57.94428,-3.401000051,40.81200062,
57.96902,-3.401000051,40.81200062,
57.98943,-3.399999886,40.79999863,
58.00996,-3.398999958,40.7879995,
58.0305,-3.399999886,40.79999863,
58.05077,-3.401000051,40.81200062,
58.07129,-3.401999979,40.82399975,
58.09193,-3.402999907,40.83599888,
58.11239,-3.405,40.86,
58.13702,-3.405,40.86,
58.15752,-3.405,40.86,
58.17796,-3.404000072,40.84800087,
58.19828,-3.405999928,40.87199913,
58.21878,-3.405999928,40.87199913,
58.23932,-3.407000093,40.88400112,
58.2597,-3.408000021,40.89600025,
58.28024,-3.408000021,40.89600025,
58.30064,-3.408999949,40.90799938,
58.32531,-3.408000021,40.89600025,
58.34609,-3.405999928,40.87199913,
58.36626,-3.404000072,40.84800087,
58.38672,-3.405999928,40.87199913,
58.40726,-3.405999928,40.87199913,
58.42764,-3.407000093,40.88400112,
58.44823,-3.408000021,40.89600025,
58.46916,-3.408000021,40.89600025,
58.49323,-3.408000021,40.89600025,
58.51385,-3.408999949,40.90799938,
58.53426,-3.408000021,40.89600025,
58.55473,-3.408999949,40.90799938,
58.57514,-3.410000114,40.92000137,
58.59583,-3.410000114,40.92000137,
58.61613,-3.411000042,40.9320005,
58.63673,-3.411000042,40.9320005,
58.65712,-3.412999897,40.95599876,
58.68171,-3.412999897,40.95599876,
58.70219,-3.414000063,40.96800076,
58.72258,-3.412999897,40.95599876,
58.74395,-3.414000063,40.96800076,
58.76446,-3.41499999,40.97999989,
58.78401,-3.415999918,40.99199902,
58.80447,-3.417000084,41.00400101,
58.82492,-3.418000011,41.01600014,
58.8455,-3.415999918,40.99199902,
58.87012,-3.414000063,40.96800076,
58.89065,-3.414000063,40.96800076,
58.91106,-3.414000063,40.96800076,
58.93143,-3.414000063,40.96800076,
58.95207,-3.412999897,40.95599876,
58.97254,-3.412999897,40.95599876,
58.99298,-3.414000063,40.96800076,
59.01347,-3.412999897,40.95599876,
59.03798,-3.411999969,40.94399963,
59.05843,-3.412999897,40.95599876,
59.07903,-3.411999969,40.94399963,
59.09948,-3.410000114,40.92000137,
59.11991,-3.410000114,40.92000137,
59.14051,-3.411000042,40.9320005,
59.1608,-3.411000042,40.9320005,
59.18143,-3.410000114,40.92000137,
59.20193,-3.408999949,40.90799938,
59.22646,-3.405999928,40.87199913,
59.24705,-3.405999928,40.87199913,
59.26745,-3.404000072,40.84800087,
59.28795,-3.401000051,40.81200062,
59.30832,-3.402999907,40.83599888,
59.32875,-3.401999979,40.82399975,
59.34924,-3.401000051,40.81200062,
59.37029,-3.401000051,40.81200062,
59.39035,-3.399999886,40.79999863,
59.41489,-3.398999958,40.7879995,
59.43541,-3.399999886,40.79999863,
59.45579,-3.398999958,40.7879995,
59.47618,-3.398999958,40.7879995,
59.49698,-3.398999958,40.7879995,
59.51729,-3.398999958,40.7879995,
59.53764,-3.399999886,40.79999863,
59.55841,-3.398999958,40.7879995,
59.58311,-3.398000031,40.77600037,
59.60336,-3.397000103,40.76400124,
59.62417,-3.395999937,40.75199924,
59.64425,-3.39500001,40.74000011,
59.66467,-3.395999937,40.75199924,
59.68526,-3.391999989,40.70399986,
59.70579,-3.389999895,40.67999874,
59.72604,-3.388999968,40.66799961,
59.74663,-3.38800004,40.65600048,
59.77115,-3.385000019,40.62000023,
59.79157,-3.385000019,40.62000023,
59.81219,-3.382999926,40.59599911,
59.83266,-3.382999926,40.59599911,
59.85316,-3.382999926,40.59599911,
59.87436,-3.385000019,40.62000023,
59.89402,-3.385999947,40.63199936,
59.91463,-3.38800004,40.65600048,
59.93575,-3.389999895,40.67999874,
59.95966,-3.391000061,40.69200073,
59.98012,-3.389999895,40.67999874,
