4.00869,-1.373999982,0,8.2773491
4.028795,-1.378999977,0,
4.049849,-1.385000019,0,
4.069952,-1.396000056,0,
4.090384,-1.405,0,
4.111069,-1.411000042,0,
4.131902,-1.419000058,0,
4.153442,-1.424000053,0,
4.178559,-1.434000044,0,
4.197515,-1.446000009,0,
4.217898,-1.454999952,0,
4.238494,-1.462000041,0,
4.258884,-1.464999943,0,
4.278903,-1.474000006,0,
4.299445,-1.482000022,0,
4.319889,-1.492000012,0,
4.340114,-1.500999956,0,
4.365831,-1.50300005,0,
4.385346,-1.510999947,0,
4.406368,-1.521999984,0,
4.42682,-1.53,0,
4.447206,-1.53999999,0,
4.470104,-1.549999981,0,
4.488389,-1.564999967,0,
4.510332,-1.577999978,0,
4.533287,-1.589000015,0,
4.553099,-1.597999959,0,
4.574544,-1.604000001,0,
4.594208,-1.617000012,0,
4.614566,-1.628999977,0,
4.634964,-1.638999968,0,
4.655498,-1.648999958,0,
4.676796,-1.656000047,0,
4.704922,-1.66499999,0,
4.723461,-1.673000007,0,
4.74158,-1.682999997,0,
4.762052,-1.694000034,0,
4.782943,-1.69900003,0,
4.813654,-1.712000041,0,
4.829176,-1.725000052,0,
4.846756,-1.735000043,0,
4.864931,-1.743999987,0,
4.885415,-1.758000045,0,
4.90949,-1.771999984,0,
4.929899,-1.786999969,0,
4.950419,-1.79699996,0,
4.971011,-1.804999976,0,
4.991978,-1.811000018,0,
5.012091,-1.822000055,0,
5.033165,-1.835999994,0,
5.053418,-1.847999959,0,
5.077984,-1.857999949,0,
5.101063,-1.868000059,0,
5.121813,-1.881999998,0,
5.140284,-1.898000031,0,
5.159982,-1.913000016,0,
5.180427,-1.923000007,0,
5.202718,-1.93199995,0,
5.222693,-1.944000034,0,
5.243905,-1.952999978,0,
5.266797,-1.962999969,0,
5.286774,-1.970000057,0,
5.307921,-1.982999949,0,
5.327926,-2.002000003,0,
5.348237,-2.015000014,0,
5.369188,-2.023999958,0,
5.388815,-2.039000063,0,
5.411486,-2.046000032,0,
5.429574,-2.065000086,0,
5.454893,-2.069999962,0,
5.475502,-2.076000004,0,
5.495851,-2.091000109,0,
5.516811,-2.099000006,0,
5.539105,-2.109999924,0,
5.559088,-2.125999956,0,
5.579961,-2.139999895,0,
5.600317,-2.145999937,0,
5.625728,-2.154000072,0,
5.645859,-2.170000105,0,
5.663762,-2.184999971,0,
5.684155,-2.197999983,0,
5.705338,-2.201999931,0,
5.725003,-2.213000088,0,
5.744976,-2.233999996,0,
5.765598,-2.24600008,0,
5.786723,-2.254999905,0,
5.811264,-2.263999968,0,
5.835264,-2.274999886,0,
5.854179,-2.28999999,0,
5.873602,-2.300999908,0,
5.895217,-2.312000065,0,
5.913713,-2.320999889,0,
5.934563,-2.331000118,0,
5.954053,-2.339999943,0,
5.974383,-2.355000048,0,
5.999428,-2.36100009,0,
6.019532,-2.365000038,0,
6.040377,-2.375000029,0,
6.061091,-2.392999916,0,
6.08159,-2.408999949,0,
6.101914,-2.417000084,0,
6.12252,-2.42199996,0,
6.143935,-2.428000002,0,
6.16761,-2.43199995,0,
6.190127,-2.435999899,0,
6.209089,-2.43899992,0,
6.228962,-2.444000034,0,
6.250496,-2.457000046,0,
6.271826,-2.477000027,0,
6.290515,-2.497999935,0,
6.311091,-2.509000092,0,
6.331456,-2.517999916,0,
6.356356,-2.529000072,0,
6.376987,-2.543000011,0,
6.396868,-2.553999929,0,
6.417268,-2.562000065,0,
6.437898,-2.568000107,0,
6.458848,-2.576999931,0,
6.478726,-2.583999901,0,
6.499779,-2.592000036,0,
6.523754,-2.596999912,0,
6.54422,-2.601000099,0,
6.56528,-2.609999924,0,
6.585405,-2.62100008,0,
6.605911,-2.625999956,0,
6.626324,-2.635000019,0,
6.646887,-2.641999989,0,
6.669395,-2.654000072,0,
6.689761,-2.66499999,0,
6.712933,-2.674999981,0,
6.732747,-2.683000116,0,
6.753812,-2.687000065,0,
6.773538,-2.694999962,0,
6.79496,-2.704000025,0,
6.814783,-2.714999943,0,
6.835243,-2.724000006,0,
6.855673,-2.733000069,0,
6.877547,-2.737000017,0,
6.901814,-2.743000059,0,
6.921395,-2.74600008,0,
6.941687,-2.747000008,0,
6.962317,-2.74600008,0,
6.983679,-2.74600008,0,
7.003259,-2.750999956,0,
7.023631,-2.756000071,0,
7.046316,-2.757999926,0,
7.068789,-2.760999947,0,
7.089533,-2.763999968,0,
7.110948,-2.772000103,0,
7.129553,-2.780999928,0,
7.149897,-2.792000084,0,
7.170403,-2.805000095,0,
7.191193,-2.815000086,0,
7.211355,-2.822999983,0,
7.232515,-2.828000097,0,
7.256362,-2.831000118,0,
7.276948,-2.829000025,0,
7.298663,-2.829000025,0,
7.320632,-2.829000025,0,
7.339057,-2.829000025,0,
7.358795,-2.832000046,0,
7.379964,-2.833999901,0,
7.401349,-2.835999994,0,
7.420745,-2.838000088,0,
7.449349,-2.839000015,0,
7.465944,-2.838000088,0,
7.486415,-2.835000067,0,
7.507338,-2.832999973,0,
7.529662,-2.832000046,0,
7.547934,-2.832000046,0,
7.568622,-2.829000025,0,
7.588872,-2.826999931,0,
7.613748,-2.82399991,0,
7.634264,-2.822999983,0,
7.654417,-2.822999983,0,
7.674878,-2.820999889,0,
7.694816,-2.819999962,0,
7.716648,-2.535000114,0,
7.735536,-2.267999916,0,
7.755902,-2.030999928,0,
7.777761,-1.819999962,0,
7.801344,-1.633000045,0,
7.822463,-1.467000036,0,
7.845036,-1.314999967,0,
7.865356,-1.176999955,0,
7.883593,-1.054000049,0,
7.904237,-0.945000021,0,
7.924717,-0.849000006,0,
7.94729,-0.761999993,0,
7.967506,-0.681000023,0,
7.990108,-0.608999996,0,
8.010609,-0.543999999,0,
8.031225,-0.485000013,0,
8.051571,-0.43200001,0,
8.072264,-0.386000006,0,
8.092653,-0.342999994,0,
8.11319,-0.305000006,0,
8.133783,-0.268999993,0,
8.158316,-0.236,0,
8.178638,-0.205999999,0,
8.199213,-0.179000004,0,
8.21978,-0.157000004,0,
8.240398,-0.134999997,0,
8.262964,-0.116999997,0,
8.28373,-0.1,0,
8.3034,-0.086000002,0,
8.323673,-0.073000001,0,
8.346638,-0.058999999,0,
8.367149,-0.047999999,0,
8.389215,-0.038,0,
8.409851,-0.029,0,
8.430452,-0.02,0,
8.449875,-0.015,0,
8.471354,-0.007,0,
8.489975,0.000999999,0,
8.511917,0.007,0,
8.534986,0.011999999,0,
8.555405,0.016,0,
8.57757,0.020000001,0,
8.596432,0.022999999,0,
8.617365,0.024000001,0,
8.639027,0.027,0,
8.65799,0.029999999,0,
8.67835,0.033000001,0,
8.698656,0.036,0,
8.719324,0.037000002,0,
8.744028,0.038999998,0,
8.764427,0.041000002,0,
8.785625,0.04,0,
8.805202,0.04,0,
8.826334,0.038999998,0,
8.846371,0.04,0,
8.86684,0.04,0,
8.886517,0.041999997,0,
8.907099,0.041999997,0,
8.93228,0.042999999,0,
8.953356,0.045000003,0,
8.973471,0.045999998,0,
8.993814,0.047,0,
9.013525,0.048000002,0,
9.033926,0.048000002,0,
9.054409,0.048000002,0,
9.074898,0.048000002,0,
9.095448,0.047,0,
9.121113,0.048000002,0,
9.14126,0.048000002,0,
9.161652,0.049999998,0,
9.181412,0.049999998,0,
9.202105,0.049999998,0,
9.22316,0.051,0,
9.24375,0.051,0,
9.265436,0.051,0,
9.2852,0.051,0,
9.308418,0.052999997,0,
9.32876,0.051,0,
9.349977,0.052000002,0,
9.37072,0.051,0,
9.390501,0.049999998,0,
9.410812,0.048000002,0,
9.431953,0.047,0,
9.452534,0.047,0,
9.473274,0.047,0,
9.498865,0.048000002,0,
9.520008,0.047,0,
9.538506,0.048000002,0,
9.55847,0.048000002,0,
9.578903,0.048000002,0,
9.599255,0.049999998,0,
9.619812,0.052000002,0,
9.640291,0.051,0,
9.660761,0.049999998,0,
9.685287,0.049999998,0,
9.705679,0.048000002,0,
9.726246,0.049000004,0,
9.747286,0.049000004,0,
9.767929,0.049000004,0,
9.78837,0.048000002,0,
9.810402,0.049000004,0,
9.829254,0.048000002,0,
9.849197,0.047,0,
9.873728,0.047,0,
9.894936,0.047,0,
9.915483,0.045999998,0,
9.935158,0.047,0,
9.955547,0.045999998,0,
9.976046,0.045000003,0,
9.996595,0.042999999,0,
10.01689,0.044000001,0,
10.03781,0.045000003,0,
10.06338,0.044000001,0,
10.08388,0.045000003,0,
10.10308,0.047,0,
10.16103,0.047,0,
10.21378,0.045999998,0,
10.25223,0.045000003,0,
10.26021,0.042999999,0,
10.26221,0.044000001,0,
10.26873,0.045000003,0,
10.2703,0.045000003,0,
10.27159,0.045000003,0,
10.29238,0.045000003,0,
10.31287,0.044000001,0,
10.33328,0.042999999,0,
10.35296,0.041999997,0,
10.37436,0.041000002,0,
10.39393,0.04,0,
10.41522,0.04,0,
10.4356,0.041000002,0,
10.4607,0.044000001,0,
10.48258,0.044000001,0,
10.50124,0.045000003,0,
10.52155,0.045999998,0,
10.54204,0.047,0,
10.5627,0.045999998,0,
10.58879,0.047,0,
10.60896,0.045999998,0,
10.62834,0.045999998,0,
10.64871,0.047,0,
10.66921,0.047,0,
10.6896,0.047,0,
10.71005,0.045000003,0,
10.73053,0.045999998,0,
10.7511,0.047,0,
10.77147,0.045000003,0,
10.79191,0.045999998,0,
10.81276,0.045999998,0,
10.84185,0.045999998,0,
10.8623,0.047,0,
10.88416,0.045999998,0,
10.90306,0.047,0,
10.92329,0.047,0,
10.93953,0.047,0,
10.95934,0.047,0,
10.98385,0.045000003,0,
11.0001,0.044000001,0,
11.02453,0.042999999,0,
11.04585,0.042999999,0,
11.06673,0.042999999,0,
11.0872,0.044000001,0,
11.11332,0.044000001,0,
11.12786,0.044000001,0,
11.14843,0.044000001,0,
11.17425,0.042999999,0,
11.18934,0.042999999,0,
11.21398,0.044000001,0,
11.23465,0.044000001,0,
11.25489,0.045000003,0,
11.27541,0.045000003,0,
11.29572,0.044000001,0,
11.31567,0.042999999,0,
11.33637,0.041999997,0,
11.35627,0.042999999,0,
11.37696,0.045000003,0,
11.40174,0.045999998,0,
11.42926,0.048000002,0,
11.45003,0.049000004,0,
11.46311,0.048000002,0,
11.48345,0.048000002,0,
11.50601,0.048000002,0,
11.52984,0.047,0,
11.54519,0.045000003,0,
11.56556,0.044000001,0,
11.5898,0.045999998,0,
11.61041,0.045999998,0,
11.6308,0.045999998,0,
11.65133,0.047,0,
11.67198,0.045999998,0,
11.6922,0.045999998,0,
11.71279,0.045999998,0,
11.73337,0.044000001,0,
11.75386,0.041000002,0,
11.77821,0.041000002,0,
11.79895,0.041999997,0,
11.81941,0.041000002,0,
11.84003,0.041000002,0,
11.86041,0.041000002,0,
11.88066,0.038000004,0,
11.90133,0.037000002,0,
11.92182,0.036,0,
11.94236,0.036,0,
11.96669,0.034999998,0,
11.98722,0.036,0,
12.00771,0.034999998,0,
12.0281,0.036,0,
12.04868,0.034999998,0,
12.06914,0.034999998,0,
12.08998,0.034000003,0,
12.11012,0.033000001,0,
12.1307,0.034999998,0,
12.15517,0.034000003,0,
12.17556,0.034999998,0,
12.19601,0.034999998,0,
12.2166,0.034999998,0,
12.23714,0.034999998,0,
12.25756,0.034999998,0,
12.27791,0.036,0,
12.29845,0.038000004,0,
12.31893,0.04,0,
12.35767,0.041000002,0,
12.37048,0.041999997,0,
12.3856,0.042999999,0,
12.40507,0.042999999,0,
12.42961,0.044000001,0,
12.44592,0.045999998,0,
12.46663,0.045999998,0,
12.48702,0.048000002,0,
12.50737,0.049999998,0,
12.52816,0.049999998,0,
12.55254,0.049000004,0,
12.58216,0.049000004,0,
12.59355,0.051,0,
12.61391,0.052000002,0,
12.63426,0.052000002,0,
12.6548,0.049999998,0,
12.6752,0.048000002,0,
12.69593,0.049000004,0,
12.7164,0.048000002,0,
12.74094,0.047,0,
12.7613,0.047,0,
12.7818,0.048000002,0,
12.80392,0.049000004,0,
12.82858,0.049000004,0,
12.84337,0.049000004,0,
12.86424,0.049000004,0,
12.88516,0.049000004,0,
12.90484,0.048000002,0,
12.93396,0.049999998,0,
12.94978,0.051,0,
12.97024,0.051,0,
12.99082,0.049999998,0,
13.01205,0.049999998,0,
13.03169,0.049000004,0,
13.052,0.049000004,0,
13.07271,0.048000002,0,
13.09312,0.047,0,
13.11825,0.045000003,0,
13.13807,0.045999998,0,
13.15857,0.045000003,0,
13.17903,0.045000003,0,
13.19946,0.045999998,0,
13.22001,0.045999998,0,
13.24059,0.044000001,0,
13.26105,0.042999999,0,
13.28157,0.042999999,0,
13.30612,0.042999999,0,
13.32652,0.041000002,0,
13.34697,0.041000002,0,
13.3674,0.041999997,0,
13.38789,0.042999999,0,
13.40918,0.045000003,0,
13.42991,0.045000003,0,
13.45583,0.045000003,0,
13.47588,0.045999998,0,
13.49953,0.045000003,0,
13.51572,0.045000003,0,
13.53635,0.045999998,0,
13.55677,0.047,0,
13.57817,0.045000003,0,
13.5976,0.042999999,0,
13.61803,0.042999999,0,
13.63785,0.044000001,0,
13.65919,0.045000003,0,
13.68348,0.045000003,0,
13.70403,0.044000001,0,
13.7245,0.042999999,0,
13.7444,0.042999999,0,
13.76918,0.042999999,0,
13.79016,0.042999999,0,
13.81006,0.044000001,0,
13.82626,0.042999999,0,
13.84733,0.044000001,0,
13.87286,0.044000001,0,
13.8919,0.044000001,0,
13.91241,0.044000001,0,
13.93264,0.044000001,0,
13.95317,0.044000001,0,
13.97366,0.045000003,0,
13.99412,0.044000001,0,
14.01466,0.045000003,0,
14.03555,0.045999998,0,
14.05575,0.047,0,
14.08039,0.048000002,0,
14.10071,0.049999998,0,
14.12112,0.049000004,0,
14.14178,0.048000002,0,
14.16214,0.047,0,
14.18261,0.047,0,
14.2034,0.048000002,0,
14.22371,0.047,0,
14.24407,0.047,0,
14.26874,0.048000002,0,
14.28906,0.049000004,0,
14.31006,0.051,0,
14.32998,0.051,0,
14.35045,0.052000002,0,
14.37101,0.051,0,
14.39143,0.051,0,
14.41196,0.049999998,0,
14.43243,0.049000004,0,
14.45686,0.049000004,0,
14.47755,0.049000004,0,
14.4989,0.049999998,0,
14.51935,0.051,0,
14.53889,0.052000002,0,
14.55999,-0.012999999,0,
14.89332,-0.065999998,0,
14.90169,-0.123999997,0,
14.90334,-0.180999993,0,
14.90457,-0.233999996,0,
14.90592,-0.284000008,0,
14.90737,-0.33399999,0,
14.90881,-0.363999991,0,
14.91366,-0.391999989,0,
14.91541,-0.423000007,0,
14.91771,-0.437000005,0,
14.91998,-0.441000013,0,
14.92154,-0.441000013,0,
14.92281,-0.423000007,0,
14.92412,-0.397000014,0,
14.92598,-0.374000012,0,
14.92731,-0.342999994,0,
14.92864,-0.314000009,0,
14.92995,-0.276999994,0,
14.9316,-0.245000004,0,
14.93344,-0.217000006,0,
14.93488,-0.190999998,0,
14.93623,-0.166000007,0,
14.93794,-0.144,0,
14.93928,-0.123999997,0,
14.94048,-0.109000004,0,
14.94168,-0.093000001,0,
14.94323,-0.078999999,0,
14.9446,-0.067,0,
14.94589,-0.055,0,
14.94712,-0.043,0,
14.94867,-0.033,0,
14.95046,-0.022,0,
14.95217,-0.015,0,
14.95346,-0.01,0,
14.95493,-0.003999999,0,
14.95653,0.002000002,0,
14.95785,0.007,0,
14.95915,0.011999999,0,
14.96052,0.018,0,
14.96215,0.020999999,0,
14.96355,0.024000001,0,
14.96488,0.027,0,
14.96616,0.027999998,0,
14.96786,0.031999999,0,
14.96932,0.034000003,0,
14.97067,0.034999998,0,
14.97223,0.037000002,0,
14.97386,0.038000004,0,
14.97523,0.038000004,0,
14.97648,0.038999998,0,
14.97772,0.04,0,
14.97945,0.041000002,0,
14.99518,0.04,0,
15.01575,0.041000002,0,
15.03626,0.041999997,0,
15.05685,0.041999997,0,
15.0811,0.045000003,0,
15.10171,0.047,0,
15.1222,0.047,0,
15.14266,0.045999998,0,
15.16318,0.045000003,0,
15.18372,0.047,0,
15.20424,0.045999998,0,
15.22463,0.044000001,0,
15.2453,0.044000001,0,
15.26563,0.042999999,0,
15.29009,0.044000001,0,
15.31063,0.044000001,0,
15.33115,0.045999998,0,
15.35154,0.045000003,0,
15.37214,0.044000001,0,
15.39255,0.045000003,0,
15.41308,0.042999999,0,
15.43349,0.042999999,0,
15.45401,0.041000002,0,
15.47886,0.04,0,
15.49905,0.041999997,0,
15.51956,0.041000002,0,
15.53995,0.041000002,0,
15.56042,0.04,0,
15.58095,0.041000002,0,
15.60206,0.041000002,0,
15.62252,0.041999997,0,
15.64236,0.044000001,0,
15.66687,0.045999998,0,
15.68759,0.045999998,0,
15.70799,0.048000002,0,
15.72851,0.045999998,0,
15.74882,0.045999998,0,
15.76958,0.045000003,0,
15.78979,0.044000001,0,
15.81035,0.045000003,0,
15.83085,0.045000003,0,
15.85543,0.045000003,0,
15.87594,0.045000003,0,
15.89654,0.042999999,0,
15.9168,0.041999997,0,
15.93735,0.041999997,0,
15.95786,0.041999997,0,
15.97843,0.042999999,0,
15.9987,0.044000001,0,
16.01934,0.041999997,0,
16.04386,0.042999999,0,
16.06442,0.042999999,0,
16.08482,0.041999997,0,
16.1052,0.042999999,0,
16.12566,0.042999999,0,
16.14629,0.041999997,0,
16.16686,0.041000002,0,
16.18734,0.041000002,0,
16.20762,0.041999997,0,
16.23221,0.044000001,0,
16.25274,0.045000003,0,
16.27319,0.045000003,0,
16.29355,0.045999998,0,
16.314,0.045999998,0,
16.33461,0.045000003,0,
16.35513,0.045999998,0,
16.37561,0.045000003,0,
16.39617,0.045000003,0,
16.4205,0.045000003,0,
16.44109,0.045000003,0,
16.46167,0.048000002,0,
16.48209,0.048000002,0,
16.50256,0.048000002,0,
16.52304,0.048000002,0,
16.54352,0.048000002,0,
16.5642,0.048000002,0,
16.58521,0.047,0,
16.61029,0.047,0,
16.62996,0.045000003,0,
16.65055,-0.244000002,2.928000019,
16.67171,-0.363000004,4.356000051,
16.69123,-0.463999985,5.567999825,
16.71148,-0.507999985,6.095999823,
16.73208,-0.571999996,6.863999949,
16.75757,-0.650999992,7.811999903,
16.77359,-0.719999998,8.639999971,
16.7975,-0.778000026,9.336000309,
16.8184,-0.838000028,10.05600034,
16.83839,-0.88799998,10.65599977,
16.85889,-0.928999989,11.14799987,
16.88011,-0.979000001,11.74800001,
16.90008,-0.989999979,11.87999974,
16.92055,-1.001000016,12.01200019,
16.94095,-1.016000001,12.19200002,
16.96217,-1.029000013,12.34800015,
16.98692,-1.036000042,12.4320005,
17.00681,-1.020999997,12.25199996,
17.0272,-1.04699996,12.56399952,
17.04735,-1.036000042,12.4320005,
17.06808,-1.028000026,12.33600031,
17.08907,-1.001000016,12.01200019,
17.10881,-0.989999979,11.87999974,
17.12931,-0.98599997,11.83199965,
17.14982,-0.991000025,11.8920003,
17.17449,-0.992000012,11.90400015,
17.19542,-0.955999999,11.47199999,
17.21523,-0.940000026,11.28000031,
17.23611,-0.928000002,11.13600002,
17.25638,-0.923999994,11.08799993,
17.27676,-0.923999994,11.08799993,
17.29777,-0.920999973,11.05199967,
17.31772,-0.920999973,11.05199967,
17.34287,-0.926000028,11.11200033,
17.36281,-0.938999979,11.26799975,
17.38328,-0.950000017,11.4000002,
17.40522,-0.942,11.30400001,
17.42411,-0.93200001,11.18400012,
17.44492,-0.947999983,11.37599979,
17.46515,-0.96599999,11.59199987,
17.48568,-0.98599997,11.83199965,
17.50703,-0.96599999,11.59199987,
17.53056,-0.964000015,11.56800018,
17.55144,-1.021999984,12.26399981,
17.57212,-1.115999966,13.39199959,
17.59203,-1.156000047,13.87200056,
17.61385,-1.168000011,14.01600014,
17.63321,-1.135000019,13.62000023,
17.65367,-1.112999945,13.35599934,
17.67413,-1.115000038,13.38000046,
17.69459,-1.125000029,13.50000034,
17.71987,-1.097000031,13.16400038,
17.7396,-1.082000046,12.98400055,
17.76,-1.074999957,12.89999949,
17.78066,-1.076000004,12.91200005,
17.80115,-1.080999999,12.97199999,
17.82196,-1.077000051,12.92400061,
17.84193,-1.08400002,13.00800024,
17.86247,-1.09400001,13.12800013,
17.8834,-1.108999996,13.30799995,
17.9076,-1.125999956,13.51199947,
17.92849,-1.107999949,13.29599939,
17.94882,-1.102999954,13.23599945,
17.96903,-1.102000027,13.22400032,
17.98934,-1.107999949,13.29599939,
18.01003,-1.118999987,13.42799984,
18.03121,-1.118999987,13.42799984,
18.05102,-1.128999977,13.54799973,
18.0757,-1.143000035,13.71600042,
18.09611,-1.161000042,13.9320005,
18.12002,-1.176000028,14.11200033,
18.14113,-1.156999974,13.88399969,
18.16183,-1.153000026,13.83600031,
18.19032,-1.153999953,13.84799944,
18.19983,-1.159999995,13.91999994,
18.21889,-1.171000032,14.05200039,
18.24063,-1.186000018,14.23200022,
18.26496,-1.158999949,13.90799938,
18.28438,-1.14500001,13.74000011,
18.30473,-1.138999968,13.66799961,
18.3259,-1.138999968,13.66799961,
18.34575,-1.143999963,13.72799955,
18.36732,-1.140999942,13.6919993,
18.38686,-1.148000031,13.77600037,
18.4076,-1.161000042,13.9320005,
18.42793,-1.179000049,14.14800058,
18.45231,-1.201000004,14.41200005,
18.47305,-1.184999971,14.21999966,
18.49364,-1.184000044,14.20800053,
18.51372,-1.187999992,14.25599991,
18.53445,-1.196000009,14.3520001,
18.55479,-1.209999948,14.51999937,
18.57558,-1.214000015,14.56800018,
18.59566,-1.225000052,14.70000063,
18.62021,-1.240000038,14.88000046,
18.64081,-1.258000045,15.09600054,
18.66118,-1.276000051,15.31200062,
18.68259,-1.261999993,15.14399992,
18.7021,-1.261999993,15.14399992,
18.72256,-1.268999963,15.22799955,
18.74334,-1.281000047,15.37200056,
18.76372,-1.29699996,15.56399952,
18.78489,-1.301999955,15.62399946,
18.80865,-1.314999967,15.7799996,
18.82917,-1.332999973,15.99599968,
18.84958,-1.352999954,16.23599945,
18.87016,-1.368000059,16.41600071,
18.89104,-1.357999949,16.29599939,
18.91105,-1.36099997,16.33199965,
18.93163,-1.368999987,16.42799984,
18.95197,-1.383999972,16.60799967,
18.97665,-1.400000005,16.80000006,
18.99774,-1.37800005,16.5360006,
19.01749,-1.370999961,16.45199953,
19.03832,-1.373000054,16.47600065,
19.05847,-1.377000003,16.52400003,
19.07913,-1.390000014,16.68000017,
19.0998,-1.390000014,16.68000017,
19.12014,-1.398999958,16.7879995,
19.14045,-1.416000037,16.99200045,
19.16508,-1.434999971,17.21999966,
19.18553,-1.454999952,17.45999943,
19.20638,-1.437999992,17.25599991,
19.22645,-1.437999992,17.25599991,
19.24722,-1.441000013,17.29200016,
19.26733,-1.449999957,17.39999949,
19.28795,-1.464999943,17.57999931,
19.30883,-1.467000036,17.60400043,
19.3292,-1.479000001,17.74800001,
19.354,-1.495999961,17.95199953,
19.37379,-1.516999989,18.20399986,
19.39475,-1.538000016,18.45600019,
19.41609,-1.521999984,18.26399981,
19.43535,-1.521000056,18.25200068,
19.4559,-1.526999979,18.32399975,
19.47609,-1.536999969,18.44399963,
19.49681,-1.554000049,18.64800058,
19.52265,-1.523999958,18.2879995,
19.54212,-1.510000019,18.12000023,
19.5626,-1.505000024,18.06000029,
19.58285,-1.511999993,18.14399992,
19.60318,-1.521999984,18.26399981,
19.62402,-1.526999979,18.32399975,
19.64422,-1.544999986,18.53999983,
19.66493,-1.566000013,18.79200016,
19.68511,-1.595000057,19.14000069,
19.7098,-1.627000003,19.52400003,
19.73063,-1.617000012,19.40400015,
19.75076,-1.618999987,19.42799984,
19.77116,-1.625999956,19.51199947,
19.79198,-1.63800004,19.65600048,
19.81269,-1.656999974,19.88399969,
19.83312,-1.669000058,20.0280007,
19.85322,-1.687999992,20.25599991,
19.87372,-1.709999948,20.51999937,
19.89816,-1.737000017,20.84400021,
19.91901,-1.758000045,21.09600054,
19.93949,-1.745999961,20.95199953,
19.95961,-1.747000008,20.96400009,
19.97999,-1.756999998,21.08399998,
20.00052,-1.77000001,21.24000011,
20.02101,-1.788999944,21.46799932,
20.04204,-1.799000053,21.58800064,
20.06604,-1.814000039,21.76800047,
20.0866,-1.832999973,21.99599968,
20.10737,-1.857999949,22.29599939,
20.12754,-1.87800005,22.5360006,
20.14843,-1.865000038,22.38000046,
20.16898,-1.868000059,22.41600071,
20.18938,-1.87800005,22.5360006,
20.20936,-1.890999942,22.6919993,
20.22998,-1.909999995,22.91999994,
20.25489,-1.888999968,22.66799961,
20.27534,-1.883999972,22.60799967,
20.2958,-1.885999947,22.63199936,
20.31586,-1.893999963,22.72799955,
20.33654,-1.905,22.86,
20.35768,-1.911000042,22.9320005,
20.37728,-1.926000028,23.11200033,
20.3981,-1.949999957,23.39999949,
20.41836,-1.97599998,23.71199976,
20.44347,-2.003999977,24.04799973,
20.46385,-1.993000059,23.91600071,
20.4842,-1.997000008,23.96400009,
20.50431,-2.005000024,24.06000029,
20.52481,-2.016999989,24.20399986,
20.54529,-2.033000021,24.39600025,
20.56622,-2.040999918,24.49199902,
20.58629,-2.062000065,24.74400078,
20.61071,-2.085000067,25.0200008,
20.63129,-2.108999996,25.30799995,
20.65231,-2.135000019,25.62000023,
20.6726,-2.12800005,25.5360006,
20.69309,-2.132999926,25.59599911,
20.71321,-2.142999916,25.71599899,
20.73369,-2.154000072,25.84800087,
20.7547,-2.17199996,26.06399952,
20.77531,-2.178999929,26.14799915,
20.79925,-2.19899991,26.38799892,
20.8197,-2.220999985,26.65199982,
20.84021,-2.243000059,26.91600071,
20.86075,-2.260000019,27.12000023,
20.88171,-2.251999884,27.0239986,
20.90156,-2.254999905,27.05999886,
20.9221,-2.260999947,27.13199936,
20.94294,-2.276000051,27.31200062,
20.96314,-2.297999887,27.57599865,
20.98835,-2.279000072,27.34800087,
21.00817,-2.279000072,27.34800087,
21.02867,-2.283000021,27.39600025,
21.04915,-2.290999918,27.49199902,
21.06957,-2.305000095,27.66000114,
21.09074,-2.30699995,27.6839994,
21.11046,-2.322000055,27.86400066,
21.13106,-2.342999964,28.11599957,
21.15565,-2.365999966,28.39199959,
21.17639,-2.391999989,28.70399986,
21.19692,-2.379999905,28.55999886,
21.21699,-2.385000019,28.62000023,
21.23743,-2.394000082,28.72800098,
21.25805,-2.407000093,28.88400112,
21.27862,-2.424000053,29.08800064,
21.29988,-2.430000095,29.16000114,
21.3194,-2.445999889,29.35199867,
21.34394,-2.466000109,29.5920013,
21.36467,-2.489000111,29.86800133,
21.38503,-2.512000113,30.14400135,
21.40585,-2.506999998,30.08399998,
21.42598,-2.519000082,30.22800098,
21.44636,-2.535000114,30.42000137,
21.46681,-2.55699995,30.6839994,
21.48766,-2.579000025,30.9480003,
21.50867,-2.591000109,31.0920013,
21.533,-2.608999996,31.30799995,
21.55287,-2.628999977,31.54799973,
21.57334,-2.644000082,31.72800098,
21.59388,-2.655,31.86,
21.61498,-2.648000031,31.77600037,
21.63475,-2.654000072,31.84800087,
21.65516,-2.661999969,31.94399963,
21.67572,-2.674999981,32.09999977,
21.70033,-2.687999992,32.25599991,
21.7213,-2.674000053,32.08800064,
21.74127,-2.668999939,32.02799927,
21.76186,-2.668999939,32.02799927,
21.78226,-2.674999981,32.09999977,
21.80308,-2.683000116,32.1960014,
21.82371,-2.680000095,32.16000114,
21.84378,-2.687999992,32.25599991,
21.86412,-2.697999983,32.37599979,
21.88875,-2.710999994,32.53199993,
21.90928,-2.724999933,32.6999992,
21.93021,-2.713000088,32.55600105,
21.95019,-2.713000088,32.55600105,
21.97063,-2.717999964,32.61599957,
21.99109,-2.720999985,32.65199982,
22.01168,-2.727999954,32.73599945,
22.03263,-2.733000069,32.79600082,
22.05706,-2.743000059,32.91600071,
22.0779,-2.751999884,33.0239986,
22.09777,-2.766000061,33.19200073,
22.11864,-2.779000072,33.34800087,
22.13902,-2.773999958,33.2879995,
22.15916,-2.776999979,33.32399975,
22.17953,-2.783000021,33.39600025,
22.20012,-2.789000063,33.46800076,
22.22063,-2.796000032,33.55200039,
22.24543,-2.786000042,33.4320005,
22.26563,-2.78,33.36,
22.28599,-2.779000072,33.34800087,
22.30668,-2.782000093,33.38400112,
22.32776,-2.786999969,33.44399963,
22.34783,-2.782000093,33.38400112,
22.36857,-2.783999949,33.40799938,
22.38861,-2.786999969,33.44399963,
22.40893,-2.795000105,33.54000126,
22.43358,-2.803999929,33.64799915,
22.45433,-2.792000084,33.50400101,
22.47448,-2.787999897,33.45599876,
22.49509,-2.786999969,33.44399963,
22.51547,-2.792000084,33.50400101,
22.53598,-2.797999887,33.57599865,
22.55707,-2.796000032,33.55200039,
22.57676,-2.803999929,33.64799915,
22.60186,-2.812999992,33.75599991,
22.62228,-2.82399991,33.88799892,
22.64241,-2.835000067,34.0200008,
22.66419,-2.825000076,33.90000092,
22.68343,-2.822000055,33.86400066,
22.70378,-2.82399991,33.88799892,
22.72431,-2.832999973,33.99599968,
22.74518,-2.842000036,34.10400043,
22.76563,-2.849000006,34.18800007,
22.78989,-2.856999903,34.28399883,
22.81048,-2.866999893,34.40399872,
22.83075,-2.876999884,34.5239986,
22.85127,-2.884000092,34.6080011,
22.87261,-2.878999977,34.54799973,
22.89221,-2.876999884,34.5239986,
22.91265,-2.881000071,34.57200085,
22.93318,-2.884000092,34.6080011,
22.95363,-2.889999895,34.67999874,
22.97881,-2.876999884,34.5239986,
22.99921,-2.87100008,34.45200096,
23.01923,-2.865999966,34.39199959,
23.03975,-2.868999987,34.42799984,
23.06018,-2.872000008,34.46400009,
23.081,-2.865999966,34.39199959,
23.10127,-2.865999966,34.39199959,
23.12157,-2.868000059,34.41600071,
23.14606,-2.87100008,34.45200096,
23.16677,-2.876999884,34.5239986,
23.18764,-2.865999966,34.39199959,
23.2077,-2.858999996,34.30799995,
23.22883,-2.856999903,34.28399883,
23.24856,-2.858000069,34.29600082,
23.26914,-2.86100009,34.33200108,
23.29017,-2.855000048,34.26000057,
23.31012,-2.855999975,34.2719997,
23.33503,-2.858000069,34.29600082,
23.35517,-2.862000017,34.34400021,
23.37559,-2.868999987,34.42799984,
23.39663,-2.858999996,34.30799995,
23.41711,-2.856999903,34.28399883,
23.43715,-2.858999996,34.30799995,
23.45788,-2.862000017,34.34400021,
23.47838,-2.868000059,34.41600071,
23.49877,-2.868000059,34.41600071,
23.52288,-2.872000008,34.46400009,
23.54351,-2.876999884,34.5239986,
23.56389,-2.885000019,34.62000023,
23.58462,-2.891000061,34.69200073,
23.60539,-2.884000092,34.6080011,
23.62535,-2.881000071,34.57200085,
23.64582,-2.881000071,34.57200085,
23.66692,-2.884000092,34.6080011,
23.69098,-2.891999989,34.70399986,
23.71197,-2.876999884,34.5239986,
23.7322,-2.866999893,34.40399872,
23.7524,-2.859999924,34.31999908,
23.77363,-2.858999996,34.30799995,
23.79375,-2.859999924,34.31999908,
23.81425,-2.853999882,34.24799858,
23.83433,-2.853999882,34.24799858,
23.8551,-2.858000069,34.29600082,
23.87936,-2.864000111,34.36800133,
23.89991,-2.872999935,34.47599922,
23.92066,-2.862000017,34.34400021,
23.94092,-2.856999903,34.28399883,
23.96127,-2.858000069,34.29600082,
23.98259,-2.859999924,34.31999908,
24.00284,-2.865000038,34.38000046,
24.02303,-2.862999945,34.35599934,
24.04323,-2.865999966,34.39199959,
24.06782,-2.868000059,34.41600071,
24.08826,-2.872999935,34.47599922,
24.10896,-2.87800005,34.5360006,
24.13014,-2.864000111,34.36800133,
24.14968,-2.858000069,34.29600082,
24.17022,-2.855000048,34.26000057,
24.19069,-2.853999882,34.24799858,
24.21116,-2.858999996,34.30799995,
24.23604,-2.843999891,34.1279987,
24.25655,-2.838000088,34.05600105,
24.27671,-2.835999994,34.03199993,
24.29766,-2.835999994,34.03199993,
24.31774,-2.839000015,34.06800018,
24.33853,-2.839000015,34.06800018,
24.35869,-2.841000109,34.0920013,
24.37905,-2.845999985,34.15199982,
24.39956,-2.853999882,34.24799858,
24.42411,-2.859999924,34.31999908,
24.44501,-2.848000078,34.17600094,
24.46517,-2.839999943,34.07999931,
24.48565,-2.839000015,34.06800018,
24.50603,-2.838000088,34.05600105,
24.52667,-2.843999891,34.1279987,
24.54744,-2.841000109,34.0920013,
24.56755,-2.842000036,34.10400043,
24.58829,-2.843999891,34.1279987,
24.61265,-2.851000099,34.21200119,
24.63301,-2.858000069,34.29600082,
24.65399,-2.848000078,34.17600094,
24.67395,-2.843999891,34.1279987,
24.69518,-2.843999891,34.1279987,
24.71494,-2.846999912,34.16399895,
24.73548,-2.852999954,34.23599945,
24.75617,-2.852000027,34.22400032,
24.78048,-2.855000048,34.26000057,
24.80097,-2.859999924,34.31999908,
24.82148,-2.865999966,34.39199959,
24.84205,-2.874000101,34.48800121,
24.86286,-2.865999966,34.39199959,
24.88355,-2.864000111,34.36800133,
24.90339,-2.86100009,34.33200108,
24.92379,-2.862999945,34.35599934,
24.94447,-2.865999966,34.39199959,
24.96973,-2.849999933,34.1999992,
24.98957,-2.842000036,34.10400043,
25.00988,-2.833999901,34.00799881,
25.0303,-2.832999973,33.99599968,
25.05089,-2.835999994,34.03199993,
25.07179,-2.828000097,33.93600117,
25.0926,-2.826999931,33.92399918,
25.11276,-2.832000046,33.98400055,
25.13279,-2.836999922,34.04399906,
25.15746,-2.845000057,34.14000069,
25.17834,-2.832999973,33.99599968,
25.1983,-2.832000046,33.98400055,
25.21863,-2.831000118,33.97200142,
25.23922,-2.832999973,33.99599968,
25.25989,-2.839999943,34.07999931,
25.28062,-2.836999922,34.04399906,
25.30069,-2.842000036,34.10400043,
25.32516,-2.845999985,34.15199982,
25.34565,-2.852000027,34.22400032,
25.36679,-2.855999975,34.2719997,
25.38705,-2.845000057,34.14000069,
25.40718,-2.839999943,34.07999931,
25.42797,-2.839000015,34.06800018,
25.44821,-2.839000015,34.06800018,
25.46955,-2.842999964,34.11599957,
25.49018,-2.838000088,34.05600105,
25.51354,-2.839000015,34.06800018,
25.53398,-2.842999964,34.11599957,
25.55459,-2.849000006,34.18800007,
25.57514,-2.852000027,34.22400032,
25.59588,-2.842999964,34.11599957,
25.61608,-2.842000036,34.10400043,
25.63645,-2.841000109,34.0920013,
25.65774,-2.845000057,34.14000069,
25.67762,-2.849999933,34.1999992,
25.70326,-2.835999994,34.03199993,
25.72251,-2.829000025,33.9480003,
25.74309,-2.828000097,33.93600117,
25.76357,-2.828000097,33.93600117,
25.78409,-2.831000118,33.97200142,
25.80532,-2.826000004,33.91200005,
25.8249,-2.828000097,33.93600117,
25.84534,-2.832999973,33.99599968,
25.86995,-2.836999922,34.04399906,
25.89055,-2.845000057,34.14000069,
25.91159,-2.835000067,34.0200008,
25.93147,-2.832999973,33.99599968,
25.95207,-2.832000046,33.98400055,
25.97248,-2.832999973,33.99599968,
25.99312,-2.838000088,34.05600105,
26.01403,-2.835000067,34.0200008,
26.03378,-2.835999994,34.03199993,
26.0589,-2.832999973,33.99599968,
26.079,-2.843999891,34.1279987,
26.09958,-2.825000076,33.90000092,
26.12031,-2.816999941,33.80399929,
26.14052,-2.815000086,33.78000103,
26.1611,-2.819000034,33.82800041,
26.18223,-2.825000076,33.90000092,
26.20177,-2.832999973,33.99599968,
26.22297,-2.835999994,34.03199993,
26.24715,-2.839999943,34.07999931,
26.26725,-2.845000057,34.14000069,
26.2879,-2.849999933,34.1999992,
26.30867,-2.855000048,34.26000057,
26.32941,-2.845000057,34.14000069,
26.34929,-2.839999943,34.07999931,
26.3697,-2.839999943,34.07999931,
26.39022,-2.842999964,34.11599957,
26.41468,-2.848000078,34.17600094,
26.43545,-2.833999901,34.00799881,
26.45578,-2.825000076,33.90000092,
26.47623,-2.822000055,33.86400066,
26.49704,-2.819999962,33.83999954,
26.51756,-2.819999962,33.83999954,
26.53834,-2.818000107,33.81600128,
26.55807,-2.818000107,33.81600128,
26.57858,-2.822999983,33.87599979,
26.60307,-2.826999931,33.92399918,
26.62369,-2.833999901,34.00799881,
26.6445,-2.819999962,33.83999954,
26.66463,-2.815000086,33.78000103,
26.68512,-2.812999992,33.75599991,
26.70567,-2.81399992,33.76799904,
26.72608,-2.819000034,33.82800041,
26.74678,-2.815000086,33.78000103,
26.76696,-2.816000013,33.79200016,
26.79155,-2.819000034,33.82800041,
26.81199,-2.828000097,33.93600117,
26.83247,-2.832999973,33.99599968,
26.85339,-2.822000055,33.86400066,
26.87356,-2.818000107,33.81600128,
26.89403,-2.819000034,33.82800041,
26.91449,-2.822000055,33.86400066,
26.93507,-2.826000004,33.91200005,
26.95588,-2.828000097,33.93600117,
26.97986,-2.831000118,33.97200142,
27.00048,-2.836999922,34.04399906,
27.02092,-2.842000036,34.10400043,
27.04158,-2.845999985,34.15199982,
27.06242,-2.835999994,34.03199993,
27.08246,-2.835000067,34.0200008,
27.10282,-2.835999994,34.03199993,
27.12423,-2.842000036,34.10400043,
27.14822,-2.849000006,34.18800007,
27.16881,-2.835000067,34.0200008,
27.18889,-2.829999952,33.95999943,
27.20941,-2.829000025,33.9480003,
27.22993,-2.829999952,33.95999943,
27.25044,-2.833999901,34.00799881,
27.27103,-2.832000046,33.98400055,
27.29132,-2.833999901,34.00799881,
27.31259,-2.839999943,34.07999931,
27.33618,-2.846999912,34.16399895,
27.35677,-2.852999954,34.23599945,
27.3784,-2.842999964,34.11599957,
27.39766,-2.836999922,34.04399906,
27.41854,-2.838000088,34.05600105,
27.43877,-2.843999891,34.1279987,
27.45935,-2.851000099,34.21200119,
27.48018,-2.852000027,34.22400032,
27.50026,-2.858000069,34.29600082,
27.52494,-2.868000059,34.41600071,
27.54522,-2.876999884,34.5239986,
27.56603,-2.885000019,34.62000023,
27.58722,-2.881999998,34.58399998,
27.60705,-2.882999926,34.59599911,
27.62723,-2.885999947,34.63199936,
27.64762,-2.895999937,34.75199924,
27.66847,-2.908999949,34.90799938,
27.69329,-2.899999886,34.79999863,
27.71305,-2.899999886,34.79999863,
27.73361,-2.901000051,34.81200062,
27.75407,-2.905999928,34.87199913,
27.77468,-2.912999897,34.95599876,
27.79562,-2.914000063,34.96800076,
27.81551,-2.921000032,35.05200039,
27.836,-2.927000074,35.12400089,
27.85659,-2.895999937,34.75199924,
27.88137,-2.905999928,34.87199913,
27.90237,-2.898999958,34.7879995,
27.92199,-2.898999958,34.7879995,
27.94245,-2.898000031,34.77600037,
27.9631,-2.901999979,34.82399975,
27.98353,-2.908999949,34.90799938,
28.00453,-2.908999949,34.90799938,
28.02443,-2.915999918,34.99199902,
28.0453,-2.92199996,35.06399952,
28.06948,-2.930000095,35.16000114,
28.08995,-2.941000013,35.29200016,
28.11083,-2.933000116,35.1960014,
28.13085,-2.930000095,35.16000114,
28.15163,-2.931000023,35.17200027,
28.17202,-2.935999899,35.23199879,
28.19245,-2.941999941,35.30399929,
28.21323,-2.943000107,35.31600128,
28.23766,-2.94899991,35.38799892,
28.25775,-2.957000046,35.48400055,
28.27842,-2.964000015,35.56800018,
28.29885,-2.970000057,35.64000069,
28.31982,-2.960999994,35.53199993,
28.33967,-2.960000067,35.5200008,
28.3603,-2.960999994,35.53199993,
28.38076,-2.966000109,35.5920013,
28.40135,-2.970999985,35.65199982,
28.42605,-2.954999952,35.45999943,
28.44628,-2.94899991,35.38799892,
28.46671,-2.943000107,35.31600128,
28.48717,-2.93899992,35.26799904,
28.50776,-2.940000086,35.28000103,
28.52861,-2.934999971,35.21999966,
28.54873,-2.934000044,35.20800053,
28.56921,-2.937000065,35.24400078,
28.59585,-2.941999941,35.30399929,
28.62552,-2.947999983,35.37599979,
28.63525,-2.935999899,35.23199879,
28.65518,-2.918000011,35.01600014,
28.67556,-2.888999968,34.66799961,
28.69605,-2.868999987,34.42799984,
28.71665,-2.846999912,34.16399895,
28.73717,-2.828000097,33.93600117,
28.75803,-2.789000063,33.46800076,
28.78207,-2.763999968,33.16799961,
28.803,-2.751999884,33.0239986,
28.82317,-2.772000103,33.26400124,
28.84351,-2.793999939,33.52799927,
28.86517,-2.797999887,33.57599865,
28.88451,-2.809000044,33.70800053,
28.90499,-2.820999889,33.85199867,
28.92568,-2.835000067,34.0200008,
28.94603,-2.849000006,34.18800007,
28.97097,-2.845000057,34.14000069,
28.99102,-2.848000078,34.17600094,
29.01159,-2.852999954,34.23599945,
29.03194,-2.86100009,34.33200108,
29.05239,-2.872999935,34.47599922,
29.07421,-2.875000029,34.50000034,
29.09351,-2.878999977,34.54799973,
29.11384,-2.888999968,34.66799961,
29.13448,-2.899999886,34.79999863,
29.15924,-2.912999897,34.95599876,
29.17989,-2.904000072,34.84800087,
29.19989,-2.901000051,34.81200062,
29.22031,-2.902999907,34.83599888,
29.24089,-2.908000021,34.89600025,
29.26125,-2.912999897,34.95599876,
29.28257,-2.911000042,34.9320005,
29.30238,-2.915999918,34.99199902,
29.32678,-2.921000032,35.05200039,
29.3474,-2.928000002,35.13600002,
29.36813,-2.937000065,35.24400078,
29.38874,-2.928999929,35.14799915,
29.40893,-2.925999908,35.1119989,
29.42967,-2.924999981,35.09999977,
29.44978,-2.927000074,35.12400089,
29.47029,-2.934000044,35.20800053,
29.49108,-2.933000116,35.1960014,
29.51587,-2.935999899,35.23199879,
29.53615,-2.93899992,35.26799904,
29.55627,-2.944999962,35.33999954,
29.57666,-2.951000004,35.41200005,
29.59811,-2.941000013,35.29200016,
29.61758,-2.937999992,35.25599991,
29.63816,-2.934999971,35.21999966,
29.65885,-2.940000086,35.28000103,
29.67922,-2.944999962,35.33999954,
29.70463,-2.930000095,35.16000114,
29.72471,-2.92199996,35.06399952,
29.74512,-2.915999918,34.99199902,
29.76517,-2.914000063,34.96800076,
29.78561,-2.91499999,34.97999989,
29.80661,-2.910000114,34.92000137,
29.82667,-2.911999969,34.94399963,
29.84716,-2.915999918,34.99199902,
29.8676,-2.92199996,35.06399952,
29.89207,-2.931000023,35.17200027,
29.91301,-2.920000105,35.04000126,
29.93303,-2.917000084,35.00400101,
29.9535,-2.914000063,34.96800076,
29.97431,-2.915999918,34.99199902,
29.99436,-2.920000105,35.04000126,
30.01541,-2.918999939,35.02799927,
30.03594,-2.922999887,35.07599865,
30.0599,-2.927000074,35.12400089,
30.08064,-2.930000095,35.16000114,
30.10106,-2.937000065,35.24400078,
30.12177,-2.925999908,35.1119989,
30.14199,-2.924999981,35.09999977,
30.16253,-2.925999908,35.1119989,
30.18309,-2.928999929,35.14799915,
30.20342,-2.934000044,35.20800053,
30.22446,-2.935999899,35.23199879,
30.24836,-2.941000013,35.29200016,
30.26896,-2.94899991,35.38799892,
30.28999,-2.954000025,35.4480003,
30.30988,-2.957000046,35.48400055,
30.33068,-2.947999983,35.37599979,
30.35085,-2.944999962,35.33999954,
30.37129,-2.944000034,35.32800041,
30.39199,-2.947000055,35.36400066,
30.4124,-2.953000097,35.43600117,
30.4381,-2.934999971,35.21999966,
30.4574,-2.927000074,35.12400089,
30.47788,-2.921000032,35.05200039,
30.49903,-2.917000084,35.00400101,
30.51886,-2.918000011,35.01600014,
30.53957,-2.918000011,35.01600014,
30.55965,-2.920000105,35.04000126,
30.58023,-2.924000053,35.08800064,
30.60542,-2.933000116,35.1960014,
30.62526,-2.937000065,35.24400078,
30.6462,-2.927000074,35.12400089,
30.66618,-2.92199996,35.06399952,
30.68697,-2.920000105,35.04000126,
30.70726,-2.92199996,35.06399952,
30.72766,-2.927000074,35.12400089,
30.74929,-2.924999981,35.09999977,
30.76868,-2.928000002,35.13600002,
30.79312,-2.934000044,35.20800053,
30.81366,-2.941000013,35.29200016,
30.83421,-2.945999889,35.35199867,
30.85533,-2.937000065,35.24400078,
30.87519,-2.931000023,35.17200027,
30.89573,-2.93199995,35.1839994,
30.91655,-2.934999971,35.21999966,
30.93678,-2.941000013,35.29200016,
30.95752,-2.941999941,35.30399929,
30.98162,-2.943000107,35.31600128,
31.0021,-2.945999889,35.35199867,
31.02267,-2.953000097,35.43600117,
31.04295,-2.954999952,35.45999943,
31.06383,-2.945999889,35.35199867,
31.08401,-2.941999941,35.30399929,
31.10449,-2.944999962,35.33999954,
31.12496,-2.950000076,35.40000092,
31.14969,-2.954999952,35.45999943,
31.17047,-2.941000013,35.29200016,
31.19055,-2.934999971,35.21999966,
31.21106,-2.928999929,35.14799915,
31.23154,-2.927000074,35.12400089,
31.25196,-2.928999929,35.14799915,
31.2729,-2.925999908,35.1119989,
31.29317,-2.925999908,35.1119989,
31.31348,-2.930000095,35.16000114,
31.33794,-2.934000044,35.20800053,
31.35838,-2.941999941,35.30399929,
31.37936,-2.928000002,35.13600002,
31.3994,-2.92199996,35.06399952,
31.41983,-2.918999939,35.02799927,
31.4403,-2.92199996,35.06399952,
31.46077,-2.924000053,35.08800064,
31.48183,-2.920000105,35.04000126,
31.50175,-2.92199996,35.06399952,
31.52636,-2.925999908,35.1119989,
31.54679,-2.933000116,35.1960014,
31.56728,-2.940000086,35.28000103,
31.58823,-2.931000023,35.17200027,
31.6083,-2.93199995,35.1839994,
31.62868,-2.931000023,35.17200027,
31.64978,-2.935999899,35.23199879,
31.6697,-2.944999962,35.33999954,
31.69465,-2.931000023,35.17200027,
31.71489,-2.921000032,35.05200039,
31.73594,-2.914000063,34.96800076,
31.7558,-2.911000042,34.9320005,
31.77635,-2.910000114,34.92000137,
31.79768,-2.905999928,34.87199913,
31.81722,-2.908000021,34.89600025,
31.83789,-2.911000042,34.9320005,
31.85868,-2.917000084,35.00400101,
31.88262,-2.924999981,35.09999977,
31.90363,-2.914000063,34.96800076,
31.92367,-2.908000021,34.89600025,
31.94414,-2.904000072,34.84800087,
31.9647,-2.905999928,34.87199913,
31.98523,-2.911000042,34.9320005,
32.00593,-2.908999949,34.90799938,
32.02645,-2.912999897,34.95599876,
32.04651,-2.92199996,35.06399952,
32.07117,-2.928000002,35.13600002,
32.0916,-2.933000116,35.1960014,
32.11245,-2.920000105,35.04000126,
32.13268,-2.912999897,34.95599876,
32.15325,-2.908999949,34.90799938,
32.17367,-2.912999897,34.95599876,
32.19458,-2.918999939,35.02799927,
32.21487,-2.918999939,35.02799927,
32.23493,-2.92199996,35.06399952,
32.25948,-2.928000002,35.13600002,
32.28006,-2.934999971,35.21999966,
32.30044,-2.93899992,35.26799904,
32.32153,-2.928000002,35.13600002,
32.34139,-2.921000032,35.05200039,
32.36189,-2.921000032,35.05200039,
32.3828,-2.924000053,35.08800064,
32.40338,-2.928000002,35.13600002,
32.42863,-2.634000092,31.6080011,
32.44782,-2.364000111,28.36800133,
32.46845,-2.116999893,25.40399872,
32.48908,-1.900000005,22.80000006,
32.51355,-1.704000025,20.4480003,
32.52987,-1.531000047,18.37200056,
32.55026,-1.373000054,16.47600065,
32.57082,-1.232000022,14.78400026,
32.59191,-1.107000022,13.28400026,
32.61631,-0.993999987,11.92799984,
32.63633,-0.890000014,10.68000017,
32.65697,-0.79700002,9.564000235,
32.67723,-0.713000028,8.556000338,
32.69785,-0.639000027,7.668000326,
32.71835,-0.572999983,6.875999794,
32.73915,-0.511999993,6.14399992,
32.75926,-0.455999999,5.471999989,
32.77967,-0.405999987,4.871999846,
32.8043,-0.361999987,4.343999848,
32.8248,-0.321999996,3.863999949,
32.8452,-0.286999999,3.443999991,
32.86604,-0.254999994,3.059999928,
32.88637,-0.226999997,2.723999963,
32.90675,-0.202000006,2.42400007,
32.92709,-0.178000002,2.136000023,
32.94761,-0.157000004,1.884000049,
32.97218,-0.138000003,1.656000034,
32.99273,-0.122,1.464000002,
33.01326,-0.105000003,1.260000036,
33.03363,-0.089999999,1.079999984,
33.05419,-0.078,0.936000005,
33.0746,-0.067999999,0.815999985,
33.09501,-0.058000001,0.69600001,
33.11583,-0.048999999,0,
33.13604,-0.042,0,
33.16074,-0.035,0,
33.18123,-0.029,0,
33.20164,-0.022,0,
33.22226,-0.015,0,
33.24253,-0.009,0,
33.26301,-0.005,0,
33.28356,-0.001000001,0,
33.30384,0.002000002,0,
33.32449,0.005,0,
33.349,0.009999999,0,
33.36943,0.014,0,
33.38991,0.016,0,
33.4104,0.018999999,0,
33.43116,0.020000001,0,
33.45139,0.022000001,0,
33.47183,0.022000001,0,
33.49238,0.024000001,0,
33.51282,0.025,0,
33.53748,0.027,0,
33.55783,0.029,0,
33.57832,0.029999999,0,
33.59891,0.029999999,0,
33.6194,0.031000001,0,
33.63977,0.031000001,0,
33.66038,0.031000001,0,
33.68081,0.031000001,0,
33.70125,0.031999999,0,
33.72175,0.031999999,0,
33.74636,0.034000003,0,
33.76698,0.034000003,0,
33.78746,0.034000003,0,
33.80831,0.034000003,0,
33.8284,0.033000001,0,
33.84876,0.034000003,0,
33.86958,0.031999999,0,
33.88966,0.031999999,0,
33.91006,0.031999999,0,
33.93458,0.033000001,0,
33.95549,0.033000001,0,
33.97561,0.034000003,0,
33.99681,0.033000001,0,
34.0167,0.034000003,0,
34.03709,0.033000001,0,
34.05762,0.031000001,0,
34.07805,0.031000001,0,
34.09855,0.031000001,0,
34.12307,0.029,0,
34.14367,0.027999998,0,
34.16447,0.027999998,0,
34.18463,0.027,0,
34.20524,0.027,0,
34.22559,0.027,0,
34.24601,0.027,0,
34.2665,0.027,0,
34.28691,0.026000002,0,
34.3115,0.027,0,
34.33209,0.026000002,0,
34.35247,0.027999998,0,
34.37305,0.027,0,
34.39352,0.026000002,0,
34.41389,0.026000002,0,
34.43443,0.026000002,0,
34.45547,0.026000002,0,
34.47563,0.027999998,0,
34.49991,0.027999998,0,
34.52044,0.027999998,0,
34.54094,0.027999998,0,
34.56202,0.029,0,
34.58198,0.029999999,0,
34.60236,0.031999999,0,
34.62315,0.031000001,0,
34.64318,0.031000001,0,
34.66376,0.029,0,
34.68861,0.031999999,0,
34.70886,0.033000001,0,
34.72993,0.034000003,0,
34.74997,0.034000003,0,
34.7702,0.034000003,0,
34.79097,0.033000001,0,
34.81133,0.033000001,0,
34.83181,0.031999999,0,
34.85215,0.033000001,0,
34.87673,0.033000001,0,
34.89731,0.033000001,0,
34.9179,0.031999999,0,
34.93835,0.031999999,0,
34.95874,0.031000001,0,
34.97921,0.029999999,0,
34.99997,0.033000001,0,
35.02014,0.033000001,0,
35.04061,0.034000003,0,
35.0652,0.034999998,0,
35.08564,0.033000001,0,
35.10632,0.033000001,0,
35.12666,0.031999999,0,
35.14709,0.033000001,0,
35.1678,0.033000001,0,
35.18812,0.034999998,0,
35.20916,0.034999998,0,
35.22926,0.034999998,0,
35.25444,0.034999998,0,
35.2748,0.034000003,0,
35.29466,0.034000003,0,
35.31524,0.034000003,0,
35.33557,0.034000003,0,
35.35602,0.034999998,0,
35.37647,0.034000003,0,
35.39684,0.033000001,0,
35.41744,0.034000003,0,
35.44202,0.034000003,0,
35.46257,0.034999998,0,
35.48298,0.033000001,0,
35.50422,0.031999999,0,
35.52476,0.031000001,0,
35.54533,0.031999999,0,
35.56553,0.034000003,0,
35.5861,0.033000001,0,
35.60814,0.034000003,0,
35.63575,0.034999998,0,
35.65576,0.034000003,0,
35.67597,0.034000003,0,
35.69265,0.033000001,0,
35.71716,0.033000001,0,
35.73294,0.034000003,0,
35.75333,0.033000001,0,
35.77401,0.034000003,0,
35.79435,0.031999999,0,
35.81575,0.033000001,0,
35.84535,0.034000003,0,
35.86498,0.033000001,0,
35.8862,0.033000001,0,
35.90547,0.031000001,0,
35.9259,0.033000001,0,
35.94423,0.034000003,0,
35.96295,0.034999998,0,
35.9835,0.033000001,0,
36.00393,0.031999999,0,
36.02854,0.031000001,0,
36.04911,0.031000001,0,
36.06939,0.033000001,0,
36.08999,0.031999999,0,
36.11088,0.033000001,0,
36.13149,0.033000001,0,
36.15153,0.031999999,0,
36.17199,0.033000001,0,
36.19267,0.033000001,0,
36.21724,0.031999999,0,
36.23856,0.031999999,0,
36.25872,0.031999999,0,
36.27914,0.029,0,
36.29907,0.029999999,0,
36.31951,0.029,0,
36.33986,0.027999998,0,
36.36056,0.026000002,0,
36.38075,0.026000002,0,
36.40541,0.027,0,
36.42627,0.029,0,
36.44792,0.031000001,0,
36.46718,0.029999999,0,
36.48735,0.029,0,
36.50698,0.029,0,
36.52757,0.027999998,0,
36.54867,0.027,0,
36.57024,0.026000002,0,
36.59401,0.027,0,
36.61354,0.026000002,0,
36.63395,0.027999998,0,
36.65571,0.027999998,0,
36.67571,0.029,0,
36.69696,0.029999999,0,
36.71807,0.029,0,
36.73802,0.027,0,
36.75684,0.026000002,0,
36.78138,0.027999998,0,
36.80258,0.027999998,0,
36.82241,0.027999998,0,
36.84298,0.029,0,
36.86376,0.029,0,
36.8838,0.027999998,0,
36.90506,0.027,0,
36.92522,0.027999998,0,
36.94623,0.029,0,
36.97129,0.029,0,
36.99228,0.029999999,0,
37.01248,0.029999999,0,
37.03204,0.029,0,
37.05226,0.029,0,
37.07233,0.031000001,0,
37.09326,0.029999999,0,
37.11398,0.029999999,0,
37.13498,0.029999999,0,
37.15509,0.029999999,0,
37.17967,0.027,0,
37.19995,0.029,0,
37.22036,0.031000001,0,
37.24087,0.033000001,0,
37.26144,0.031999999,0,
37.28356,0.031000001,0,
37.30413,0.029,0,
37.3244,0.031000001,0,
37.34351,0.031999999,0,
37.3689,0.031999999,0,
37.3876,0.031999999,0,
37.40856,0.033000001,0,
37.42864,0.033000001,0,
37.44992,0.033000001,0,
37.47096,0.029999999,0,
37.49118,0.029999999,0,
37.51353,0.031000001,0,
37.53228,0.031999999,0,
37.55646,0.031000001,0,
37.58142,0.031000001,0,
37.59679,0.029999999,0,
37.62139,0.029,0,
37.6376,0.027999998,0,
37.65816,0.027,0,
37.67895,0.027999998,0,
37.69887,0.027999998,0,
37.71961,0.027999998,0,
37.74422,0.029,0,
37.76453,0.029999999,0,
37.78484,0.029,0,
37.80553,0.029,0,
37.826,0.029999999,0,
37.8471,0.029,0,
37.86695,0.029,0,
37.8875,0.029999999,0,
37.90806,0.031000001,0,
37.93238,0.031000001,0,
37.95276,0.029999999,0,
37.97397,0.027999998,0,
37.99382,0.027,0,
38.01421,0.027,0,
38.03466,0.026000002,0,
38.05522,0.026000002,0,
38.0758,0.026000002,0,
38.09663,0.027,0,
38.12074,0.029999999,0,
38.14127,0.029999999,0,
38.16199,0.029,0,
38.18232,0.029999999,0,
38.20268,0.031000001,0,
38.22337,0.031000001,0,
38.24386,0.029999999,0,
38.26438,0.031000001,0,
38.2849,0.029999999,0,
38.30922,0.027999998,0,
38.32964,0.026000002,0,
38.37476,0.027,0,
38.38142,0.027,0,
38.39312,0.025,0,
38.41285,0.024000001,0,
38.43422,0.024000001,0,
38.45443,0.025,0,
38.47712,0.024000001,0,
38.49699,0.025,0,
38.52299,0.026000002,0,
38.55109,0.027,0,
38.56023,0.026000002,0,
38.5797,0.025,0,
38.60101,0.024000001,0,
38.62178,0.024000001,0,
38.64218,0.025,0,
38.66153,0.024000001,0,
38.68207,0.022999999,0,
38.70668,0.025,0,
38.72742,0.026000002,0,
38.74754,0.025,0,
38.76822,0.024000001,0,
38.78849,0.025,0,
38.80902,0.026000002,0,
38.82996,0.022999999,0,
38.84992,0.025,0,
38.87037,0.024000001,0,
38.89494,0.022999999,0,
38.91552,0.024000001,0,
38.93587,0.024000001,0,
38.95639,0.022999999,0,
38.97696,0.022999999,0,
38.99754,0.022999999,0,
39.01876,0.020999999,0,
39.04476,0.022000001,0,
39.06433,0.022999999,0,
39.08792,0.024000001,0,
39.10471,0.024000001,0,
39.12603,0.025,0,
39.14561,0.025,0,
39.16558,0.024000001,0,
39.18697,0.022999999,0,
39.20646,0.022000001,0,
39.22762,0.022000001,0,
39.24778,0.018999999,0,
39.27272,0.020999999,0,
39.29368,0.020999999,0,
39.31419,0.020999999,0,
39.33414,0.022000001,0,
39.35492,0.022000001,0,
39.37555,0.020999999,0,
39.39535,0.018999999,0,
39.41609,0.018,0,
39.44145,0.018,0,
39.46139,0.020000001,0,
39.48372,0.020999999,0,
39.50399,0.018999999,0,
39.52379,0.020000001,0,
39.5449,0.020000001,0,
39.56463,0.020999999,0,
39.58308,0.020000001,0,
39.60356,0.018999999,0,
39.62414,0.016999998,0,
39.64928,0.016999998,0,
39.67107,0.018999999,0,
39.69001,0.020999999,0,
39.71167,0.022000001,0,
39.73054,0.022999999,0,
39.75101,0.022999999,0,
39.77154,0.022000001,0,
39.79256,0.022999999,0,
39.81522,0.022999999,0,
39.83305,0.022999999,0,
39.85753,0.022999999,0,
39.87841,0.022999999,0,
39.89912,0.022999999,0,
39.92139,0.022000001,0,
39.94013,0.020000001,0,
39.96064,0.020999999,0,
39.98096,0.020999999,0,
40.00178,0.020999999,0,
40.02213,0.020999999,0,
40.04741,0.022000001,0,
40.06876,0.022999999,0,
40.08751,0.022000001,0,
40.10802,0.022999999,0,
40.12797,0.024000001,0,
40.1485,0.022999999,0,
40.16893,0.022000001,0,
40.18942,0.022999999,0,
40.20971,0.022000001,0,
40.23428,0.020999999,0,
40.25517,0.020999999,0,
40.27521,0.020999999,0,
40.33361,0.020000001,0,
40.33819,0.020999999,0,
40.34082,0.020000001,0,
40.35745,0.020999999,0,
40.40122,0.022000001,0,
40.41318,0.022000001,0,
40.42725,0.022999999,0,
40.4451,0.025,0,
40.47552,0.022999999,0,
40.48836,0.022000001,0,
40.50998,0.020000001,0,
40.52629,0.020000001,0,
40.54587,0.020999999,0,
40.56681,0.020999999,0,
40.58709,0.020000001,0,
40.61111,0.022000001,0,
40.63159,0.020999999,0,
40.65271,0.022000001,0,
40.67254,0.020999999,0,
40.69306,0.020999999,0,
40.71364,0.020999999,0,
40.73411,0.020999999,0,
40.75466,0.020000001,0,
40.77493,0.020000001,0,
40.79946,0.020999999,0,
40.81993,0.022000001,0,
40.84078,0.022999999,0,
40.86179,0.022000001,0,
40.88387,0.022000001,0,
40.90555,0.022000001,0,
40.92512,0.022999999,0,
40.94359,0.024000001,0,
40.9642,0.022999999,0,
40.98862,0.025,0,
41.01094,0.027999998,0,
41.02917,0.027999998,0,
41.05188,0.029,0,
41.06997,0.029999999,0,
41.09042,0.029999999,0,
41.11169,0.029,0,
41.13134,0.029999999,0,
41.15248,0.029999999,0,
41.17299,0.029,0,
41.1971,0.029999999,0,
41.21766,0.029999999,0,
41.23793,0.031000001,0,
41.25842,0.029999999,0,
41.27958,0.029999999,0,
41.29927,0.029999999,0,
41.31999,0.029,0,
41.3403,0.027,0,
41.36066,0.026000002,0,
41.38517,0.027,0,
41.40575,0.029,0,
41.42626,0.029,0,
41.45618,0.027999998,0,
41.47219,0.027999998,0,
41.48812,0.027999998,0,
41.50941,0.026000002,0,
41.52972,0.026000002,0,
41.5494,0.026000002,0,
41.575,0.027,0,
41.59501,0.027999998,0,
41.61521,0.029,0,
41.63536,0.029999999,0,
41.65692,0.029999999,0,
41.67764,0.031000001,0,
41.69746,0.031999999,0,
41.71773,0.031000001,0,
41.73766,0.031000001,0,
41.76231,0.031999999,0,
41.78269,0.033000001,0,
41.80326,0.031999999,0,
41.82366,0.033000001,0,
41.84414,0.033000001,0,
41.86465,0.034999998,0,
41.88504,0.034999998,0,
41.90559,0.036,0,
41.92589,0.036,0,
41.95057,0.034000003,0,
41.971,0.034000003,0,
41.99161,0.034000003,0,
42.01211,0.033000001,0,
42.03236,0.031999999,0,
42.05292,0.031999999,0,
42.0733,0.031999999,0,
42.09394,0.033000001,0,
42.11448,0.031999999,0,
42.13909,0.034000003,0,
42.1596,0.034000003,0,
42.17984,0.033000001,0,
42.20053,0.033000001,0,
42.22095,0.034000003,0,
42.24127,0.034000003,0,
42.26206,0.036,0,
42.28233,0.036,0,
42.30325,0.034000003,0,
42.32746,0.034999998,0,
42.3478,0.034000003,0,
42.36852,0.034000003,0,
42.38874,0.034999998,0,
42.4093,0.034999998,0,
42.42976,0.031999999,0,
42.4502,0.031000001,0,
42.47071,0.033000001,0,
42.4912,0.031999999,0,
42.51565,0.031999999,0,
42.53643,0.033000001,0,
42.55664,0.034000003,0,
42.57713,0.034999998,0,
42.59771,0.036,0,
42.61815,0.037000002,0,
42.63863,0.037000002,0,
42.6591,0.037000002,0,
42.67979,0.038000004,0,
42.70007,0.037000002,0,
42.7246,0.037000002,0,
42.74508,0.038000004,0,
42.76549,0.038999998,0,
42.78609,0.038000004,0,
42.80785,0.036,0,
42.82713,0.034999998,0,
42.84875,0.034000003,0,
42.86819,0.034000003,0,
42.88855,0.033000001,0,
42.91305,0.034999998,0,
42.93365,0.034999998,0,
42.95432,0.034000003,0,
42.9747,0.034999998,0,
42.99506,0.036,0,
43.01542,0.036,0,
43.0368,0.036,0,
43.05648,0.034999998,0,
43.07682,0.034000003,0,
43.10137,0.034000003,0,
43.12192,0.034000003,0,
43.14235,0.036,0,
43.16296,0.036,0,
43.18337,0.034999998,0,
43.20395,0.034999998,0,
43.22443,0.036,0,
43.24485,0.034999998,0,
43.26541,0.034999998,0,
43.29,0.034000003,0,
43.3105,0.036,0,
43.33071,0.036,0,
43.35136,0.036,0,
43.37181,0.037000002,0,
43.39217,0.038000004,0,
43.41284,0.037000002,0,
43.43316,0.034999998,0,
43.4537,0.036,0,
43.47829,0.036,0,
43.4993,0.034999998,0,
43.51946,0.034000003,0,
43.53969,0.034999998,0,
43.56015,0.034999998,0,
43.58136,0.034000003,0,
43.60145,0.031999999,0,
43.62183,0.034000003,0,
43.64476,0.031999999,0,
43.66672,0.033000001,0,
43.68772,0.033000001,0,
43.7084,0.033000001,0,
43.72821,0.033000001,0,
43.74859,0.031000001,0,
43.76902,0.029999999,0,
43.78979,0.029,0,
43.81014,0.029999999,0,
43.83055,0.029999999,0,
43.85513,0.031999999,0,
43.87638,0.031999999,0,
43.89619,0.031999999,0,
43.91659,0.034999998,0,
43.93715,0.033000001,0,
43.9575,0.031000001,0,
43.97815,0.029999999,0,
43.99862,0.027999998,0,
44.01897,0.029,0,
44.04348,0.029,0,
44.064,0.029,0,
44.08456,0.027,0,
44.10519,0.025,0,
44.12556,0.022999999,0,
44.1461,0.024000001,0,
44.16652,0.022999999,0,
44.18703,0.022000001,0,
44.20752,0.020000001,0,
44.23191,0.020000001,0,
44.25241,0.020000001,0,
44.27289,0.020999999,0,
44.29332,0.022000001,0,
44.31393,0.022999999,0,
44.33511,0.024000001,0,
44.35476,0.024000001,0,
44.37526,0.022999999,0,
44.39576,0.026000002,0,
44.42053,0.025,0,
44.44083,0.025,0,
44.46133,0.026000002,0,
44.48196,0.027,0,
44.50227,0.027,0,
44.52284,0.027999998,0,
44.54327,0.029,0,
44.56377,0.029,0,
44.58429,0.027,0,
44.60878,0.029999999,0,
44.6294,0.031000001,0,
44.64977,0.034000003,0,
44.67088,0.033000001,0,
44.69055,0.031000001,0,
44.71128,0.029,0,
44.73264,0.027,0,
44.75232,0.026000002,0,
44.77261,0.026000002,0,
44.79718,0.026000002,0,
44.81757,0.027,0,
44.83852,0.025,0,
44.85867,0.024000001,0,
44.87927,0.022999999,0,
44.89964,0.022999999,0,
44.92015,0.022999999,0,
44.94062,0.022000001,0,
44.9611,0.020999999,0,
44.98153,0.020999999,0,
45.0061,0.020000001,0,
45.02652,0.020000001,0,
45.04714,0.020999999,0,
45.06752,0.020000001,0,
45.08797,0.020999999,0,
45.10855,0.020000001,0,
45.12897,0.020999999,0,
45.14953,0.022999999,0,
45.16996,0.025,0,
45.1945,0.025,0,
45.21543,0.024000001,0,
45.23545,0.025,0,
45.25604,0.025,0,
45.27636,0.024000001,0,
45.29687,0.025,0,
45.3181,0.025,0,
45.33837,0.027,0,
45.35843,0.027,0,
45.38275,0.027999998,0,
45.40344,0.027999998,0,
45.4239,0.027,0,
45.44435,0.027,0,
45.4649,0.027999998,0,
45.48529,0.027999998,0,
45.5057,0.027999998,0,
45.52623,0.027,0,
45.54673,0.027999998,0,
45.57123,0.027999998,0,
45.59178,0.027999998,0,
45.61221,0.029,0,
45.63267,0.029,0,
45.65323,0.029,0,
45.67378,0.031000001,0,
45.69414,0.031999999,0,
45.71461,0.029999999,0,
45.73506,0.027999998,0,
45.75964,0.029,0,
45.78034,0.029999999,0,
45.80076,0.031999999,0,
45.8212,0.029999999,0,
45.84153,0.031000001,0,
45.86213,0.029,0,
45.88285,0.029,0,
45.90376,0.027,0,
45.92353,0.027999998,0,
45.94809,0.029999999,0,
45.96866,0.029,0,
45.98927,0.027999998,0,
46.0095,0.029,0,
46.03006,0.029,0,
46.05043,0.027999998,0,
46.07089,0.029,0,
46.09192,0.029999999,0,
46.11195,0.029,0,
46.13645,0.029,0,
46.1571,0.029999999,0,
46.17767,0.029999999,0,
46.19815,0.031000001,0,
46.21857,0.029999999,0,
46.23916,0.029999999,0,
46.25972,0.031000001,0,
46.28007,0.029,0,
46.30109,0.029999999,0,
46.32096,0.029,0,
46.34537,0.031000001,0,
46.36579,0.029999999,0,
46.38628,0.029999999,0,
46.4076,0.029999999,0,
46.42733,0.027,0,
46.44788,0.027999998,0,
46.46888,0.029,0,
46.48881,0.029,0,
46.50984,0.029,0,
46.53375,0.029999999,0,
46.55441,0.031000001,0,
46.57473,0.029999999,0,
46.59518,0.029999999,0,
46.61583,0.029,0,
46.63671,0.029999999,0,
46.65671,0.029999999,0,
46.6772,0.029,0,
46.69761,0.029,0,
46.72234,0.029999999,0,
46.74264,0.029,0,
46.76316,0.027999998,0,
46.78362,0.027,0,
46.80427,0.026000002,0,
46.82479,0.025,0,
46.84571,0.024000001,0,
46.86552,0.022999999,0,
46.88636,0.022000001,0,
46.91066,0.022000001,0,
46.93123,0.022000001,0,
46.95154,0.022999999,0,
46.97209,0.020999999,0,
46.99264,0.022000001,0,
47.0132,0.022000001,0,
47.03358,0.022999999,0,
47.054,0.022000001,0,
47.07454,0.022999999,0,
47.0991,0.025,0,
47.11938,0.026000002,0,
47.14004,0.025,0,
47.16061,0.026000002,0,
47.18097,0.024000001,0,
47.20452,0.024000001,0,
47.22499,0.025,0,
47.24601,0.024000001,0,
47.27212,0.025,0,
47.28777,0.024000001,0,
47.30788,0.024000001,0,
47.32867,0.025,0,
47.34988,0.025,0,
47.36941,0.026000002,0,
47.39161,0.022999999,0,
47.41045,0.022999999,0,
47.43108,0.022000001,0,
47.45151,0.022000001,0,
47.47171,0.022000001,0,
47.49655,0.022999999,0,
47.51698,0.022999999,0,
47.53736,0.025,0,
47.55791,0.025,0,
47.57841,0.026000002,0,
47.59878,0.026000002,0,
47.61921,0.027,0,
47.63971,0.027999998,0,
47.66045,0.027,0,
47.68483,0.027999998,0,
47.70535,0.027,0,
47.72565,0.026000002,0,
47.74685,0.026000002,0,
47.76683,0.026000002,0,
47.78716,0.024000001,0,
47.80822,0.024000001,0,
47.82828,0.026000002,0,
47.84853,0.025,0,
47.87342,0.025,0,
47.89363,0.026000002,0,
47.91422,0.025,0,
47.93463,0.025,0,
47.95511,0.025,0,
47.97572,0.027,0,
47.99612,0.025,0,
48.01672,0.025,0,
48.03718,0.026000002,0,
48.0622,0.027999998,0,
48.08236,0.029,0,
48.10271,0.029999999,0,
48.12408,0.029,0,
48.14375,0.029999999,0,
48.16413,0.029999999,0,
48.18465,0.029,0,
48.20501,0.029999999,0,
48.22538,0.027999998,0,
48.25004,0.027999998,0,
48.27047,0.029,0,
48.29103,0.029999999,0,
48.31216,0.031000001,0,
48.33206,0.031999999,0,
48.35246,0.033000001,0,
48.37288,0.031999999,0,
48.39344,0.031000001,0,
48.41375,0.029999999,0,
48.43843,0.029999999,0,
48.45889,0.031000001,0,
48.47939,0.029999999,0,
48.49998,0.029,0,
48.52076,0.027999998,0,
48.54095,0.029,0,
48.56166,0.029,0,
48.58178,0.027,0,
48.60244,0.027999998,0,
48.62281,0.027999998,0,
48.64733,0.029,0,
48.66822,0.029,0,
48.6898,0.027999998,0,
48.70911,0.027999998,0,
48.72929,0.027,0,
48.74966,0.026000002,0,
48.77008,0.024000001,0,
48.79062,0.022000001,0,
48.81129,0.022999999,0,
48.83659,0.022000001,0,
48.8562,0.022000001,0,
48.87675,0.022000001,0,
48.89731,0.022000001,0,
48.91788,0.022999999,0,
48.93835,0.022999999,0,
48.95871,0.022000001,0,
48.97931,0.024000001,0,
48.9996,0.026000002,0,
49.02481,0.027999998,0,
49.04522,0.029999999,0,
49.06518,0.029999999,0,
49.08564,0.029,0,
49.10599,0.029,0,
49.12704,0.029,0,
49.147,0.029999999,0,
49.16764,0.029999999,0,
49.18798,0.029999999,0,
49.21334,0.029999999,0,
49.23336,0.029999999,0,
49.25389,0.031000001,0,
49.27402,0.029999999,0,
49.29453,0.031000001,0,
49.31497,0.031000001,0,
49.33552,0.031000001,0,
49.35614,0.031999999,0,
49.37689,0.029999999,0,
49.40091,0.027999998,0,
49.42145,0.027999998,0,
49.44271,0.027999998,0,
49.46239,0.027999998,0,
49.48307,0.027999998,0,
49.50355,0.027,0,
49.52388,0.027,0,
49.54432,0.029,0,
49.56478,0.027999998,0,
49.58934,0.027999998,0,
49.61094,0.027999998,0,
49.6309,0.029999999,0,
49.65111,0.029999999,0,
49.67144,0.031000001,0,
49.69224,0.031000001,0,
49.71222,0.031000001,0,
49.7327,0.029,0,
49.7532,0.029999999,0,
49.7785,0.031999999,0,
49.79819,0.033000001,0,
49.81903,0.033000001,0,
49.83923,0.034000003,0,
49.85989,0.036,0,
49.88039,0.036,0,
49.90061,0.036,0,
49.92134,0.036,0,
49.9423,0.037000002,0,
49.96229,0.038000004,0,
49.9874,0.04,0,
50.00723,0.038000004,0,
50.02765,0.038999998,0,
50.04812,0.037000002,0,
50.06912,0.034999998,0,
50.08908,0.031999999,0,
50.10946,0.033000001,0,
50.13003,0.031999999,0,
50.15033,0.033000001,0,
50.17549,0.037000002,0,
50.19566,0.036,0,
50.21628,0.037000002,0,
50.2371,0.036,0,
50.257,0.034999998,0,
50.278,0.033000001,0,
50.2985,0.034000003,0,
50.31849,0.034000003,0,
50.33897,0.034000003,0,
50.36436,0.034000003,0,
50.3841,0.036,0,
50.40448,0.036,0,
50.42528,0.034999998,0,
50.4454,0.034000003,0,
50.46585,0.034000003,0,
50.48658,0.033000001,0,
50.50721,0.034000003,0,
50.52748,0.034999998,0,
50.55226,0.036,0,
50.57254,0.034999998,0,
50.59303,0.034999998,0,
50.61339,0.034000003,0,
50.63379,0.034999998,0,
50.65474,0.034000003,0,
50.6748,0.036,0,
50.69533,0.034000003,0,
50.71572,0.033000001,0,
50.74031,0.031999999,0,
50.76077,0.031999999,0,
50.78138,0.034000003,0,
50.80185,0.034000003,0,
50.82217,0.031999999,0,
50.84266,0.031999999,0,
50.86316,0.031000001,0,
50.88403,0.031000001,0,
50.90421,0.029999999,0,
50.92891,0.027999998,0,
50.9493,0.027,0,
50.96968,0.027999998,0,
50.99014,0.027,0,
51.01081,0.027,0,
51.03126,0.027,0,
51.05185,0.026000002,0,
51.07201,0.027,0,
51.09261,0.027999998,0,
51.11734,0.027999998,0,
51.13757,0.029999999,0,
51.15815,0.029999999,0,
51.17873,0.029999999,0,
51.19956,0.031999999,0,
51.21959,0.031000001,0,
51.23997,0.031000001,0,
51.26045,0.031999999,0,
51.28098,0.034000003,0,
51.3055,0.031999999,0,
51.32609,0.034000003,0,
51.34653,0.034999998,0,
51.36699,0.034000003,0,
51.38773,0.034000003,0,
51.40802,0.031000001,0,
51.42862,0.029,0,
51.449,0.029,0,
51.46944,0.029,0,
51.49396,0.031999999,0,
51.51508,0.031999999,0,
51.53551,0.031999999,0,
51.5554,0.031000001,0,
51.57608,0.029999999,0,
51.59642,0.029,0,
51.61701,0.027999998,0,
51.63737,0.026000002,0,
51.65785,0.026000002,0,
51.67847,0.025,0,
51.70286,0.026000002,0,
51.72332,0.025,0,
51.74385,0.027,0,
51.76431,0.027,0,
51.78471,0.026000002,0,
51.80538,0.025,0,
51.82571,0.022999999,0,
51.8463,0.024000001,0,
51.86675,0.024000001,0,
51.8913,0.025,0,
51.91176,0.022999999,0,
51.93225,0.024000001,0,
51.95295,0.027,0,
51.97309,0.027999998,0,
51.99358,0.029,0,
52.01423,0.027999998,0,
52.03463,0.029,0,
52.05549,0.027999998,0,
52.08104,0.029,0,
52.10015,0.027999998,0,
52.12069,0.027,0,
52.14111,0.029,0,
52.16179,0.029999999,0,
52.18216,0.029999999,0,
52.20264,0.029999999,0,
52.22305,0.029,0,
52.24342,0.031000001,0,
52.26868,0.029999999,0,
52.28859,0.029,0,
52.30909,0.029999999,0,
52.32948,0.029,0,
52.35,0.031000001,0,
52.37051,0.031000001,0,
52.3909,0.029,0,
52.41165,0.029,0,
52.43189,0.027999998,0,
52.45646,0.027,0,
52.4776,0.026000002,0,
52.49739,0.026000002,0,
52.51799,0.025,0,
52.53839,0.022999999,0,
52.55882,0.022000001,0,
52.58032,0.022000001,0,
52.60044,0.022000001,0,
52.62059,0.022999999,0,
52.64514,0.022999999,0,
52.66538,0.022999999,0,
52.68618,0.024000001,0,
52.70638,0.024000001,0,
52.72691,0.024000001,0,
52.74722,0.024000001,0,
52.76778,0.024000001,0,
52.78888,0.025,0,
52.80872,0.024000001,0,
52.82935,0.022999999,0,
52.8541,0.025,0,
52.87432,0.024000001,0,
52.89486,0.026000002,0,
52.91529,0.027,0,
52.93573,0.027999998,0,
52.95623,0.029,0,
52.97677,0.029,0,
52.99716,0.029,0,
53.01775,0.027999998,0,
53.04267,0.029,0,
53.06264,0.029,0,
53.08312,0.027999998,0,
53.10581,0.027,0,
53.1243,0.027999998,0,
53.14492,0.027999998,0,
53.16526,0.026000002,0,
53.18559,0.027,0,
53.2063,0.027,0,
53.23062,0.029,0,
53.25118,0.027999998,0,
53.27166,0.027999998,0,
53.29258,0.029,0,
53.31264,0.027999998,0,
53.33309,0.027,0,
53.35406,0.027999998,0,
53.37403,0.027,0,
53.39451,0.027,0,
53.41961,0.027999998,0,
53.43978,0.029,0,
53.4603,0.029999999,0,
53.48064,0.029999999,0,
53.50098,0.031000001,0,
53.52178,0.031999999,0,
53.54223,0.031000001,0,
53.56256,0.029,0,
53.58308,0.029999999,0,
53.60762,0.029,0,
53.62827,0.027,0,
53.64865,0.026000002,0,
53.66916,0.025,0,
53.68969,0.025,0,
53.71014,0.024000001,0,
53.73055,0.022999999,0,
53.75087,0.025,0,
53.77142,0.026000002,0,
53.79588,0.026000002,0,
53.8163,0.027999998,0,
53.83705,0.027,0,
53.85785,0.027999998,0,
53.87775,0.026000002,0,
53.89837,0.026000002,0,
53.91877,0.025,0,
53.93928,0.025,0,
53.95974,0.025,0,
53.98433,0.025,0,
54.00466,0.026000002,0,
54.02529,0.026000002,0,
54.04573,0.026000002,0,
54.06608,0.026000002,0,
54.08665,0.024000001,0,
54.10723,0.024000001,0,
54.12767,0.025,0,
54.14834,0.024000001,0,
54.17333,0.024000001,0,
54.1935,0.026000002,0,
54.21374,0.024000001,0,
54.2341,0.025,0,
54.25476,0.024000001,0,
54.27556,0.022000001,0,
54.29567,0.018999999,0,
54.31617,0.018999999,0,
54.3366,0.018,0,
54.35716,0.016999998,0,
54.38157,0.016999998,0,
54.40211,0.016,0,
54.42258,0.016999998,0,
54.44297,0.016999998,0,
54.46361,0.018,0,
54.48408,0.016999998,0,
54.50456,0.016,0,
54.52502,0.016,0,
54.54537,0.016,0,
54.57008,0.016999998,0,
54.59037,0.018,0,
54.61097,0.018999999,0,
54.6314,0.020000001,0,
54.65192,0.020999999,0,
54.67248,0.020999999,0,
54.69301,0.022999999,0,
54.71339,0.022999999,0,
54.73387,0.024000001,0,
54.7584,0.022999999,0,
54.77906,0.022999999,0,
54.79936,0.022999999,0,
54.81976,0.025,0,
54.84038,0.026000002,0,
54.86093,0.025,0,
54.88151,0.026000002,0,
54.90208,0.026000002,0,
54.9222,0.024000001,0,
54.94676,0.025,0,
54.9678,0.024000001,0,
54.98799,0.022999999,0,
55.00836,0.022999999,0,
55.02888,0.022999999,0,
55.04919,0.022999999,0,
55.06973,0.022000001,0,
55.09031,0.022000001,0,
55.1106,0.022999999,0,
55.13509,0.025,0,
55.15561,0.025,0,
55.17622,0.026000002,0,
55.19677,0.027999998,0,
55.21714,0.029,0,
55.23764,0.027999998,0,
55.25852,0.029,0,
55.27869,0.027999998,0,
55.29928,0.027,0,
55.32358,0.027999998,0,
55.34464,0.027999998,0,
55.36464,0.027,0,
55.38513,0.026000002,0,
55.40569,0.025,0,
55.4261,0.024000001,0,
55.44651,0.022999999,0,
55.467,0.022999999,0,
55.48767,0.022000001,0,
55.51213,0.020999999,0,
55.53258,0.020999999,0,
55.55293,0.022000001,0,
55.57351,0.022000001,0,
55.59405,0.022000001,0,
55.61457,0.020999999,0,
55.63499,0.020999999,0,
55.65542,0.022000001,0,
55.67585,0.018999999,0,
55.69646,0.016999998,0,
55.72105,0.018,0,
55.74129,0.020000001,0,
55.76231,0.020000001,0,
55.78262,0.018999999,0,
55.80284,0.020999999,0,
55.82347,0.020000001,0,
55.84388,0.020000001,0,
55.86441,0.020000001,0,
55.88486,0.022999999,0,
55.90937,0.022999999,0,
55.92986,0.022000001,0,
55.95039,0.024000001,0,
55.97086,0.024000001,0,
55.99147,0.024000001,0,
56.0119,0.024000001,0,
56.03417,0.022000001,0,
56.05287,0.020999999,0,
56.07402,0.020000001,0,
56.09785,0.020000001,0,
56.11822,0.020000001,0,
56.13894,0.020000001,0,
56.15938,0.020000001,0,
56.17974,0.018999999,0,
56.20023,0.018999999,0,
56.22056,0.018,0,
56.2421,0.018,0,
56.26176,0.018999999,0,
56.28612,0.020000001,0,
56.30658,0.020999999,0,
56.32725,0.018999999,0,
56.34782,0.018,0,
56.36811,0.018999999,0,
56.38871,0.018999999,0,
56.40909,0.018,0,
56.4296,0.018999999,0,
56.45017,0.016999998,0,
56.47451,0.016999998,0,
56.49508,0.016,0,
56.51555,0.016999998,0,
56.53613,0.016999998,0,
56.55652,0.018,0,
56.57696,0.018,0,
56.59746,0.016999998,0,
56.61876,0.015000002,0,
56.63855,0.016,0,
56.66296,0.016,0,
56.68342,0.016,0,
56.70404,0.018,0,
56.72434,0.018,0,
56.74489,0.016999998,0,
56.76548,0.018,0,
56.78596,0.018,0,
56.80633,0.018,0,
56.82689,0.018,0,
56.85144,0.020000001,0,
56.87195,0.020999999,0,
56.89243,0.020999999,0,
56.91301,0.018999999,0,
56.93336,0.018,0,
56.95388,0.018999999,0,
56.97448,0.018999999,0,
56.99569,0.018999999,0,
57.01612,0.018,0,
57.03593,0.020000001,0,
57.06047,0.018999999,0,
57.08103,0.018999999,0,
57.10139,0.018,0,
57.12181,0.016999998,0,
57.1424,0.018,0,
57.16338,0.016999998,0,
57.1834,0.016999998,0,
57.20385,0.018,0,
57.22427,0.018,0,
57.24926,0.018999999,0,
57.26947,0.020000001,0,
57.28992,0.022000001,0,
57.31027,0.024000001,0,
57.33069,0.025,0,
57.35119,0.025,0,
57.37165,0.024000001,0,
57.39328,0.024000001,0,
57.41612,0.024000001,0,
57.43732,0.026000002,0,
57.45847,0.027999998,0,
57.47841,0.027999998,0,
57.499,0.029,0,
57.51951,0.027999998,0,
57.53987,0.026000002,0,
57.56016,0.026000002,0,
57.58078,0.026000002,0,
57.60225,0.026000002,0,
57.62558,0.026000002,0,
57.64616,0.025,0,
57.66665,0.026000002,0,
57.68754,0.024000001,0,
57.70776,0.025,0,
57.72807,0.025,0,
57.74853,0.024000001,0,
57.76891,0.024000001,0,
57.78945,0.026000002,0,
57.81405,0.027,0,
57.83467,0.029,0,
57.85505,0.027,0,
57.87542,0.027999998,0,
57.89592,0.027,0,
57.91645,0.026000002,0,
57.93769,0.027,0,
57.95736,0.027,0,
57.97832,0.026000002,0,
58.00235,0.027,0,
58.02341,0.027,0,
58.04358,0.027,0,
58.06382,0.029999999,0,
58.08496,0.029999999,0,
58.1047,0.029,0,
58.12541,0.027,0,
58.14616,0.027,0,
58.16665,0.025,0,
58.19104,0.026000002,0,
58.21149,0.026000002,0,
58.23209,0.026000002,0,
58.2523,0.027,0,
58.27287,0.027,0,
58.2933,0.027,0,
58.31367,0.027,0,
58.33731,0.027,0,
58.35782,0.025,0,
58.39072,0.027,0,
58.39983,0.026000002,0,
58.42025,0.027,0,
58.4408,0.027,0,
58.46113,0.027999998,0,
58.48162,0.027999998,0,
58.50214,0.027,0,
58.52256,0.025,0,
58.54333,0.024000001,0,
58.56356,0.024000001,0,
58.58826,0.024000001,0,
58.60857,0.026000002,0,
58.62906,0.026000002,0,
58.64972,0.025,0,
58.67006,0.024000001,0,
58.69044,0.024000001,0,
58.71093,0.022999999,0,
58.73147,0.024000001,0,
58.75225,0.024000001,0,
58.77658,0.027,0,
58.79708,0.027999998,0,
58.8177,0.027999998,0,
58.83808,0.027999998,0,
58.85868,0.026000002,0,
58.87938,0.025,0,
58.89939,0.022999999,0,
58.92001,0.024000001,0,
58.94041,0.022000001,0,
58.96503,0.024000001,0,
58.98545,0.025,0,
59.00688,0.024000001,0,
59.02641,0.025,0,
59.04807,0.026000002,0,
59.06754,0.026000002,0,
59.08852,0.027,0,
59.10837,0.026000002,0,
59.12893,0.025,0,
59.15324,0.022999999,0,
59.17409,0.022999999,0,
59.19444,0.024000001,0,
59.21528,0.024000001,0,
59.2361,0.022999999,0,
59.25644,0.020999999,0,
59.2763,0.020999999,0,
59.2967,0.022000001,0,
59.31721,0.020000001,0,
59.34175,0.020999999,0,
59.36236,0.022000001,0,
59.38294,0.022000001,0,
59.40318,0.020999999,0,
59.42386,0.022000001,0,
59.44421,0.022999999,0,
59.46459,0.024000001,0,
59.48527,0.024000001,0,
59.50571,0.022000001,0,
59.53015,0.022000001,0,
59.55067,0.020999999,0,
59.57099,0.020000001,0,
59.59178,0.020000001,0,
59.61211,0.018999999,0,
59.63258,0.020000001,0,
59.65372,0.020000001,0,
59.67365,0.018999999,0,
59.69416,0.018999999,0,
59.71867,0.018999999,0,
59.73911,0.020000001,0,
59.75978,0.020000001,0,
59.78048,0.020999999,0,
59.80304,0.020999999,0,
59.82361,0.020999999,0,
59.84227,0.020999999,0,
59.86301,0.020999999,0,
59.8866,0.020999999,0,
59.90649,0.020000001,0,
59.92815,0.020000001,0,
59.94925,0.018999999,0,
59.96976,0.018999999,0,
59.99042,0.016999998,0,
