4.139019,-0.031,0,44.42399918
4.159551,-0.035,0,8.745729492
4.180112,-0.039,0,
4.200634,-0.042,0,
4.221775,-0.048999999,0,
4.241598,-0.054,0.648000003,
4.261961,-0.059999999,0.719999992,
4.282421,-0.065,0.780000002,
4.303238,-0.069000001,0.82800001,
4.327863,-0.076,0.912000001,
4.347956,-0.082999999,0.995999992,
4.36849,-0.089999999,1.079999984,
4.388914,-0.097000002,1.16400002,
4.409484,-0.101000002,1.212000028,
4.430221,-0.109999998,1.319999979,
4.450488,-0.120999998,1.451999978,
4.470989,-0.127999997,1.535999969,
4.495325,-0.135999999,1.631999985,
4.515859,-0.142999998,1.715999976,
4.53671,-0.155,1.86,
4.556865,-0.167999997,2.015999959,
4.577473,-0.179000004,2.148000047,
4.597828,-0.187000005,2.244000063,
4.618406,-0.194000005,2.328000054,
4.645553,-0.204999997,2.459999964,
4.662603,-0.216000004,2.592000053,
4.692531,-0.223000004,2.676000044,
4.704436,-0.232000007,2.784000084,
4.725027,-0.238000004,2.856000051,
4.745861,-0.248999997,2.987999961,
4.766338,-0.261000006,3.132000074,
4.786275,-0.271999999,3.263999984,
4.806846,-0.284000008,3.408000097,
4.827366,-0.293999999,3.527999983,
4.848033,-0.305000006,3.660000072,
4.872116,-0.319000005,3.828000054,
4.89281,-0.331999986,3.983999834,
4.913619,-0.342999994,4.115999923,
4.934005,-0.351999997,4.223999963,
4.954776,-0.365999995,4.391999946,
4.974775,-0.381000011,4.572000132,
4.995536,-0.398000001,4.776000009,
5.016505,-0.412999986,4.955999837,
5.036122,-0.428999989,5.147999868,
5.061144,-0.449,5.387999997,
5.081341,-0.467999994,5.615999923,
5.101614,-0.485000013,5.820000157,
5.122008,-0.504000007,6.048000083,
5.142737,-0.518999993,6.227999911,
5.163363,-0.540999978,6.491999731,
5.183528,-0.562999992,6.755999908,
5.203977,-0.580999999,6.971999989,
5.224498,-0.596999972,7.163999662,
5.249115,-0.61099997,7.331999645,
5.27006,-0.627000003,7.524000034,
5.290029,-0.645999997,7.75199996,
5.31065,-0.659999995,7.919999943,
5.331412,-0.674999981,8.099999771,
5.351618,-0.687999992,8.255999908,
5.372353,-0.705999999,8.471999989,
5.392446,-0.724000006,8.688000069,
5.41684,-0.741000025,8.892000303,
5.437359,-0.756999998,9.083999977,
5.45792,-0.771999984,9.263999805,
5.478812,-0.789000003,9.46800004,
5.498967,-0.807999997,9.695999966,
5.519425,-0.82400003,9.888000355,
5.53999,-0.835000007,10.02000009,
5.560478,-0.84400001,10.12800013,
5.581185,-0.858999996,10.30799995,
5.605387,-0.872000008,10.46400009,
5.625866,-0.882999985,10.59599982,
5.646373,-0.89500001,10.74000011,
5.666969,-0.905999987,10.87199985,
5.687788,-0.92200002,11.06400023,
5.707822,-0.937000005,11.24400006,
5.728366,-0.94900003,11.38800035,
5.748789,-0.960000007,11.52000009,
5.769268,-0.96900001,11.62800013,
5.794387,-0.982000022,11.78400026,
5.814316,-0.991000025,11.8920003,
5.834787,-1.00299999,12.03599988,
5.855291,-1.014000027,12.16800033,
5.875893,-1.020999997,12.25199996,
5.896903,-1.03,12.36,
5.916779,-1.041999965,12.50399958,
5.937376,-1.054999976,12.65999971,
5.96164,-1.066999941,12.80399929,
5.982254,-1.080999999,12.97199999,
6.003271,-1.095000057,13.14000069,
6.023264,-1.108999996,13.30799995,
6.043725,-1.123000054,13.47600065,
6.064181,-1.133999972,13.60799967,
6.084878,-1.140000014,13.68000017,
6.105448,-1.153000026,13.83600031,
6.12566,-1.163999944,13.96799932,
6.15017,-1.169999986,14.03999983,
6.170618,-1.182999997,14.19599997,
6.191419,-1.192999988,14.31599985,
6.212046,-1.204000025,14.4480003,
6.232119,-1.217999964,14.61599957,
6.252741,-1.227000027,14.72400032,
6.273155,-1.23599997,14.83199965,
6.293611,-1.245999961,14.95199953,
6.314675,-1.258999972,15.10799967,
6.338526,-1.275000005,15.30000006,
6.358984,-1.28999999,15.47999989,
6.37954,-1.303000002,15.63600002,
6.400549,-1.314999967,15.7799996,
6.421069,-1.329999952,15.95999943,
6.441222,-1.345999985,16.15199982,
6.46145,-1.360000043,16.32000051,
6.482379,-1.375999956,16.51199947,
6.507024,-1.390000014,16.68000017,
6.527412,-1.405,16.86,
6.547956,-1.424000053,17.08800064,
6.567901,-1.439000039,17.26800047,
6.58829,-1.449999957,17.39999949,
6.609013,-1.464999943,17.57999931,
6.629825,-1.480999975,17.7719997,
6.649925,-1.498999982,17.98799978,
6.670502,-1.513999968,18.16799961,
6.695301,-1.528999953,18.34799944,
6.715565,-1.544999986,18.53999983,
6.73651,-1.564000039,18.76800047,
6.756388,-1.584999948,19.01999937,
6.77706,-1.604000001,19.24800001,
6.797368,-1.618999987,19.42799984,
6.817979,-1.635000019,19.62000023,
6.838795,-1.648000031,19.77600037,
6.858807,-1.668000011,20.01600014,
6.883256,-1.679999976,20.15999971,
6.903767,-1.694000034,20.32800041,
6.924358,-1.702999978,20.43599974,
6.945229,-1.717999964,20.61599957,
6.96531,-1.737999945,20.85599934,
6.985864,-1.755000024,21.06000029,
7.006727,-1.771000056,21.25200068,
7.026806,-1.786000042,21.4320005,
7.051646,-1.80699995,21.6839994,
7.071687,-1.822000055,21.86400066,
7.092292,-1.837999969,22.05599962,
7.112648,-1.854000001,22.24800001,
7.133193,-1.870000033,22.4400004,
7.15483,-1.891999989,22.70399986,
7.174247,-1.913000016,22.95600019,
7.194835,-1.936000018,23.23200022,
7.215548,-1.959999948,23.51999937,
7.240295,-1.975000052,23.70000063,
7.260902,-2.002000003,24.02400003,
7.280668,-2.026999979,24.32399975,
7.301082,-2.052000074,24.62400089,
7.32165,-2.072999983,24.87599979,
7.342115,-2.092999964,25.11599957,
7.36314,-2.112999945,25.35599934,
7.383063,-2.135999947,25.63199936,
7.403684,-2.152999907,25.83599888,
7.428067,-2.167000084,26.00400101,
7.448754,-2.183000116,26.1960014,
7.469447,-2.201999931,26.42399918,
7.489572,-2.223000078,26.67600094,
7.510046,-2.239000111,26.86800133,
7.530548,-2.254999905,27.05999886,
7.551093,-2.267999916,27.21599899,
7.572332,-2.287999897,27.45599876,
7.595952,-2.309000044,27.70800053,
7.616486,-2.325000076,27.90000092,
7.636955,-2.336999922,28.04399906,
7.657508,-2.349000006,28.18800007,
7.678413,-2.365000038,28.38000046,
7.698344,-2.378999977,28.54799973,
7.719212,-2.399999886,28.79999863,
7.739426,-2.417000084,29.00400101,
7.76011,-2.434000044,29.20800053,
7.784777,-2.460999994,29.53199993,
7.804932,-2.483999996,29.80799995,
7.825949,-2.509000092,30.1080011,
7.84608,-2.532000093,30.38400112,
7.866436,-2.553999929,30.64799915,
7.887395,-2.581000118,30.97200142,
7.907342,-2.608999996,31.30799995,
7.928149,-2.638999968,31.66799961,
7.948291,-2.66499999,31.97999989,
7.972904,-2.685999899,32.23199879,
7.993783,-2.711999922,32.54399906,
8.014013,-2.739000111,32.86800133,
8.034513,-2.763999968,33.16799961,
8.054831,-2.785000114,33.42000137,
8.075771,-2.799999981,33.59999977,
8.096344,-2.819000034,33.82800041,
8.116219,-2.842000036,34.10400043,
8.141258,-2.864000111,34.36800133,
8.161327,-2.881999998,34.58399998,
8.18187,-2.901000051,34.81200062,
8.203003,-2.922999887,35.07599865,
8.223209,-2.941999941,35.30399929,
8.243555,-2.958999901,35.50799881,
8.263758,-2.977000027,35.72400032,
8.284441,-2.993999987,35.92799984,
8.30558,-3.013999968,36.16799961,
8.329258,-3.033999949,36.40799938,
8.349869,-3.053000002,36.63600002,
8.370075,-3.072999983,36.87599979,
8.390953,-3.092999964,37.11599957,
8.411667,-3.122000008,37.46400009,
8.431492,-3.147000103,37.76400124,
8.452503,-3.172999887,38.07599865,
8.472692,-3.194999962,38.33999954,
8.493258,-3.211999922,38.54399906,
8.518763,-3.237000017,38.84400021,
8.538044,-3.26300004,39.15600048,
8.558548,-3.289000063,39.46800076,
8.579126,-3.30699995,39.6839994,
8.599636,-3.331000118,39.97200142,
8.620962,-3.364000111,40.36800133,
8.640951,-3.388999968,40.66799961,
8.660965,-3.412999897,40.95599876,
8.686182,-3.440000086,41.28000103,
8.706173,-3.460000067,41.5200008,
8.726631,-3.483000069,41.79600082,
8.746946,-3.499000101,41.98800121,
8.767448,-3.517999916,42.21599899,
8.78793,-3.535000114,42.42000137,
8.808506,-3.547999887,42.57599865,
8.828983,-3.55699995,42.6839994,
8.849421,-3.565000086,42.78000103,
8.87422,-3.57399991,42.88799892,
8.89492,-3.578000097,42.93600117,
8.914949,-3.583999901,43.00799881,
8.935579,-3.589000015,43.06800018,
8.955873,-3.595999985,43.15199982,
8.976274,-3.601000099,43.21200119,
8.996788,-3.608000069,43.29600082,
9.017427,-3.61100009,43.33200108,
9.037825,-3.62100008,43.45200096,
9.062347,-3.62100008,43.45200096,
9.083059,-3.626999884,43.5239986,
9.103249,-3.626999884,43.5239986,
9.123877,-3.625000029,43.50000034,
9.144478,-3.624000101,43.48800121,
9.165243,-3.625999956,43.51199947,
9.185633,-3.622999935,43.47599922,
9.205664,-3.624000101,43.48800121,
9.230738,-3.62100008,43.45200096,
9.250689,-3.616999893,43.40399872,
9.271204,-3.616999893,43.40399872,
9.292139,-3.618000059,43.41600071,
9.31271,-3.616999893,43.40399872,
9.33292,-3.615999966,43.39199959,
9.353132,-3.61100009,43.33200108,
9.373659,-3.612999945,43.35599934,
9.394165,-3.608999996,43.30799995,
9.418655,-3.606999903,43.28399883,
9.43927,-3.605999975,43.2719997,
9.459644,-3.603999882,43.24799858,
9.480061,-3.602999954,43.23599945,
9.501225,-3.598000078,43.17600094,
9.521185,-3.599000006,43.18800007,
9.542139,-3.602000027,43.22400032,
9.562513,-3.601000099,43.21200119,
9.582573,-3.602999954,43.23599945,
9.607073,-3.601000099,43.21200119,
9.627586,-3.599999933,43.1999992,
9.648174,-3.599000006,43.18800007,
9.668585,-3.598000078,43.17600094,
9.689119,-3.596999912,43.16399895,
9.709507,-3.599000006,43.18800007,
9.729885,-3.603999882,43.24799858,
9.750525,-3.609999924,43.31999908,
9.774948,-3.608999996,43.30799995,
9.795525,-3.612000017,43.34400021,
9.816576,-3.615999966,43.39199959,
9.836624,-3.622000008,43.46400009,
9.857088,-3.62800005,43.5360006,
9.877394,-3.634000092,43.6080011,
9.897917,-3.632999926,43.59599911,
9.918344,-3.632999926,43.59599911,
9.938864,-3.634000092,43.6080011,
9.963545,-3.635999947,43.63199936,
9.983923,-3.635999947,43.63199936,
10.00449,-3.632999926,43.59599911,
10.0254,-3.634000092,43.6080011,
10.04556,-3.635000019,43.62000023,
10.06598,-3.635000019,43.62000023,
10.08629,-3.637000113,43.64400135,
10.10674,-3.635999947,43.63199936,
10.12742,-3.635999947,43.63199936,
10.15261,-3.62800005,43.5360006,
10.17249,-3.615999966,43.39199959,
10.19337,-3.614000111,43.36800133,
10.21343,-3.612999945,43.35599934,
10.23405,-3.608000069,43.29600082,
10.25435,-3.603999882,43.24799858,
10.27481,-3.595000057,43.14000069,
10.29516,-3.589999943,43.07999931,
10.31984,-3.588000088,43.05600105,
10.34119,-3.585999994,43.03199993,
10.36084,-3.583999901,43.00799881,
10.38177,-3.578000097,42.93600117,
10.4022,-3.572999983,42.87599979,
10.42214,-3.575000076,42.90000092,
10.44263,-3.570999889,42.85199867,
10.46363,-3.565000086,42.78000103,
10.48374,-3.558000116,42.6960014,
10.50827,-3.55699995,42.6839994,
10.52877,-3.562000065,42.74400078,
10.54915,-3.566999941,42.80399929,
10.56966,-3.572000055,42.86400066,
10.5905,-3.572000055,42.86400066,
10.61107,-3.576000004,42.91200005,
10.63106,-3.578000097,42.93600117,
10.6519,-3.579999952,42.95999943,
10.67615,-3.585000067,43.0200008,
10.69669,-3.582999973,42.99599968,
10.71724,-3.589000015,43.06800018,
10.73754,-3.593999891,43.1279987,
10.75809,-3.598000078,43.17600094,
10.77854,-3.601000099,43.21200119,
10.79904,-3.603999882,43.24799858,
10.81952,-3.608999996,43.30799995,
10.84003,-3.612000017,43.34400021,
10.86456,-3.615000038,43.38000046,
10.88513,-3.615000038,43.38000046,
10.90559,-3.614000111,43.36800133,
10.92617,-3.612999945,43.35599934,
10.94642,-3.616999893,43.40399872,
10.96697,-3.619999914,43.43999897,
10.98745,-3.625999956,43.51199947,
11.00804,-3.631000071,43.57200085,
11.02841,-3.637000113,43.64400135,
11.05359,-3.641000061,43.69200073,
11.0743,-3.647000103,43.76400124,
11.09464,-3.654000072,43.84800087,
11.11447,-3.658000021,43.89600025,
11.13553,-3.661000042,43.9320005,
11.15534,-3.667000084,44.00400101,
11.17583,-3.671000032,44.05200039,
11.19633,-3.674000053,44.08800064,
11.22096,-3.677000074,44.12400089,
11.24135,-3.675999908,44.1119989,
11.26198,-3.674999981,44.09999977,
11.28246,-3.674999981,44.09999977,
11.30279,-3.674000053,44.08800064,
11.32336,-3.675999908,44.1119989,
11.34381,-3.677000074,44.12400089,
11.3644,-3.678999929,44.14799915,
11.38471,-3.681000023,44.17200027,
11.40926,-3.678999929,44.14799915,
11.43017,-3.678000002,44.13600002,
11.45024,-3.678999929,44.14799915,
11.47143,-3.680000095,44.16000114,
11.49123,-3.680000095,44.16000114,
11.51197,-3.681000023,44.17200027,
11.5323,-3.684000044,44.20800053,
11.55339,-3.684999971,44.21999966,
11.57318,-3.685999899,44.23199879,
11.59772,-3.687999992,44.25599991,
11.61827,-3.687999992,44.25599991,
11.63885,-3.691000013,44.29200016,
11.65916,-3.694999962,44.33999954,
11.67974,-3.695999889,44.35199867,
11.70065,-3.695999889,44.35199867,
11.72058,-3.697000055,44.36400066,
11.74122,-3.697000055,44.36400066,
11.76575,-3.697000055,44.36400066,
11.78625,-3.697000055,44.36400066,
11.80667,-3.697000055,44.36400066,
11.82711,-3.695999889,44.35199867,
11.84776,-3.695999889,44.35199867,
11.86809,-3.694999962,44.33999954,
11.88857,-3.694000034,44.32800041,
11.90903,-3.695999889,44.35199867,
11.92942,-3.697000055,44.36400066,
11.95416,-3.697999983,44.37599979,
11.97462,-3.697000055,44.36400066,
11.99565,-3.695999889,44.35199867,
12.01552,-3.695999889,44.35199867,
12.03608,-3.697000055,44.36400066,
12.05661,-3.69899991,44.38799892,
12.07702,-3.700000076,44.40000092,
12.0976,-3.701000004,44.41200005,
12.11783,-3.700000076,44.40000092,
12.14249,-3.700000076,44.40000092,
12.16307,-3.69899991,44.38799892,
12.1843,-3.69899991,44.38799892,
12.20391,-3.701000004,44.41200005,
12.22444,-3.697999983,44.37599979,
12.24485,-3.69899991,44.38799892,
12.26543,-3.697999983,44.37599979,
12.28582,-3.69899991,44.38799892,
12.31077,-3.700000076,44.40000092,
12.33095,-3.700000076,44.40000092,
12.35147,-3.701000004,44.41200005,
12.37201,-3.697999983,44.37599979,
12.39244,-3.694000034,44.32800041,
12.4129,-3.691000013,44.29200016,
12.43385,-3.68899992,44.26799904,
12.45381,-3.68899992,44.26799904,
12.47432,-3.691999941,44.30399929,
12.49876,-3.693000107,44.31600128,
12.51957,-3.695999889,44.35199867,
12.53987,-3.697000055,44.36400066,
12.56108,-3.700000076,44.40000092,
12.58104,-3.701999931,44.42399918,
12.60125,-3.701000004,44.41200005,
12.62239,-3.697999983,44.37599979,
12.64223,-3.693000107,44.31600128,
12.66319,-3.691999941,44.30399929,
12.68784,-3.68899992,44.26799904,
12.70921,-3.684999971,44.21999966,
12.72834,-3.684000044,44.20800053,
12.74879,-3.683000116,44.1960014,
12.76965,-3.681000023,44.17200027,
12.7899,-3.678999929,44.14799915,
12.81058,-3.678000002,44.13600002,
12.83069,-3.674999981,44.09999977,
12.85554,-3.67199996,44.06399952,
12.87578,-3.671000032,44.05200039,
12.89624,-3.668000011,44.01600014,
12.91695,-3.667000084,44.00400101,
12.93724,-3.66499999,43.97999989,
12.95768,-3.664000063,43.96800076,
12.97812,-3.664000063,43.96800076,
12.99861,-3.662999897,43.95599876,
13.01906,-3.662999897,43.95599876,
13.04353,-3.662999897,43.95599876,
13.06418,-3.661999969,43.94399963,
13.08461,-3.662999897,43.95599876,
13.10533,-3.664000063,43.96800076,
13.12556,-3.662999897,43.95599876,
13.14599,-3.662999897,43.95599876,
13.16715,-3.660000114,43.92000137,
13.18697,-3.661000042,43.9320005,
13.20749,-3.658999949,43.90799938,
13.23204,-3.658000021,43.89600025,
13.25257,-3.657000093,43.88400112,
13.27332,-3.655999928,43.87199913,
13.29359,-3.655999928,43.87199913,
13.31484,-3.655999928,43.87199913,
13.3345,-3.654000072,43.84800087,
13.35501,-3.654000072,43.84800087,
13.3755,-3.655,43.86,
13.4,-3.655999928,43.87199913,
13.42068,-3.655,43.86,
13.44108,-3.655999928,43.87199913,
13.46158,-3.657000093,43.88400112,
13.48185,-3.657000093,43.88400112,
13.50321,-3.658000021,43.89600025,
13.52298,-3.658999949,43.90799938,
13.5433,-3.658000021,43.89600025,
13.56436,-3.658000021,43.89600025,
13.58838,-3.657000093,43.88400112,
13.6089,-3.657000093,43.88400112,
13.62949,-3.654000072,43.84800087,
13.64984,-3.654000072,43.84800087,
13.67079,-3.651999979,43.82399975,
13.69128,-3.654000072,43.84800087,
13.71162,-3.654000072,43.84800087,
13.73197,-3.654000072,43.84800087,
13.75266,-3.655999928,43.87199913,
13.77672,-3.655,43.86,
13.7973,-3.655,43.86,
13.81789,-3.654000072,43.84800087,
13.83828,-3.655,43.86,
13.85873,-3.655,43.86,
13.87923,-3.655,43.86,
13.89977,-3.655,43.86,
13.92014,-3.655,43.86,
13.94479,-3.655999928,43.87199913,
13.96526,-3.655999928,43.87199913,
13.9858,-3.654000072,43.84800087,
14.00629,-3.652999907,43.83599888,
14.02673,-3.652999907,43.83599888,
14.04719,-3.652999907,43.83599888,
14.06757,-3.652999907,43.83599888,
14.08804,-3.655,43.86,
14.10857,-3.655999928,43.87199913,
14.13323,-3.657000093,43.88400112,
14.15375,-3.657000093,43.88400112,
14.1741,-3.655999928,43.87199913,
14.19459,-3.655999928,43.87199913,
14.21498,-3.657000093,43.88400112,
14.23549,-3.658000021,43.89600025,
14.25633,-3.655999928,43.87199913,
14.27647,-3.658000021,43.89600025,
14.29695,-3.661000042,43.9320005,
14.3219,-3.661000042,43.9320005,
14.34237,-3.661999969,43.94399963,
14.36267,-3.660000114,43.92000137,
14.38299,-3.661999969,43.94399963,
14.40342,-3.662999897,43.95599876,
14.42487,-3.662999897,43.95599876,
14.44434,-3.660000114,43.92000137,
14.46563,-3.658999949,43.90799938,
14.48931,-3.658999949,43.90799938,
14.51001,-3.657000093,43.88400112,
14.53063,-3.655999928,43.87199913,
14.5509,-3.655999928,43.87199913,
14.5715,-3.655999928,43.87199913,
14.59216,-3.655999928,43.87199913,
14.6126,-3.658000021,43.89600025,
14.63278,-3.655999928,43.87199913,
14.65328,-3.658000021,43.89600025,
14.6779,-3.658000021,43.89600025,
14.69828,-3.657000093,43.88400112,
14.71921,-3.658000021,43.89600025,
14.73936,-3.658000021,43.89600025,
14.75979,-3.657000093,43.88400112,
14.7805,-3.658000021,43.89600025,
14.80166,-3.658999949,43.90799938,
14.82193,-3.658000021,43.89600025,
14.84237,-3.657000093,43.88400112,
14.86625,-3.655999928,43.87199913,
14.88687,-3.655999928,43.87199913,
14.90739,-3.655,43.86,
14.92782,-3.655999928,43.87199913,
14.94825,-3.655999928,43.87199913,
14.96873,-3.658000021,43.89600025,
14.98924,-3.658000021,43.89600025,
15.01276,-3.658999949,43.90799938,
15.03729,-3.660000114,43.92000137,
15.06533,-3.661000042,43.9320005,
15.07535,-3.661000042,43.9320005,
15.09612,-3.662999897,43.95599876,
15.11626,-3.664000063,43.96800076,
15.13672,-3.66499999,43.97999989,
15.1573,-3.66499999,43.97999989,
15.17844,-3.665999918,43.99199902,
15.19819,-3.667000084,44.00400101,
15.223,-3.668000011,44.01600014,
15.24304,-3.668999939,44.02799927,
15.26397,-3.668999939,44.02799927,
15.28403,-3.668000011,44.01600014,
15.30505,-3.668999939,44.02799927,
15.32523,-3.668999939,44.02799927,
15.34556,-3.668000011,44.01600014,
15.36603,-3.667000084,44.00400101,
15.38637,-3.667000084,44.00400101,
15.41108,-3.664000063,43.96800076,
15.43161,-3.664000063,43.96800076,
15.45243,-3.664000063,43.96800076,
15.47252,-3.662999897,43.95599876,
15.49338,-3.662999897,43.95599876,
15.5139,-3.662999897,43.95599876,
15.53397,-3.66499999,43.97999989,
15.55442,-3.665999918,43.99199902,
15.57892,-3.665999918,43.99199902,
15.59937,-3.664000063,43.96800076,
15.62008,-3.66499999,43.97999989,
15.64053,-3.667000084,44.00400101,
15.66094,-3.665999918,43.99199902,
15.68142,-3.665999918,43.99199902,
15.7019,-3.668000011,44.01600014,
15.72249,-3.668999939,44.02799927,
15.7428,-3.668999939,44.02799927,
15.7673,-3.670000105,44.04000126,
15.78801,-3.668999939,44.02799927,
15.8083,-3.67199996,44.06399952,
15.82916,-3.67199996,44.06399952,
15.84934,-3.67199996,44.06399952,
15.87005,-3.674999981,44.09999977,
15.89031,-3.672999887,44.07599865,
15.91071,-3.671000032,44.05200039,
15.93536,-3.670000105,44.04000126,
15.95565,-3.668999939,44.02799927,
15.97615,-3.671000032,44.05200039,
15.99671,-3.670000105,44.04000126,
16.01724,-3.667000084,44.00400101,
16.03788,-3.668000011,44.01600014,
16.05824,-3.667000084,44.00400101,
16.07874,-3.664000063,43.96800076,
16.09998,-3.665999918,43.99199902,
16.12371,-3.66499999,43.97999989,
16.14424,-3.667000084,44.00400101,
16.16474,-3.668999939,44.02799927,
16.18518,-3.668000011,44.01600014,
16.20581,-3.668999939,44.02799927,
16.22626,-3.67199996,44.06399952,
16.24684,-3.672999887,44.07599865,
16.26709,-3.672999887,44.07599865,
16.28754,-3.67199996,44.06399952,
16.31215,-3.671000032,44.05200039,
16.33253,-3.670000105,44.04000126,
16.35342,-3.668999939,44.02799927,
16.37375,-3.668000011,44.01600014,
16.39454,-3.667000084,44.00400101,
16.4148,-3.667000084,44.00400101,
16.43519,-3.667000084,44.00400101,
16.4557,-3.667000084,44.00400101,
16.48046,-3.665999918,43.99199902,
16.50043,-3.667000084,44.00400101,
16.52143,-3.665999918,43.99199902,
16.54146,-3.667000084,44.00400101,
16.56218,-3.665999918,43.99199902,
16.58246,-3.668000011,44.01600014,
16.60296,-3.665999918,43.99199902,
16.62386,-3.668000011,44.01600014,
16.644,-3.668999939,44.02799927,
16.66864,-3.668999939,44.02799927,
16.68893,-3.667000084,44.00400101,
16.70995,-3.667000084,44.00400101,
16.72995,-3.668000011,44.01600014,
16.75037,-3.667000084,44.00400101,
16.77099,-3.667000084,44.00400101,
16.79134,-3.667000084,44.00400101,
16.81239,-3.670000105,44.04000126,
16.83235,-3.67199996,44.06399952,
16.85683,-3.674000053,44.08800064,
16.87749,-3.672999887,44.07599865,
16.89781,-3.672999887,44.07599865,
16.91823,-3.672999887,44.07599865,
16.93884,-3.67199996,44.06399952,
16.95946,-3.670000105,44.04000126,
16.97998,-3.670000105,44.04000126,
17.00024,-3.670000105,44.04000126,
17.02106,-3.670000105,44.04000126,
17.0458,-3.671000032,44.05200039,
17.06582,-3.670000105,44.04000126,
17.08665,-3.668999939,44.02799927,
17.10661,-3.668000011,44.01600014,
17.12732,-3.665999918,43.99199902,
17.14787,-3.667000084,44.00400101,
17.16819,-3.668000011,44.01600014,
17.18891,-3.670000105,44.04000126,
17.21327,-3.668000011,44.01600014,
17.2337,-3.668999939,44.02799927,
17.25418,-3.668000011,44.01600014,
17.2746,-3.667000084,44.00400101,
17.29541,-3.668000011,44.01600014,
17.31574,-3.668000011,44.01600014,
17.33611,-3.668000011,44.01600014,
17.35655,-3.670000105,44.04000126,
17.37715,-3.668000011,44.01600014,
17.4017,-3.668000011,44.01600014,
17.42216,-3.665999918,43.99199902,
17.44287,-3.665999918,43.99199902,
17.46327,-3.667000084,44.00400101,
17.4836,-3.667000084,44.00400101,
17.50416,-3.667000084,44.00400101,
17.52471,-3.66499999,43.97999989,
17.54513,-3.661999969,43.94399963,
17.56961,-3.661999969,43.94399963,
17.59,-3.658999949,43.90799938,
17.61057,-3.661000042,43.9320005,
17.63131,-3.660000114,43.92000137,
17.65143,-3.660000114,43.92000137,
17.67208,-3.660000114,43.92000137,
17.69296,-3.660000114,43.92000137,
17.71316,-3.661000042,43.9320005,
17.73359,-3.661000042,43.9320005,
17.75792,-3.660000114,43.92000137,
17.77925,-3.660000114,43.92000137,
17.7997,-3.661000042,43.9320005,
17.81959,-3.661000042,43.9320005,
17.83984,-3.660000114,43.92000137,
17.86062,-3.287999897,39.45599876,
17.88171,-2.943000107,35.31600128,
17.90144,-2.632999926,31.59599911,
17.92194,-2.353999882,28.24799858,
17.94646,-2.102000027,25.22400032,
17.96744,-1.87800005,22.5360006,
17.9874,-1.679000049,20.14800058,
18.00788,-1.500999956,18.01199947,
18.02835,-1.339999943,16.07999931,
18.0491,-1.202000051,14.42400061,
18.06944,-1.077000051,12.92400061,
18.08978,-0.965000002,11.58000003,
18.11423,-0.862000017,10.34400021,
18.13482,-0.769000022,9.228000269,
18.15528,-0.687000005,8.244000063,
18.17582,-0.61099997,7.331999645,
18.19634,-0.544999986,6.539999828,
18.21679,-0.483999996,5.807999954,
18.23789,-0.430999993,5.171999917,
18.25773,-0.381999998,4.583999977,
18.27819,-0.338999985,4.067999825,
18.30339,-0.300999998,3.611999974,
18.32341,-0.264999999,3.179999993,
18.34418,-0.232999994,2.79599993,
18.36419,-0.204999997,2.459999964,
18.3852,-0.179000004,2.148000047,
18.40563,-0.156000002,1.872000024,
18.42607,-0.135999999,1.631999985,
18.44631,-0.116999997,1.40399997,
18.46711,-0.1,1.200000004,
18.49171,-0.085,1.019999996,
18.51173,-0.069000001,0.82800001,
18.53232,-0.057000001,0.684000008,
18.55268,-0.045,0,
18.57306,-0.037,0,
18.59387,-0.029,0,
18.61417,-0.02,0,
18.63453,-0.012999999,0,
18.6551,-0.007,0,
18.67953,-6.71E-10,0,
18.70069,0.005,0,
18.72072,0.011000001,0,
18.74099,0.015000002,0,
18.76164,0.018999999,0,
18.78208,0.022999999,0,
18.8024,0.027,0,
18.823,0.027999998,0,
18.84348,0.031000001,0,
18.86794,0.033000001,0,
18.88854,0.033000001,0,
18.90897,0.036,0,
18.92938,0.038000004,0,
18.95047,0.038999998,0,
18.97092,0.041000002,0,
18.9909,0.041999997,0,
19.01149,0.042999999,0,
19.03189,0.042999999,0,
19.0564,0.044000001,0,
19.07703,0.042999999,0,
19.0978,0.044000001,0,
19.11776,0.044000001,0,
19.13847,0.045000003,0,
19.15879,0.045999998,0,
19.17929,0.045999998,0,
19.2,0.047,0,
19.22051,0.049000004,0,
19.24478,0.052999997,0,
19.26567,0.052999997,0,
19.28587,0.053999999,0,
19.30616,0.053999999,0,
19.32696,0.053999999,0,
19.34716,0.053999999,0,
19.36798,0.055000001,0,
19.3883,0.055000001,0,
19.40872,0.055000001,0,
19.43323,0.055000001,0,
19.45396,0.053999999,0,
19.47432,0.052999997,0,
19.49474,0.052999997,0,
19.51526,0.053999999,0,
19.5357,0.055000001,0,
19.55641,0.056000003,0,
19.57666,0.056000003,0,
19.59769,0.056000003,0,
19.6216,0.056000003,0,
19.64211,0.056000003,0,
19.66253,0.056999997,0,
19.68365,0.056000003,0,
19.7038,0.056000003,0,
19.72405,0.056000003,0,
19.74449,0.056000003,0,
19.76504,0.053999999,0,
19.78548,0.053999999,0,
19.81001,0.055000001,0,
19.83046,0.056000003,0,
19.85125,0.055000001,0,
19.87141,0.056000003,0,
19.89195,0.053999999,0,
19.91299,0.053999999,0,
19.93294,0.055000001,0,
19.95351,0.053999999,0,
19.97432,0.055000001,0,
19.99446,0.056000003,0,
20.01903,0.055000001,0,
20.03943,0.056000003,0,
20.0599,0.055000001,0,
20.0806,0.053999999,0,
20.10078,0.052999997,0,
20.12129,0.052999997,0,
20.14184,0.052000002,0,
20.1624,0.052000002,0,
20.18305,0.051,0,
20.20746,0.049999998,0,
20.22797,0.049999998,0,
20.24832,0.049999998,0,
20.26899,0.048000002,0,
20.28927,0.045999998,0,
20.30979,0.045000003,0,
20.33043,0.045999998,0,
20.35126,0.045999998,0,
20.37113,0.045999998,0,
20.39577,0.047,0,
20.41617,0.047,0,
20.43721,0.048000002,0,
20.45724,0.048000002,0,
20.4776,0.048000002,0,
20.49805,0.048000002,0,
20.51872,0.048000002,0,
20.5392,0.048000002,0,
20.55971,0.048000002,0,
20.58438,0.048000002,0,
20.60487,0.048000002,0,
20.62563,0.049999998,0,
20.64562,0.049000004,0,
20.66622,0.049000004,0,
20.68707,0.049000004,0,
20.7072,0.048000002,0,
20.72808,0.049999998,0,
20.74816,0.049000004,0,
20.77262,0.048000002,0,
20.79353,0.048000002,0,
20.81346,0.049000004,0,
20.83408,0.051,0,
20.85462,0.052000002,0,
20.875,0.052999997,0,
20.89588,0.051,0,
20.91637,0.052000002,0,
20.93637,0.052999997,0,
20.96103,0.053999999,0,
20.98171,0.055000001,0,
21.00193,0.056000003,0,
21.02238,0.056999997,0,
21.04299,0.056999997,0,
21.06365,0.056000003,0,
21.08392,0.055000001,0,
21.10432,0.055000001,0,
21.12494,0.053999999,0,
21.14948,0.055000001,0,
21.17007,0.055000001,0,
21.19032,0.056000003,0,
21.21135,0.055000001,0,
21.23142,0.055000001,0,
21.25175,0.056000003,0,
21.2725,0.056999997,0,
21.29301,0.056000003,0,
21.31322,0.056000003,0,
21.33372,0.055000001,0,
21.35822,0.055000001,0,
21.37887,0.053999999,0,
21.39927,0.052999997,0,
21.41977,0.052999997,0,
21.44036,0.052999997,0,
21.46083,0.052999997,0,
21.48135,0.052999997,0,
21.50168,0.052999997,0,
21.5222,0.052000002,0,
21.54719,0.053999999,0,
21.56728,0.052000002,0,
21.58818,0.052000002,0,
21.60822,0.049999998,0,
21.62871,0.051,0,
21.64925,0.051,0,
21.66958,0.049999998,0,
21.69012,0.049000004,0,
21.71146,0.049999998,0,
21.73516,0.049999998,0,
21.75604,0.049999998,0,
21.77605,0.052000002,0,
21.79675,0.052000002,0,
21.81717,0.052000002,0,
21.83758,0.051,0,
21.85808,0.052000002,0,
21.87857,0.052000002,0,
21.89926,0.049999998,0,
21.92401,0.048000002,0,
21.94399,0.047,0,
21.96444,0.048000002,0,
21.98504,0.048000002,0,
22.00554,0.049000004,0,
22.02627,0.049000004,0,
22.0465,0.048000002,0,
22.06697,0.045999998,0,
22.0875,0.044000001,0,
22.11225,0.045000003,0,
22.13263,0.045000003,0,
22.15337,0.047,0,
22.17344,0.047,0,
22.19398,0.048000002,0,
22.2145,0.045999998,0,
22.23495,0.045999998,0,
22.25545,0.047,0,
22.27581,0.045999998,0,
22.3008,0.047,0,
22.32095,0.047,0,
22.3418,0.047,0,
22.36184,0.048000002,0,
22.38249,0.049000004,0,
22.40302,0.049000004,0,
22.42343,0.049000004,0,
22.44378,0.049999998,0,
22.46428,0.049999998,0,
22.48877,0.049000004,0,
22.50918,0.049000004,0,
22.52988,0.049000004,0,
22.55047,0.051,0,
22.57098,0.049999998,0,
22.59123,0.049999998,0,
22.61197,0.049999998,0,
22.63262,0.049999998,0,
22.65356,0.049000004,0,
22.67728,0.048000002,0,
22.69764,0.049999998,0,
22.71823,0.051,0,
22.73897,0.049999998,0,
22.75919,0.049999998,0,
22.77957,0.049000004,0,
22.80015,0.049000004,0,
22.82063,0.049000004,0,
22.84114,0.048000002,0,
22.86233,0.048000002,0,
22.88604,0.049000004,0,
22.90685,0.049000004,0,
22.92706,0.049000004,0,
22.94772,0.048000002,0,
22.96807,0.047,0,
22.98853,0.045999998,0,
23.00924,0.042999999,0,
23.0296,0.042999999,0,
23.05041,0.044000001,0,
23.07453,0.045000003,0,
23.09492,0.045999998,0,
23.1156,0.044000001,0,
23.13603,0.045000003,0,
23.15644,0.044000001,0,
23.17695,0.045999998,0,
23.19746,0.045000003,0,
23.21797,0.045000003,0,
23.23856,0.044000001,0,
23.26302,0.045999998,0,
23.28343,0.047,0,
23.30404,0.047,0,
23.32468,0.047,0,
23.3449,0.047,0,
23.36542,0.047,0,
23.38635,0.048000002,0,
23.40685,0.049000004,0,
23.42672,0.049000004,0,
23.45116,0.048000002,0,
23.47219,0.049000004,0,
23.49271,0.049000004,0,
23.51296,0.049000004,0,
23.53357,0.049999998,0,
23.55394,0.049999998,0,
23.57452,0.049999998,0,
23.59496,0.048000002,0,
23.6155,0.045999998,0,
23.63984,0.045999998,0,
23.66073,0.048000002,0,
23.68097,0.049000004,0,
23.70122,0.049000004,0,
23.72186,0.047,0,
23.74262,0.048000002,0,
23.7626,0.049000004,0,
23.78336,0.047,0,
23.80424,0.047,0,
23.82829,0.049000004,0,
23.84878,0.048000002,0,
23.8691,0.049000004,0,
23.89005,0.049000004,0,
23.9103,0.049999998,0,
23.93054,0.048000002,0,
23.95156,0.048000002,0,
23.97236,0.049999998,0,
23.99204,0.049999998,0,
24.0168,0.049000004,0,
24.03704,0.051,0,
24.05757,0.051,0,
24.07811,0.052000002,0,
24.09858,0.052000002,0,
24.11895,0.051,0,
24.14015,0.049999998,0,
24.15998,0.049999998,0,
24.18108,0.049000004,0,
24.20096,0.049000004,0,
24.22594,0.049000004,0,
24.24615,0.047,0,
24.26655,0.047,0,
24.2869,0.045000003,0,
24.30748,0.045000003,0,
24.32779,0.044000001,0,
24.34833,0.044000001,0,
24.36883,0.044000001,0,
24.38965,0.045000003,0,
24.41443,0.044000001,0,
24.43435,0.044000001,0,
24.45507,0.042999999,0,
24.47527,0.042999999,0,
24.49589,0.041000002,0,
24.51656,0.038000004,0,
24.5368,0.038000004,0,
24.55771,0.037000002,0,
24.57773,0.034000003,0,
24.60276,0.034999998,0,
24.6229,0.037000002,0,
24.64329,0.037000002,0,
24.66419,0.037000002,0,
24.68425,0.038000004,0,
24.70554,0.037000002,0,
24.72585,0.036,0,
24.74585,0.034999998,0,
24.76675,0.031000001,0,
24.79115,0.031000001,0,
24.81122,0.031000001,0,
24.83217,0.029999999,0,
24.85262,0.027999998,0,
24.87269,0.027,0,
24.89314,0.027,0,
24.91441,0.027999998,0,
24.93411,0.029,0,
24.95512,0.029999999,0,
24.97902,0.029999999,0,
24.99957,0.029999999,0,
25.02006,0.029999999,0,
25.04066,0.029999999,0,
25.061,0.029999999,0,
25.08249,0.029,0,
25.10202,0.029,0,
25.12249,0.027,0,
25.14306,0.027999998,0,
25.16766,0.027999998,0,
25.18799,0.029999999,0,
25.20857,0.031000001,0,
25.229,0.031999999,0,
25.2497,0.034000003,0,
25.27002,0.034000003,0,
25.29052,0.034000003,0,
25.31089,0.033000001,0,
25.33138,0.033000001,0,
25.35593,0.033000001,0,
25.37656,0.031999999,0,
25.39694,0.029,0,
25.41743,0.029,0,
25.43802,0.029,0,
25.45839,0.031000001,0,
25.48501,0.033000001,0,
25.51022,0.033000001,0,
25.51993,0.034000003,0,
25.54493,0.036,0,
25.56492,0.038000004,0,
25.58578,0.038999998,0,
25.60585,0.04,0,
25.62626,0.04,0,
25.64679,0.041000002,0,
25.66733,0.04,0,
25.68831,0.04,0,
25.70823,0.038999998,0,
25.7333,0.041000002,0,
25.75334,0.045000003,0,
25.77381,0.045000003,0,
25.79424,0.045999998,0,
25.81471,0.047,0,
25.83594,0.047,0,
25.85641,0.048000002,0,
25.87621,0.048000002,0,
25.89666,0.048000002,0,
25.92134,0.048000002,0,
25.94174,0.048000002,0,
25.96218,0.048000002,0,
25.98322,0.048000002,0,
26.00317,0.047,0,
26.0237,0.045999998,0,
26.04408,0.045000003,0,
26.06523,0.044000001,0,
26.08576,0.045000003,0,
26.10598,0.047,0,
26.13004,0.048000002,0,
26.15056,0.047,0,
26.17107,0.048000002,0,
26.19165,0.049000004,0,
26.21279,0.049999998,0,
26.23256,0.049000004,0,
26.25311,0.049000004,0,
26.27401,0.049000004,0,
26.29408,0.049999998,0,
26.31849,0.049999998,0,
26.33903,0.051,0,
26.35947,0.051,0,
26.37992,0.052000002,0,
26.40144,0.051,0,
26.42099,0.051,0,
26.44147,0.051,0,
26.46208,0.051,0,
26.48239,0.051,0,
26.50697,0.051,0,
26.52743,0.052000002,0,
26.54787,0.052999997,0,
26.56842,0.052000002,0,
26.58885,0.051,0,
26.60932,0.051,0,
26.62975,0.049999998,0,
26.65025,0.049999998,0,
26.67124,0.049999998,0,
26.6952,0.049000004,0,
26.7161,0.049000004,0,
26.73628,0.049000004,0,
26.75717,0.049000004,0,
26.77725,0.051,0,
26.79777,0.052000002,0,
26.81829,0.053999999,0,
26.83869,0.052999997,0,
26.85908,0.052999997,0,
26.88368,0.053999999,0,
26.90426,0.055000001,0,
26.925,0.055000001,0,
26.94513,0.053999999,0,
26.96554,0.055000001,0,
26.98623,0.053999999,0,
27.00665,0.055000001,0,
27.02711,0.055000001,0,
27.04759,0.053999999,0,
27.07239,0.055000001,0,
27.09271,0.056999997,0,
27.11317,0.056000003,0,
27.13359,0.056000003,0,
27.15401,0.052999997,0,
27.17448,0.053999999,0,
27.195,0.052999997,0,
27.216,0.053999999,0,
27.23615,0.053999999,0,
27.26084,0.055000001,0,
27.28181,0.055000001,0,
27.30197,0.055000001,0,
27.32245,0.053999999,0,
27.34272,0.052999997,0,
27.36378,0.052000002,0,
27.38344,0.051,0,
27.40444,0.048000002,0,
27.42449,0.047,0,
27.44496,0.048000002,0,
27.46941,0.047,0,
27.4899,0.047,0,
27.51117,0.048000002,0,
27.5309,0.048000002,0,
27.55142,0.049999998,0,
27.572,0.051,0,
27.59236,0.049999998,0,
27.61275,0.049000004,0,
27.63368,0.052000002,0,
27.65788,0.052000002,0,
27.67829,0.052000002,0,
27.69883,0.052000002,0,
27.71934,0.051,0,
27.74055,0.052999997,0,
27.76043,0.052999997,0,
27.78123,0.053999999,0,
27.80119,0.052000002,0,
27.82166,0.052999997,0,
27.84626,0.053999999,0,
27.86703,0.052999997,0,
27.88727,0.051,0,
27.90779,0.049999998,0,
27.92829,0.049999998,0,
27.94875,0.049999998,0,
27.96918,0.049999998,0,
27.98977,0.049000004,0,
28.01061,0.048000002,0,
28.03465,0.049999998,0,
28.05516,0.049000004,0,
28.07653,0.049000004,0,
28.09616,0.048000002,0,
28.11737,0.048000002,0,
28.13703,0.048000002,0,
28.15756,0.049000004,0,
28.17805,0.048000002,0,
28.19847,0.048000002,0,
28.22303,0.048000002,0,
28.24407,0.047,0,
28.26416,0.045999998,0,
28.28546,0.048000002,0,
28.30564,0.049000004,0,
28.32544,0.049000004,0,
28.34596,0.049999998,0,
28.36651,0.048000002,0,
28.38699,0.049000004,0,
28.4115,0.049999998,0,
28.43216,0.049999998,0,
28.45335,0.049000004,0,
28.47297,0.049999998,0,
28.49384,0.051,0,
28.51396,0.051,0,
28.53438,0.049999998,0,
28.55486,0.049999998,0,
28.57531,0.051,0,
28.59997,0.049999998,0,
28.62034,0.051,0,
28.64087,0.049999998,0,
28.66207,0.052000002,0,
28.68224,0.052999997,0,
28.70255,0.052999997,0,
28.72284,0.053999999,0,
28.74324,0.056000003,0,
28.76438,0.056999997,0,
28.7842,0.056999997,0,
28.80889,0.058,0,
28.82935,0.058,0,
28.84965,0.056999997,0,
28.87088,0.056999997,0,
28.89073,0.056999997,0,
28.91128,0.056000003,0,
28.93224,0.056000003,0,
28.95209,0.055000001,0,
28.97257,0.056999997,0,
28.9973,0.056000003,0,
29.01781,0.056000003,0,
29.03814,0.056000003,0,
29.05884,0.058,0,
29.07904,0.056999997,0,
29.09962,0.056999997,0,
29.12016,0.056000003,0,
29.1406,0.056000003,0,
29.16106,0.053999999,0,
29.18559,0.056999997,0,
29.20609,0.058,0,
29.22731,0.059000002,0,
29.24713,0.059000002,0,
29.26816,0.058,0,
29.28803,0.058,0,
29.30848,0.056999997,0,
29.32903,0.056999997,0,
29.34937,0.056999997,0,
29.37402,0.056999997,0,
29.39455,0.053999999,0,
29.41535,0.053999999,0,
29.43571,0.053999999,0,
29.45662,0.053999999,0,
29.47702,0.051,0,
29.4969,0.052000002,0,
29.5174,0.051,0,
29.53797,0.049999998,0,
29.56243,0.049999998,0,
29.583,0.052000002,0,
29.60431,0.052000002,0,
29.62401,0.052000002,0,
29.64506,0.052000002,0,
29.66533,0.052999997,0,
29.68529,0.052999997,0,
29.7058,0.052000002,0,
29.72647,0.053999999,0,
29.75109,0.055000001,0,
29.7717,0.056000003,0,
29.79255,0.056000003,0,
29.81239,0.055000001,0,
29.8328,0.056000003,0,
29.8538,0.055000001,0,
29.87371,0.052000002,0,
29.89419,0.052000002,0,
29.91476,0.051,0,
29.9393,0.053999999,0,
29.96004,0.056000003,0,
29.98033,0.056999997,0,
30.00139,0.056999997,0,
30.02112,0.056000003,0,
30.04226,0.053999999,0,
30.06225,0.052000002,0,
30.0825,0.051,0,
30.10331,0.051,0,
30.12406,0.052000002,0,
30.14812,0.053999999,0,
30.16876,0.055000001,0,
30.18909,0.053999999,0,
30.2096,0.053999999,0,
30.23022,0.053999999,0,
30.25104,0.053999999,0,
30.27125,0.053999999,0,
30.29151,0.055000001,0,
30.31194,0.052999997,0,
30.3366,0.053999999,0,
30.35699,0.052999997,0,
30.37807,0.052999997,0,
30.39802,0.052999997,0,
30.41842,0.052999997,0,
30.43904,0.052000002,0,
30.45939,0.051,0,
30.48004,0.051,0,
30.50046,0.049999998,0,
30.52498,0.051,0,
30.54618,0.049999998,0,
30.56594,0.049999998,0,
30.58654,0.051,0,
30.60695,0.052000002,0,
30.62745,0.052999997,0,
30.64783,0.052000002,0,
30.66823,0.053999999,0,
30.68886,0.053999999,0,
30.71342,0.052999997,0,
30.73388,0.052000002,0,
30.75452,0.053999999,0,
30.77538,0.055000001,0,
30.7954,0.053999999,0,
30.81597,0.053999999,0,
30.83615,0.055000001,0,
30.85671,0.052999997,0,
30.87745,0.051,0,
30.90185,0.053999999,0,
30.92222,0.052999997,0,
30.94289,0.052999997,0,
30.96323,0.052000002,0,
30.98377,0.051,0,
31.00433,0.049999998,0,
31.02515,0.049000004,0,
31.04568,0.049000004,0,
31.06586,0.049000004,0,
31.09017,0.049999998,0,
31.11086,0.049000004,0,
31.1312,0.049999998,0,
31.15226,0.052000002,0,
31.17214,0.051,0,
31.19273,0.051,0,
31.21338,0.049999998,0,
31.2336,0.049999998,0,
31.25406,0.049999998,0,
31.2786,0.049000004,0,
31.29915,0.049000004,0,
31.31971,0.052000002,0,
31.34053,0.053999999,0,
31.36099,0.055000001,0,
31.38125,0.053999999,0,
31.40151,0.053999999,0,
31.42229,0.052000002,0,
31.44266,0.052000002,0,
31.46694,0.052999997,0,
31.48755,0.055000001,0,
31.50811,0.056000003,0,
31.52864,0.056999997,0,
31.54907,0.056000003,0,
31.56951,0.055000001,0,
31.59004,0.052999997,0,
31.61051,0.052999997,0,
31.63101,0.052999997,0,
31.65149,0.053999999,0,
31.67637,0.053999999,0,
31.69647,0.052999997,0,
31.71696,0.052999997,0,
31.73741,0.052999997,0,
31.75782,0.055000001,0,
31.77831,0.056000003,0,
31.79869,0.055000001,0,
31.81937,0.055000001,0,
31.83989,0.052999997,0,
31.86428,0.055000001,0,
31.88485,0.056000003,0,
31.90524,0.056999997,0,
31.92583,0.056999997,0,
31.94655,0.058,0,
31.96676,0.056999997,0,
31.98733,0.056000003,0,
32.00763,0.055000001,0,
32.02818,0.053999999,0,
32.05289,0.055000001,0,
32.07328,0.056000003,0,
32.09366,0.058,0,
32.11425,0.056999997,0,
32.13474,0.056999997,0,
32.1552,0.056000003,0,
32.17578,0.053999999,0,
32.19612,0.052999997,0,
32.21698,0.052999997,0,
32.24118,0.052999997,0,
32.26186,0.052999997,0,
32.28221,0.053999999,0,
32.30276,0.053999999,0,
32.32315,0.052999997,0,
32.344,0.053999999,0,
32.36405,0.056000003,0,
32.38446,0.056000003,0,
32.40501,0.056000003,0,
32.42952,0.056999997,0,
32.45007,0.059000002,0,
32.47064,0.060000004,0,
32.49106,0.060000004,0,
32.51162,0.060000004,0,
32.53196,0.058,0,
32.55252,0.056999997,0,
32.57298,0.058,0,
32.59343,0.059000002,0,
32.61801,0.059000002,0,
32.63859,0.060000004,0,
32.6589,0.060999998,0,
32.6795,0.060999998,0,
32.6999,0.060999998,0,
32.721,0.060999998,0,
32.74084,0.060000004,0,
32.76141,0.059000002,0,
32.78203,0.059000002,0,
32.80638,0.060000004,0,
32.82709,0.060999998,0,
32.84735,0.060999998,0,
32.86779,0.059000002,0,
32.88839,0.058,0,
32.90873,0.058,0,
32.92926,0.056000003,0,
32.9499,0.056999997,0,
32.97025,0.058,0,
32.99083,0.058,0,
33.01587,0.058,0,
33.03584,0.056999997,0,
33.05632,0.056000003,0,
33.07705,0.056999997,0,
33.0973,0.056000003,0,
33.11769,0.058,0,
33.13816,0.056999997,0,
33.1588,0.056999997,0,
33.17924,0.056999997,0,
33.20375,0.056999997,0,
33.22455,0.056000003,0,
33.24466,0.056000003,0,
33.26522,0.055000001,0,
33.28599,0.056000003,0,
33.30613,0.056000003,0,
33.32671,0.058,0,
33.34729,0.056000003,0,
33.36755,0.055000001,0,
33.39208,0.056000003,0,
33.41317,0.056000003,0,
33.43304,0.055000001,0,
33.45412,0.055000001,0,
33.47449,0.056000003,0,
33.49446,0.053999999,0,
33.51517,0.052999997,0,
33.5359,0.052999997,0,
33.55603,0.052999997,0,
33.58118,0.052000002,0,
33.60107,0.053999999,0,
33.62204,0.056000003,0,
33.64196,0.056000003,0,
33.66241,0.056000003,0,
33.68283,0.056999997,0,
33.7033,0.058,0,
33.72407,0.058,0,
33.74441,0.060000004,0,
33.76897,0.060999998,0,
33.78954,0.060999998,0,
33.80986,0.063000002,0,
33.83051,0.062,0,
33.85073,0.062,0,
33.87125,0.060999998,0,
33.892,0.058,0,
33.91235,0.056000003,0,
33.93291,0.056000003,0,
33.95749,0.058,0,
33.97784,0.056000003,0,
33.99826,0.053999999,0,
34.01884,0.053999999,0,
34.03933,0.055000001,0,
34.05965,0.056000003,0,
34.0803,0.055000001,0,
34.10088,0.055000001,0,
34.12128,0.055000001,0,
34.14587,0.056999997,0,
34.16631,0.056000003,0,
34.18722,0.055000001,0,
34.20721,0.055000001,0,
34.22793,0.056999997,0,
34.24837,0.056999997,0,
34.26884,0.056000003,0,
34.28924,0.056000003,0,
34.30961,0.056000003,0,
34.33471,0.055000001,0,
34.3548,0.052999997,0,
34.37539,0.052999997,0,
34.3961,0.052999997,0,
34.41605,0.052000002,0,
34.43661,0.052000002,0,
34.45741,0.053999999,0,
34.47765,0.052000002,0,
34.49804,0.049999998,0,
34.51854,0.051,0,
34.54301,0.051,0,
34.56372,0.049999998,0,
34.58407,0.051,0,
34.6045,0.049999998,0,
34.62502,0.049999998,0,
34.64548,0.049000004,0,
34.66605,0.049000004,0,
34.68699,0.049000004,0,
34.70709,0.049000004,0,
34.73176,0.049000004,0,
34.75229,0.049000004,0,
34.77304,0.049000004,0,
34.79316,0.048000002,0,
34.81335,0.049000004,0,
34.83438,0.049999998,0,
34.85434,0.048000002,0,
34.87497,0.047,0,
34.89543,0.048000002,0,
34.92001,0.049000004,0,
34.94037,0.051,0,
34.96084,0.052000002,0,
34.98158,0.053999999,0,
35.00176,0.052999997,0,
35.02264,0.052000002,0,
35.0428,0.051,0,
35.06328,0.049999998,0,
35.08383,0.049999998,0,
35.10847,0.049000004,0,
35.12884,0.049000004,0,
35.14925,0.049999998,0,
35.16968,0.049000004,0,
35.19031,0.049999998,0,
35.2107,0.049999998,0,
35.23119,0.049000004,0,
35.25175,0.049000004,0,
35.2723,0.049999998,0,
35.29743,0.049000004,0,
35.3172,0.048000002,0,
35.33764,0.049000004,0,
35.35849,0.049000004,0,
35.37874,0.051,0,
35.39924,0.052000002,0,
35.41962,0.052999997,0,
35.44009,0.051,0,
35.46066,0.052000002,0,
35.48505,0.053999999,0,
35.50619,0.052999997,0,
35.52633,0.053999999,0,
35.54654,0.052000002,0,
35.56721,0.052999997,0,
35.58762,0.052000002,0,
35.60814,0.051,0,
35.62859,0.051,0,
35.64906,0.049999998,0,
35.67347,0.051,0,
35.69442,0.051,0,
35.71465,0.049000004,0,
35.73491,0.048000002,0,
35.75553,0.048000002,0,
35.77644,0.045999998,0,
35.79648,0.045000003,0,
35.81741,0.045000003,0,
35.83757,0.044000001,0,
35.85782,0.042999999,0,
35.88234,0.044000001,0,
35.90289,0.044000001,0,
35.92344,0.044000001,0,
35.94385,0.045000003,0,
35.96461,0.042999999,0,
35.98809,0.041999997,0,
36.0084,0.041999997,0,
36.03667,0.041999997,0,
36.04657,0.041999997,0,
36.07085,0.044000001,0,
36.09134,0.042999999,0,
36.1118,0.044000001,0,
36.13248,0.045000003,0,
36.15293,0.045000003,0,
36.17327,0.045000003,0,
36.19415,0.045000003,0,
36.21432,0.045999998,0,
36.23483,0.047,0,
36.25925,0.045999998,0,
36.28021,0.047,0,
36.30073,0.047,0,
36.32089,0.048000002,0,
36.34134,0.049000004,0,
36.36182,0.051,0,
36.38218,0.051,0,
36.40272,0.048000002,0,
36.42315,0.049000004,0,
36.44791,0.049999998,0,
36.46816,0.049999998,0,
36.48877,0.049000004,0,
36.5091,0.049000004,0,
36.52958,0.051,0,
36.55014,0.052999997,0,
36.57063,0.052999997,0,
36.59113,0.052000002,0,
36.61156,0.051,0,
36.6366,0.052000002,0,
36.65672,0.052000002,0,
36.67721,0.052000002,0,
36.69761,0.052999997,0,
36.71793,0.052000002,0,
36.7385,0.052000002,0,
36.7591,0.052000002,0,
36.7795,0.052000002,0,
36.79995,0.052000002,0,
36.82443,0.055000001,0,
36.84502,0.053999999,0,
36.86567,0.052000002,0,
36.88603,0.052000002,0,
36.90651,0.052000002,0,
36.92702,0.051,0,
36.9474,0.051,0,
36.96816,0.051,0,
36.98834,0.049999998,0,
37.01283,0.052000002,0,
37.0336,0.055000001,0,
37.05388,0.056000003,0,
37.07451,0.056000003,0,
37.09494,0.056000003,0,
37.11584,0.055000001,0,
37.13604,0.056000003,0,
37.15635,0.056999997,0,
37.17692,0.056000003,0,
37.20151,0.055000001,0,
37.22176,0.056999997,0,
37.24228,0.056999997,0,
37.26283,0.056999997,0,
37.28337,0.055000001,0,
37.30434,0.053999999,0,
37.32424,0.053999999,0,
37.34473,0.055000001,0,
37.36522,0.055000001,0,
37.38626,0.053999999,0,
37.41061,0.053999999,0,
37.43066,0.056000003,0,
37.45122,0.056000003,0,
37.47172,0.056000003,0,
37.49229,0.055000001,0,
37.5126,0.053999999,0,
37.53394,0.053999999,0,
37.55441,0.052999997,0,
37.574,0.052000002,0,
37.59881,0.051,0,
37.61929,0.051,0,
37.63973,0.051,0,
37.6603,0.052000002,0,
37.68063,0.051,0,
37.70112,0.049999998,0,
37.72172,0.049999998,0,
37.74219,0.049999998,0,
37.76255,0.049000004,0,
37.78705,0.048000002,0,
37.80762,0.048000002,0,
37.82802,0.049000004,0,
37.84858,0.049000004,0,
37.86894,0.051,0,
37.88943,0.049000004,0,
37.91006,0.049999998,0,
37.93041,0.049000004,0,
37.95095,0.049000004,0,
37.97547,0.049000004,0,
37.99641,0.052000002,0,
38.01672,0.052999997,0,
38.03693,0.052999997,0,
38.05755,0.052999997,0,
38.07804,0.052999997,0,
38.09846,0.052999997,0,
38.11899,0.052000002,0,
38.13981,0.051,0,
38.16417,0.051,0,
38.18462,0.052000002,0,
38.20493,0.051,0,
38.2255,0.051,0,
38.24591,0.051,0,
38.26636,0.049999998,0,
38.28716,0.051,0,
38.30725,0.051,0,
38.32799,0.051,0,
38.3522,0.048000002,0,
38.37332,0.049000004,0,
38.39326,0.049000004,0,
38.41378,0.049000004,0,
38.43478,0.048000002,0,
38.45478,0.045999998,0,
38.47536,0.045000003,0,
38.49611,0.045999998,0,
38.5162,0.045999998,0,
38.54096,0.045999998,0,
38.56137,0.047,0,
38.58189,0.048000002,0,
38.60233,0.048000002,0,
38.62337,0.048000002,0,
38.64336,0.049000004,0,
38.66422,0.049999998,0,
38.68483,0.049000004,0,
38.70462,0.051,0,
38.72902,0.052000002,0,
38.7497,0.052000002,0,
38.77013,0.052999997,0,
38.79064,0.052999997,0,
38.81157,0.053999999,0,
38.8317,0.052000002,0,
38.85207,0.049000004,0,
38.87329,0.051,0,
38.89297,0.051,0,
38.91341,0.049999998,0,
38.93796,0.051,0,
38.95857,0.052999997,0,
38.9791,0.052999997,0,
38.99954,0.052000002,0,
39.01994,0.052000002,0,
39.04041,0.051,0,
39.06102,0.051,0,
39.0813,0.049000004,0,
39.10186,0.049999998,0,
39.12687,0.049000004,0,
39.14711,0.049000004,0,
39.16753,0.049000004,0,
39.18784,0.049999998,0,
39.20833,0.049999998,0,
39.22889,0.049000004,0,
39.24931,0.048000002,0,
39.26986,0.048000002,0,
39.29032,0.045999998,0,
39.31487,0.045999998,0,
39.33573,0.047,0,
39.35581,0.045999998,0,
39.37658,0.047,0,
39.39682,0.045999998,0,
39.41735,0.047,0,
39.43843,0.047,0,
39.45809,0.048000002,0,
39.47891,0.045999998,0,
39.50327,0.045999998,0,
39.52383,0.047,0,
39.54465,0.047,0,
39.56495,0.047,0,
39.58532,0.045999998,0,
39.60582,0.045999998,0,
39.62621,0.045000003,0,
39.64748,0.045999998,0,
39.66709,0.049000004,0,
39.69183,0.049999998,0,
39.71227,0.052000002,0,
39.73268,0.051,0,
39.75311,0.052000002,0,
39.77357,0.049000004,0,
39.7941,0.049000004,0,
39.81467,0.052000002,0,
39.83507,0.051,0,
39.85555,0.051,0,
39.87999,0.052000002,0,
39.90065,0.052000002,0,
39.92102,0.051,0,
39.94173,0.052999997,0,
39.9626,0.052999997,0,
39.98256,0.053999999,0,
40.00309,0.052999997,0,
40.02349,0.052999997,0,
40.04452,0.052000002,0,
40.06845,0.052000002,0,
40.08889,0.052999997,0,
40.10952,0.051,0,
40.12999,0.051,0,
40.15051,0.052000002,0,
40.17177,0.052999997,0,
40.19134,0.052999997,0,
40.21199,0.051,0,
40.23238,0.049000004,0,
40.25692,0.049999998,0,
40.2773,0.049999998,0,
40.29797,0.049999998,0,
40.31859,0.049000004,0,
40.33884,0.049999998,0,
40.35934,0.049000004,0,
40.37975,0.049000004,0,
40.40023,0.048000002,0,
40.42134,0.047,0,
40.44117,0.047,0,
40.4659,0.048000002,0,
40.4865,0.048000002,0,
40.50681,0.047,0,
40.52734,0.047,0,
40.54783,0.047,0,
40.56817,0.045999998,0,
40.58867,0.045999998,0,
40.60913,0.045999998,0,
40.62976,0.045999998,0,
40.65432,0.048000002,0,
40.67498,0.049999998,0,
40.69515,0.052000002,0,
40.71584,0.052000002,0,
40.73626,0.048000002,0,
40.75671,0.048000002,0,
40.77725,0.047,0,
40.79763,0.049000004,0,
40.81805,0.049999998,0,
40.84271,0.051,0,
40.8631,0.051,0,
40.88371,0.051,0,
40.90406,0.052000002,0,
40.9245,0.052000002,0,
40.94542,0.052000002,0,
40.96576,0.052000002,0,
40.98602,0.052000002,0,
41.00693,0.051,0,
41.03111,0.049999998,0,
41.05165,0.049000004,0,
41.07196,0.049000004,0,
41.09248,0.048000002,0,
41.11378,0.045000003,0,
41.1334,0.045999998,0,
41.15472,0.047,0,
41.17452,0.047,0,
41.19484,0.047,0,
41.21942,0.049999998,0,
41.23989,0.052000002,0,
41.2606,0.052000002,0,
41.28182,0.052000002,0,
41.30131,0.052000002,0,
41.32247,0.051,0,
41.34227,0.049999998,0,
41.36288,0.048000002,0,
41.38346,0.047,0,
41.40786,0.049000004,0,
41.42857,0.049999998,0,
41.44893,0.049999998,0,
41.46988,0.051,0,
41.4898,0.052000002,0,
41.51088,0.052999997,0,
41.53073,0.052000002,0,
41.55119,0.052000002,0,
41.57232,0.052999997,0,
41.59632,0.053999999,0,
41.61687,0.052999997,0,
41.63731,0.052000002,0,
41.65781,0.051,0,
41.67829,0.052000002,0,
41.69874,0.052999997,0,
41.71945,0.052000002,0,
41.73962,0.052999997,0,
41.76007,0.052000002,0,
41.78469,0.052000002,0,
41.80573,0.053999999,0,
41.82568,0.053999999,0,
41.84613,0.053999999,0,
41.86664,0.053999999,0,
41.88717,0.055000001,0,
41.90751,0.056000003,0,
41.92802,0.056000003,0,
41.9485,0.053999999,0,
41.973,0.052999997,0,
41.9937,0.052999997,0,
42.01403,0.055000001,0,
42.0345,0.056000003,0,
42.05584,0.056000003,0,
42.07585,0.053999999,0,
42.09601,0.052999997,0,
42.11638,0.052000002,0,
42.13693,0.051,0,
42.15773,0.052999997,0,
42.18206,0.055000001,0,
42.20264,0.055000001,0,
42.22379,0.056000003,0,
42.24351,0.053999999,0,
42.26392,0.053999999,0,
42.2844,0.052999997,0,
42.30501,0.052000002,0,
42.32533,0.049999998,0,
42.3458,0.048000002,0,
42.37042,0.049000004,0,
42.39093,0.051,0,
42.41198,0.052000002,0,
42.43261,0.051,0,
42.45297,0.051,0,
42.47299,0.052000002,0,
42.49329,0.052000002,0,
42.51405,0.052999997,0,
42.53482,0.052999997,0,
42.55884,0.053999999,0,
42.57929,0.055000001,0,
42.60068,0.056999997,0,
42.6204,0.059000002,0,
42.64076,0.059000002,0,
42.66155,0.056999997,0,
42.68208,0.056000003,0,
42.70207,0.055000001,0,
42.72282,0.055000001,0,
42.74727,0.056999997,0,
42.76777,0.056999997,0,
42.78829,0.058,0,
42.80866,0.058,0,
42.82928,0.059000002,0,
42.84988,0.059000002,0,
42.87008,0.060000004,0,
42.8906,0.058,0,
42.91106,0.056999997,0,
42.93571,0.056999997,0,
42.95611,0.058,0,
42.97668,0.056999997,0,
42.99714,0.055000001,0,
43.01818,0.053999999,0,
43.03823,0.052000002,0,
43.05851,0.051,0,
43.07905,0.049000004,0,
43.09944,0.049999998,0,
43.124,0.052000002,0,
43.14473,0.052000002,0,
43.1651,0.052000002,0,
43.18557,0.053999999,0,
43.20599,0.053999999,0,
43.22649,0.052999997,0,
43.24699,0.052999997,0,
43.26747,0.051,0,
43.28778,0.051,0,
43.31242,0.051,0,
43.33313,0.051,0,
43.35431,0.051,0,
43.37465,0.051,0,
43.3945,0.049999998,0,
43.4148,0.052000002,0,
43.43535,0.051,0,
43.45591,0.051,0,
43.47622,0.049999998,0,
43.50131,0.048000002,0,
43.52142,0.049999998,0,
43.54186,0.052000002,0,
43.56245,0.052999997,0,
43.58285,0.052999997,0,
43.60395,0.052000002,0,
43.62423,0.049999998,0,
43.64465,0.049999998,0,
43.66486,0.049000004,0,
43.68521,0.049000004,0,
43.70984,0.049999998,0,
43.73031,0.052999997,0,
43.75195,0.052999997,0,
43.77251,0.051,0,
43.79284,0.051,0,
43.81336,0.052000002,0,
43.83319,0.051,0,
43.85326,0.049000004,0,
43.87434,0.049000004,0,
43.89837,0.049000004,0,
43.91885,0.049000004,0,
43.93947,0.049999998,0,
43.95979,0.051,0,
43.98054,0.052000002,0,
44.00085,0.052999997,0,
44.02169,0.052000002,0,
44.04184,0.052000002,0,
44.0626,0.051,0,
44.08691,0.051,0,
44.10766,0.052000002,0,
44.12777,0.052999997,0,
44.14817,0.056000003,0,
44.16928,0.053999999,0,
44.18963,0.053999999,0,
44.21009,0.052000002,0,
44.23013,0.052999997,0,
44.25052,0.052999997,0,
44.27512,0.053999999,0,
44.29575,0.055000001,0,
44.31649,0.055000001,0,
44.33691,0.056000003,0,
44.35735,0.056000003,0,
44.37798,0.058,0,
44.39821,0.056999997,0,
44.41853,0.059000002,0,
44.43913,0.060000004,0,
44.46371,0.060999998,0,
44.48414,0.062,0,
44.50494,0.060000004,0,
44.52504,0.058,0,
44.54593,0.056000003,0,
44.56623,0.056000003,0,
44.5866,0.055000001,0,
44.60728,0.056000003,0,
44.62747,0.055000001,0,
44.65179,0.056999997,0,
44.67248,0.058,0,
44.6929,0.056000003,0,
44.71399,0.056000003,0,
44.73381,0.056000003,0,
44.75427,0.055000001,0,
44.77501,0.055000001,0,
44.7955,0.053999999,0,
44.81589,0.052999997,0,
44.8405,0.052999997,0,
44.86083,0.053999999,0,
44.88139,0.056000003,0,
44.90182,0.058,0,
44.9223,0.058,0,
44.9427,0.059000002,0,
44.96307,0.059000002,0,
44.98357,0.060000004,0,
45.00462,0.060999998,0,
45.0247,0.059000002,0,
45.04921,0.059000002,0,
45.06993,0.060000004,0,
45.09034,0.062,0,
45.11127,0.063000002,0,
45.1318,0.062,0,
45.15213,0.062,0,
45.1728,0.060999998,0,
45.19331,0.060999998,0,
45.21309,0.059000002,0,
45.23756,0.060999998,0,
45.25809,0.062,0,
45.27846,0.062,0,
45.29891,0.060999998,0,
45.31944,0.060999998,0,
45.3401,0.060999998,0,
45.36114,0.060000004,0,
45.38095,0.059000002,0,
45.40127,0.059000002,0,
45.42613,0.059000002,0,
45.44668,0.058,0,
45.46716,0.056999997,0,
45.48752,0.056000003,0,
45.508,0.055000001,0,
45.52848,0.056000003,0,
45.549,0.056999997,0,
45.56929,0.056999997,0,
45.58987,0.056000003,0,
45.61452,0.056999997,0,
45.6348,0.060000004,0,
45.65539,0.060999998,0,
45.67591,0.060999998,0,
45.69685,0.060999998,0,
45.71726,0.060999998,0,
45.7372,0.060999998,0,
45.75779,0.062,0,
45.77827,0.060999998,0,
45.80295,0.060999998,0,
45.82324,0.060999998,0,
45.84369,0.060999998,0,
45.8643,0.062,0,
45.8847,0.062,0,
45.90514,0.060999998,0,
45.92589,0.060999998,0,
45.94645,0.059000002,0,
45.967,0.060000004,0,
45.99112,0.060000004,0,
46.01206,0.060999998,0,
46.03212,0.060999998,0,
46.05281,0.062,0,
46.07347,0.060999998,0,
46.09352,0.060999998,0,
46.11403,0.059000002,0,
46.13454,0.060000004,0,
46.15496,0.058,0,
46.17966,0.059000002,0,
46.20018,0.059000002,0,
46.22106,0.059000002,0,
46.2412,0.060000004,0,
46.26164,0.058,0,
46.28205,0.058,0,
46.30295,0.056999997,0,
46.32304,0.056999997,0,
46.34356,0.056999997,0,
46.36396,0.058,0,
46.38878,0.056999997,0,
46.40897,0.056999997,0,
46.42945,0.056999997,0,
46.45046,0.056000003,0,
46.47035,0.058,0,
46.49104,0.056999997,0,
46.51148,0.058,0,
46.53499,0.056999997,0,
46.55539,0.056999997,0,
46.58774,0.056999997,0,
46.59766,0.056999997,0,
46.61794,0.056000003,0,
46.63851,0.056999997,0,
46.65881,0.058,0,
46.67932,0.058,0,
46.70041,0.056999997,0,
46.72034,0.055000001,0,
46.74083,0.055000001,0,
46.76522,0.056000003,0,
46.78573,0.055000001,0,
46.8064,0.056000003,0,
46.82674,0.055000001,0,
46.84738,0.053999999,0,
46.86774,0.055000001,0,
46.88836,0.053999999,0,
46.90897,0.055000001,0,
46.92908,0.053999999,0,
46.95402,0.056999997,0,
46.97422,0.056000003,0,
46.99468,0.053999999,0,
47.01526,0.055000001,0,
47.03576,0.055000001,0,
47.05618,0.055000001,0,
47.0766,0.055000001,0,
47.09716,0.056000003,0,
47.11786,0.056000003,0,
47.14278,0.058,0,
47.1629,0.059000002,0,
47.18311,0.059000002,0,
47.20407,0.059000002,0,
47.22432,0.058,0,
47.24499,0.058,0,
47.265,0.056000003,0,
47.2855,0.056000003,0,
47.30605,0.055000001,0,
47.33131,0.056000003,0,
47.35164,0.058,0,
47.37147,0.060000004,0,
47.39208,0.059000002,0,
47.41251,0.059000002,0,
47.43306,0.058,0,
47.45339,0.058,0,
47.47384,0.058,0,
47.49446,0.056999997,0,
47.51899,0.058,0,
47.5401,0.060000004,0,
47.55988,0.060999998,0,
47.58052,0.060999998,0,
47.60134,0.060000004,0,
47.62178,0.060000004,0,
47.64206,0.058,0,
47.66243,0.056000003,0,
47.6829,0.056999997,0,
47.70753,0.056000003,0,
47.7278,0.055000001,0,
47.74835,0.055000001,0,
47.76895,0.056999997,0,
47.78925,0.059000002,0,
47.80972,0.059000002,0,
47.83027,0.059000002,0,
47.85147,0.060000004,0,
47.87128,0.060999998,0,
47.89231,0.060999998,0,
47.91626,0.063000002,0,
47.93706,0.063000002,0,
47.95741,0.063000002,0,
47.9777,0.062,0,
47.99818,0.063999997,0,
48.01883,0.064999999,0,
48.03921,0.064999999,0,
48.05981,0.063999997,0,
48.08018,0.063999997,0,
48.10467,0.063999997,0,
48.12516,0.066000001,0,
48.14563,0.064999999,0,
48.16618,0.063999997,0,
48.18722,0.063999997,0,
48.20708,0.063000002,0,
48.22767,0.060999998,0,
48.24814,0.060999998,0,
48.26864,0.060000004,0,
48.29315,0.062,0,
48.31358,0.062,0,
48.33405,0.060999998,0,
48.35473,0.060999998,0,
48.37503,0.062,0,
48.3955,0.062,0,
48.4161,0.060999998,0,
48.43661,0.059000002,0,
48.45697,0.060000004,0,
48.48156,0.060000004,0,
48.50195,0.060000004,0,
48.52257,0.059000002,0,
48.54295,0.058,0,
48.56332,0.056000003,0,
48.58402,0.055000001,0,
48.60466,0.055000001,0,
48.62496,0.055000001,0,
48.64534,0.055000001,0,
48.66986,0.053999999,0,
48.69049,0.055000001,0,
48.71171,0.055000001,0,
48.73143,0.056999997,0,
48.75214,0.058,0,
48.77273,0.058,0,
48.79306,0.059000002,0,
48.81338,0.058,0,
48.83385,0.058,0,
48.85845,0.058,0,
48.87875,0.059000002,0,
48.89949,0.058,0,
48.9197,0.056999997,0,
48.94046,0.058,0,
48.96082,0.060000004,0,
48.98167,0.060000004,0,
49.00196,0.059000002,0,
49.02289,0.059000002,0,
49.0467,0.059000002,0,
49.0672,0.060999998,0,
49.08773,0.062,0,
49.10823,0.060999998,0,
49.12861,0.060999998,0,
49.14927,0.062,0,
49.16964,0.062,0,
49.19021,0.062,0,
49.21093,0.063999997,0,
49.23122,0.062,0,
49.25559,0.060999998,0,
49.27611,0.062,0,
49.29675,0.063000002,0,
49.31745,0.063999997,0,
49.33755,0.063000002,0,
49.35817,0.060999998,0,
49.3786,0.060000004,0,
49.39902,0.059000002,0,
49.41951,0.056999997,0,
49.44418,0.058,0,
49.46456,0.056999997,0,
49.48506,0.058,0,
49.50543,0.058,0,
49.52622,0.058,0,
49.54653,0.059000002,0,
49.56696,0.060000004,0,
49.58754,0.058,0,
49.60797,0.060000004,0,
49.6326,0.060999998,0,
49.65297,0.062,0,
49.67337,0.062,0,
49.69395,0.063000002,0,
49.71441,0.063000002,0,
49.7351,0.062,0,
49.75538,0.063000002,0,
49.77586,0.063000002,0,
49.7965,0.063000002,0,
49.82078,0.060999998,0,
49.84191,0.060999998,0,
49.86189,0.062,0,
49.88226,0.060999998,0,
49.90283,0.062,0,
49.92335,0.060999998,0,
49.94386,0.059000002,0,
49.96433,0.059000002,0,
49.98494,0.058,0,
50.00925,0.056999997,0,
50.0304,0.056999997,0,
50.05027,0.056999997,0,
50.07066,0.056999997,0,
50.09161,0.058,0,
50.11189,0.059000002,0,
50.13231,0.059000002,0,
50.15303,0.058,0,
50.17315,0.056999997,0,
50.1981,0.056999997,0,
50.21821,0.058,0,
50.23866,0.058,0,
50.25925,0.060000004,0,
50.27979,0.060000004,0,
50.30033,0.060000004,0,
50.32057,0.059000002,0,
50.3413,0.056999997,0,
50.36189,0.053999999,0,
50.38638,0.055000001,0,
50.40664,0.055000001,0,
50.42756,0.055000001,0,
50.44756,0.055000001,0,
50.46814,0.056999997,0,
50.48859,0.059000002,0,
50.50904,0.060000004,0,
50.52968,0.059000002,0,
50.55002,0.059000002,0,
50.57482,0.062,0,
50.59494,0.063000002,0,
50.61542,0.062,0,
50.636,0.062,0,
50.6567,0.060000004,0,
50.67709,0.060000004,0,
50.69787,0.058,0,
50.71803,0.058,0,
50.73838,0.059000002,0,
50.75885,0.056999997,0,
50.78349,0.056999997,0,
50.8038,0.058,0,
50.82437,0.059000002,0,
50.84488,0.060000004,0,
50.86542,0.059000002,0,
50.88592,0.058,0,
50.90677,0.056999997,0,
50.92677,0.055000001,0,
50.9477,0.056000003,0,
50.97188,0.055000001,0,
50.99235,0.056999997,0,
51.01284,0.059000002,0,
51.03333,0.059000002,0,
51.05372,0.059000002,0,
51.07432,0.058,0,
51.09489,0.056000003,0,
51.11528,0.055000001,0,
51.13576,0.055000001,0,
51.16022,0.055000001,0,
51.18107,0.056000003,0,
51.20171,0.056000003,0,
51.22242,0.056000003,0,
51.24328,0.055000001,0,
51.26341,0.055000001,0,
51.28389,0.053999999,0,
51.30426,0.052000002,0,
51.32602,0.051,0,
51.35035,0.049999998,0,
51.37042,0.051,0,
51.38959,0.052000002,0,
51.41026,0.051,0,
51.43108,0.052000002,0,
51.45111,0.052999997,0,
51.47159,0.052999997,0,
51.49212,0.053999999,0,
51.51268,0.053999999,0,
51.53745,0.055000001,0,
51.55825,0.055000001,0,
51.57922,0.053999999,0,
51.60027,0.053999999,0,
51.62076,0.053999999,0,
51.64089,0.052999997,0,
51.66069,0.052999997,0,
51.68145,0.052000002,0,
51.70108,0.052999997,0,
51.72553,0.055000001,0,
51.74598,0.059000002,0,
51.7665,0.060000004,0,
51.78719,0.060000004,0,
51.80761,0.059000002,0,
51.82795,0.060999998,0,
51.84837,0.062,0,
51.86895,0.060999998,0,
51.88937,0.060999998,0,
51.91374,0.063000002,0,
51.93444,0.060999998,0,
51.95485,0.060000004,0,
51.97543,0.060999998,0,
51.99588,0.062,0,
52.01627,0.062,0,
52.03722,0.063000002,0,
52.05733,0.063999997,0,
52.07804,0.063000002,0,
52.09822,0.062,0,
52.12278,0.060999998,0,
52.14341,0.060999998,0,
52.16382,0.060000004,0,
52.18422,0.059000002,0,
52.20481,0.056000003,0,
52.2253,0.053999999,0,
52.24656,0.052000002,0,
52.26697,0.049999998,0,
52.28682,0.052999997,0,
52.31111,0.053999999,0,
52.33176,0.055000001,0,
52.35233,0.053999999,0,
52.37271,0.055000001,0,
52.39331,0.056000003,0,
52.4136,0.055000001,0,
52.43406,0.053999999,0,
52.45521,0.053999999,0,
52.47509,0.052999997,0,
52.49949,0.053999999,0,
52.52032,0.055000001,0,
52.54079,0.055000001,0,
52.56122,0.053999999,0,
52.58155,0.052999997,0,
52.60198,0.051,0,
52.62296,0.051,0,
52.64308,0.052000002,0,
52.66364,0.049999998,0,
52.68792,0.049999998,0,
52.70851,0.051,0,
52.72906,0.053999999,0,
52.74955,0.053999999,0,
52.77013,0.056000003,0,
52.79043,0.058,0,
52.81139,0.058,0,
52.83134,0.055000001,0,
52.85183,0.055000001,0,
52.87653,0.056000003,0,
52.8969,0.055000001,0,
52.91739,0.053999999,0,
52.93797,0.053999999,0,
52.9584,0.055000001,0,
52.97893,0.053999999,0,
52.99991,0.055000001,0,
53.01981,0.056000003,0,
53.04033,0.055000001,0,
53.06475,0.055000001,0,
53.08556,0.056000003,0,
53.10587,0.056000003,0,
53.12643,0.056000003,0,
53.14679,0.055000001,0,
53.16722,0.059000002,0,
53.18781,0.056999997,0,
53.20821,0.056000003,0,
53.22872,0.055000001,0,
53.25333,0.056000003,0,
53.27409,0.056999997,0,
53.29481,0.058,0,
53.31477,0.060000004,0,
53.33517,0.058,0,
53.35559,0.059000002,0,
53.37617,0.059000002,0,
53.39754,0.060000004,0,
53.41711,0.056999997,0,
53.43759,0.056999997,0,
53.46222,0.056999997,0,
53.48283,0.058,0,
53.50336,0.059000002,0,
53.52382,0.060000004,0,
53.54459,0.060999998,0,
53.56475,0.060999998,0,
53.58518,0.059000002,0,
53.60598,0.056999997,0,
53.62616,0.056000003,0,
53.65055,0.055000001,0,
53.67157,0.056000003,0,
53.6917,0.056000003,0,
53.71222,0.056000003,0,
53.73259,0.056000003,0,
53.75304,0.055000001,0,
53.7735,0.056000003,0,
53.79396,0.056000003,0,
53.81459,0.055000001,0,
53.83903,0.055000001,0,
53.85946,0.056000003,0,
53.88,0.056000003,0,
53.9008,0.058,0,
53.92099,0.060000004,0,
53.94137,0.060000004,0,
53.96186,0.060000004,0,
53.98235,0.056999997,0,
54.00281,0.056000003,0,
54.02748,0.056000003,0,
54.04796,0.056000003,0,
54.06833,0.058,0,
54.08889,0.059000002,0,
54.10928,0.058,0,
54.1307,0.056999997,0,
54.15099,0.056000003,0,
54.17067,0.056000003,0,
54.19118,0.056999997,0,
54.21585,0.056999997,0,
54.23647,0.056999997,0,
54.25688,0.056000003,0,
54.2774,0.055000001,0,
54.29773,0.052999997,0,
54.31828,0.052000002,0,
54.33882,0.052999997,0,
54.35912,0.051,0,
54.38025,0.051,0,
54.40432,0.049999998,0,
54.4252,0.051,0,
54.44528,0.052000002,0,
54.46582,0.052999997,0,
54.48623,0.052000002,0,
54.50739,0.051,0,
54.52712,0.049999998,0,
54.54826,0.048000002,0,
54.56818,0.048000002,0,
54.59291,0.048000002,0,
54.61314,0.048000002,0,
54.63367,0.048000002,0,
54.65415,0.048000002,0,
54.67504,0.048000002,0,
54.69502,0.048000002,0,
54.71579,0.049999998,0,
54.73606,0.051,0,
54.75663,0.049999998,0,
54.78102,0.049999998,0,
54.80217,0.051,0,
54.82217,0.052000002,0,
54.8425,0.052000002,0,
54.86319,0.051,0,
54.88348,0.052999997,0,
54.90459,0.053999999,0,
54.9252,0.053999999,0,
54.94479,0.053999999,0,
54.96535,0.052999997,0,
54.98983,0.053999999,0,
55.01041,0.056000003,0,
55.0311,0.058,0,
55.0515,0.055000001,0,
55.0719,0.055000001,0,
55.09266,0.053999999,0,
55.1134,0.052999997,0,
55.1332,0.052999997,0,
55.15379,0.051,0,
55.17853,0.052000002,0,
55.1988,0.052000002,0,
55.21934,0.051,0,
55.23981,0.051,0,
55.26026,0.052999997,0,
55.28082,0.052999997,0,
55.30121,0.053999999,0,
55.32167,0.052999997,0,
55.34214,0.052999997,0,
55.36684,0.051,0,
55.38743,0.052999997,0,
55.408,0.052999997,0,
55.42817,0.052000002,0,
55.44869,0.051,0,
55.46932,0.049999998,0,
55.48977,0.049000004,0,
55.51011,0.049000004,0,
55.531,0.049999998,0,
55.55537,0.049999998,0,
55.57571,0.052000002,0,
55.59631,0.052999997,0,
55.61674,0.052999997,0,
55.63786,0.052999997,0,
55.65752,0.052999997,0,
55.67804,0.052999997,0,
55.6986,0.052999997,0,
55.71916,0.053999999,0,
55.74364,0.053999999,0,
55.76397,0.055000001,0,
55.78459,0.053999999,0,
55.80594,0.052999997,0,
55.82544,0.051,0,
55.84615,0.052000002,0,
55.86653,0.052000002,0,
55.88698,0.052999997,0,
55.90766,0.053999999,0,
55.93208,0.053999999,0,
55.95258,0.055000001,0,
55.97297,0.056000003,0,
55.9935,0.055000001,0,
56.01418,0.055000001,0,
56.03454,0.053999999,0,
56.05491,0.052999997,0,
56.07533,0.053999999,0,
56.09589,0.055000001,0,
56.12091,0.053999999,0,
56.14101,0.053999999,0,
56.1615,0.055000001,0,
56.18188,0.055000001,0,
56.2023,0.056999997,0,
56.22298,0.056000003,0,
56.24326,0.056999997,0,
56.26377,0.056999997,0,
56.28436,0.056999997,0,
56.30885,0.056999997,0,
56.32954,0.056999997,0,
56.34984,0.058,0,
56.3704,0.056999997,0,
56.39096,0.055000001,0,
56.41129,0.052000002,0,
56.43206,0.051,0,
56.45263,0.049999998,0,
56.47268,0.049000004,0,
56.4936,0.049000004,0,
56.51793,0.049000004,0,
56.53831,0.048000002,0,
56.55883,0.048000002,0,
56.57928,0.049000004,0,
56.59969,0.048000002,0,
56.62065,0.045999998,0,
56.64082,0.045000003,0,
56.66154,0.045999998,0,
56.68192,0.044000001,0,
56.7062,0.045999998,0,
56.72662,0.045999998,0,
56.74768,0.045999998,0,
56.76764,0.044000001,0,
56.78801,0.045000003,0,
56.80864,0.044000001,0,
56.82894,0.044000001,0,
56.84949,0.045000003,0,
56.86998,0.044000001,0,
56.89465,0.048000002,0,
56.91503,0.049000004,0,
56.93563,0.049999998,0,
56.95609,0.051,0,
56.97646,0.052000002,0,
56.99701,0.052000002,0,
57.01749,0.052000002,0,
57.03833,0.051,0,
57.05856,0.052000002,0,
57.08301,0.053999999,0,
57.10355,0.052999997,0,
57.13096,0.053999999,0,
57.15558,0.052999997,0,
57.16534,0.051,0,
57.18534,0.049999998,0,
57.20625,0.049000004,0,
57.22667,0.049000004,0,
57.24678,0.049999998,0,
57.27135,0.051,0,
57.29202,0.052000002,0,
57.31233,0.052000002,0,
57.33285,0.052999997,0,
57.35337,0.052000002,0,
57.37391,0.052000002,0,
57.39431,0.052999997,0,
57.41519,0.052999997,0,
57.43516,0.052000002,0,
57.45973,0.053999999,0,
57.48038,0.053999999,0,
57.50118,0.056000003,0,
57.52187,0.056000003,0,
57.54191,0.056000003,0,
57.56289,0.056000003,0,
57.58277,0.055000001,0,
57.60329,0.055000001,0,
57.62373,0.055000001,0,
57.64824,0.056000003,0,
57.66879,0.056000003,0,
57.68955,0.056999997,0,
57.70969,0.056999997,0,
57.73027,0.056999997,0,
57.75117,0.056000003,0,
57.77111,0.056000003,0,
57.79224,0.056999997,0,
57.81207,0.056999997,0,
57.83661,0.056999997,0,
57.85771,0.056999997,0,
57.87841,0.058,0,
57.89817,0.056999997,0,
57.9185,0.056000003,0,
57.939,0.056000003,0,
57.95938,0.058,0,
57.97991,0.056999997,0,
58.00063,0.058,0,
58.02495,0.058,0,
58.04549,0.056000003,0,
58.06686,0.056999997,0,
58.08652,0.056999997,0,
58.10706,0.058,0,
58.12744,0.056999997,0,
58.14791,0.056000003,0,
58.16834,0.055000001,0,
58.18895,0.056000003,0,
58.20937,0.055000001,0,
58.234,0.055000001,0,
58.25442,0.055000001,0,
58.27494,0.055000001,0,
58.29534,0.053999999,0,
58.31598,0.053999999,0,
58.33643,0.052999997,0,
58.35674,0.052000002,0,
58.37724,0.052000002,0,
58.39773,0.052999997,0,
58.42239,0.055000001,0,
58.44289,0.056000003,0,
58.46393,0.056000003,0,
58.48376,0.056000003,0,
58.50428,0.056000003,0,
58.5249,0.056000003,0,
58.54536,0.053999999,0,
58.56598,0.053999999,0,
58.58626,0.055000001,0,
58.61084,0.056999997,0,
58.63153,0.056999997,0,
58.65186,0.059000002,0,
58.67213,0.059000002,0,
58.69283,0.056999997,0,
58.71315,0.056999997,0,
58.73375,0.056000003,0,
58.75428,0.056999997,0,
58.77454,0.056999997,0,
58.79909,0.056999997,0,
58.81974,0.060000004,0,
58.84056,0.059000002,0,
58.86078,0.058,0,
58.881,0.059000002,0,
58.90152,0.060000004,0,
58.92195,0.060000004,0,
58.94268,0.060000004,0,
58.96307,0.060000004,0,
58.9875,0.060999998,0,
59.00802,0.060999998,0,
59.02843,0.062,0,
59.04904,0.062,0,
59.06956,0.060999998,0,
59.0899,0.060000004,0,
59.11079,0.059000002,0,
59.13088,0.058,0,
59.15144,0.060000004,0,
59.17606,0.062,0,
59.19645,0.063000002,0,
59.2169,0.062,0,
59.23747,0.062,0,
59.25797,0.063000002,0,
59.27831,0.063000002,0,
59.29882,0.063000002,0,
59.31928,0.062,0,
59.33969,0.062,0,
59.36457,0.063000002,0,
59.38522,0.063000002,0,
59.40569,0.063000002,0,
59.42587,0.063000002,0,
59.4463,0.063000002,0,
59.46734,0.063000002,0,
59.48734,0.062,0,
59.50811,0.060000004,0,
59.52808,0.056999997,0,
59.5529,0.056999997,0,
59.57349,0.056999997,0,
59.59386,0.058,0,
59.61436,0.058,0,
59.63475,0.059000002,0,
59.65519,0.058,0,
59.67587,0.056999997,0,
59.69613,0.056999997,0,
59.71666,0.056000003,0,
59.73735,0.055000001,0,
59.76169,0.056000003,0,
59.78223,0.056000003,0,
59.80258,0.056999997,0,
59.82316,0.058,0,
59.84408,0.058,0,
59.86401,0.056999997,0,
59.88457,0.058,0,
59.90549,0.056000003,0,
59.92574,0.056000003,0,
59.95081,0.056000003,0,
59.9706,0.055000001,0,
59.99117,0.055000001,0,
