0,0.025,0,
2.150826,0.024000001,0,40.97999989
2.152214,0.026000002,0,22.6226217
2.153992,0.024000001,0,
2.155342,0.024000001,0,
2.15657,0.022000001,0,
2.157806,0.022000001,0,
2.159576,0.018999999,0,
2.161316,0.018999999,0,
2.16275,0.020000001,0,
2.164093,0.020000001,0,
2.165657,0.020000001,0,
2.167091,0.020999999,0,
2.168701,0.020999999,0,
2.169914,0.022000001,0,
2.171425,0.022999999,0,
2.173035,0.022000001,0,
2.174393,0.022000001,0,
2.175941,0.022000001,0,
2.177505,0.022999999,0,
2.179062,0.022000001,0,
2.180321,0.020999999,0,
2.181595,0.020000001,0,
2.183556,0.020999999,0,
2.185028,0.020000001,0,
2.186295,0.020999999,0,
2.188057,0.018999999,0,
2.189949,0.018999999,0,
2.191978,0.020999999,0,
2.193321,0.020000001,0,
2.194511,0.020999999,0,
2.196007,0.018999999,0,
2.197365,0.020999999,0,
2.198952,0.020999999,0,
2.200172,0.022000001,0,
2.201645,0.024000001,0,
2.2034,0.024000001,0,
2.204933,0.022999999,0,
2.206551,0.024000001,0,
2.208443,0.022999999,0,
2.209816,0.022999999,0,
2.211288,0.022999999,0,
2.212601,0.022000001,0,
2.214302,0.022000001,0,
2.215714,0.022000001,0,
2.217003,0.022999999,0,
2.218224,0.024000001,0,
2.21994,0.024000001,0,
2.221786,0.025,0,
2.223122,0.024000001,0,
2.224327,0.025,0,
2.225662,0.022999999,0,
2.227158,0.022999999,0,
2.228836,0.024000001,0,
2.230057,0.024000001,0,
2.231384,0.024000001,0,
2.233162,0.022999999,0,
2.234718,0.022999999,0,
2.236496,0.024000001,0,
2.237938,0.024000001,0,
2.239464,-0.203999995,2.44799994,
2.24073,-0.33399999,4.007999883,
2.242035,-0.486999987,5.843999848,
2.243553,-0.636000006,7.632000074,
2.245117,-0.756999998,9.083999977,
2.246391,-0.966999977,11.60399972,
2.248116,-1.138999968,13.66799961,
2.249603,-1.298000007,15.57600008,
2.251694,-1.441000013,17.29200016,
2.253166,-1.648000031,19.77600037,
2.254387,-1.773000031,21.27600037,
2.2556,-1.883000045,22.59600054,
2.257065,-1.960999994,23.53199993,
2.258705,-1.977999954,23.73599945,
2.259941,-1.944000034,23.32800041,
2.261177,-1.944000034,23.32800041,
2.262741,-1.962999969,23.55599962,
2.264099,-2.011999993,24.14399992,
2.265388,-2.101000099,25.21200119,
2.266716,-2.122999935,25.47599922,
2.268517,-2.149999886,25.79999863,
2.269943,-2.079000025,24.9480003,
2.271217,-2.058000116,24.6960014,
2.27282,-2.059000044,24.70800053,
2.274185,-2.108999996,25.30799995,
2.275757,-2.158000021,25.89600025,
2.276985,-2.223000078,26.67600094,
2.278168,-2.31399992,27.76799904,
2.279549,-2.410000114,28.92000137,
2.281151,-2.487000017,29.84400021,
2.282654,-2.57399991,30.88799892,
2.283905,-2.63800004,31.65600048,
2.288162,-2.690000086,32.28000103,
2.309013,-2.710000067,32.5200008,
2.329483,-2.67199996,32.06399952,
2.350121,-2.651999979,31.82399975,
2.370888,-2.651000051,31.81200062,
2.390991,-2.648999958,31.7879995,
2.411446,-2.664000063,31.96800076,
2.436089,-2.609999924,31.31999908,
2.456573,-2.576999931,30.92399918,
2.477112,-2.550999908,30.6119989,
2.497452,-2.537999897,30.45599876,
2.517899,-2.480999975,29.7719997,
2.538277,-2.464000015,29.56800018,
2.559021,-2.451000004,29.41200005,
2.579277,-2.441999941,29.30399929,
2.603859,-2.39500001,28.74000011,
2.624458,-2.427000074,29.12400089,
2.644913,-2.464999943,29.57999931,
2.665436,-2.533999949,30.40799938,
2.685844,-2.615999966,31.39199959,
2.70636,-2.694000034,32.32800041,
2.726868,-2.776999979,33.32399975,
2.747429,-2.875000029,34.50000034,
2.767952,-2.954000025,35.4480003,
2.792259,-3.020999937,36.25199924,
2.812996,-3.082000046,36.98400055,
2.833443,-3.16499999,37.97999989,
2.853767,-3.191999941,38.30399929,
2.87442,-3.183000116,38.1960014,
2.89492,-3.126999884,37.5239986,
2.915169,-3.134000092,37.6080011,
2.935799,-3.170000105,38.04000126,
2.960098,-3.158999949,37.90799938,
2.981079,-3.066999941,36.80399929,
3.001274,-3.066999941,36.80399929,
3.021667,-3.02000001,36.24000011,
3.042259,-2.990999966,35.89199959,
3.062759,-2.94899991,35.38799892,
3.083206,-2.940000086,35.28000103,
3.103668,-2.931000023,35.17200027,
3.124069,-2.921000032,35.05200039,
3.14859,-2.927000074,35.12400089,
3.169273,-2.970000057,35.64000069,
3.189926,-3.000999956,36.01199947,
3.21006,-3.006999998,36.08399998,
3.230675,-2.997999935,35.97599922,
3.251183,-3.040999918,36.49199902,
3.271561,-3.076000004,36.91200005,
3.292168,-3.069000034,36.82800041,
3.313362,-3.075000076,36.90000092,
3.337013,-3.11100009,37.33200108,
3.357582,-3.102000027,37.22400032,
3.378082,-3.069000034,36.82800041,
3.39901,-3.023999958,36.2879995,
3.41906,-3.00300005,36.0360006,
3.439583,-3.043000011,36.51600014,
3.460129,-3.089000015,37.06800018,
3.480583,-3.088000088,37.05600105,
3.501045,-3.139999895,37.67999874,
3.525543,-3.148000031,37.77600037,
3.545914,-3.149999886,37.79999863,
3.566467,-3.128999977,37.54799973,
3.586945,-3.155,37.86,
3.60743,-3.168999939,38.02799927,
3.627892,-3.125999956,37.51199947,
3.648399,-3.033999949,36.40799938,
3.668762,-3.007999926,36.09599911,
3.693535,-3.004999905,36.05999886,
3.713989,-2.964000015,35.56800018,
3.734467,-2.908000021,34.89600025,
3.75502,-2.891000061,34.69200073,
3.775337,-2.888999968,34.66799961,
3.795753,-2.858999996,34.30799995,
3.817413,-2.872999935,34.47599922,
3.836815,-2.905999928,34.87199913,
3.857216,-2.935999899,35.23199879,
3.881775,-2.930000095,35.16000114,
3.902367,-2.928999929,35.14799915,
3.923042,-2.957999973,35.49599968,
3.943336,-2.918000011,35.01600014,
3.963768,-2.884000092,34.6080011,
3.984291,-2.808000116,33.6960014,
4.0047,-2.806000023,33.67200027,
4.025986,-2.796000032,33.55200039,
4.045624,-2.780999928,33.37199913,
4.070259,-2.74600008,32.95200096,
4.090767,-2.793000011,33.51600014,
4.111298,-2.836999922,34.04399906,
4.131844,-2.878999977,34.54799973,
4.152222,-2.925999908,35.1119989,
4.172775,-3.001999884,36.0239986,
4.193214,-3.050999908,36.6119989,
4.213577,-3.036000042,36.4320005,
4.238792,-2.984999924,35.81999908,
4.258682,-2.977000027,35.72400032,
4.279114,-2.895999937,34.75199924,
4.299591,-2.727999954,32.73599945,
4.320129,-2.581000118,30.97200142,
4.340752,-2.506999998,30.08399998,
4.361313,-2.477999954,29.73599945,
4.381538,-2.410000114,28.92000137,
4.401985,-2.372999935,28.47599922,
4.426598,-2.372000008,28.46400009,
4.447281,-2.430000095,29.16000114,
4.467651,-2.444999962,29.33999954,
4.488113,-2.468999891,29.6279987,
4.508492,-2.49600008,29.95200096,
4.528923,-2.543000011,30.51600014,
4.549538,-2.533000021,30.39600025,
4.569992,-2.514999895,30.17999874,
4.590393,-2.535000114,30.42000137,
4.614983,-2.615000038,31.38000046,
4.635925,-2.683000116,32.1960014,
4.656113,-2.793000011,33.51600014,
4.676445,-2.898000031,34.77600037,
4.69693,-2.990000038,35.88000046,
4.717491,-3.026999979,36.32399975,
4.737938,-3.03,36.36,
4.758705,-3.105999975,37.2719997,
4.782852,-3.096999912,37.16399895,
4.803299,-3.017999916,36.21599899,
4.824051,-2.990999966,35.89199959,
4.844452,-2.983999996,35.80799995,
4.864906,-3.013999968,36.16799961,
4.885353,-2.98600009,35.83200108,
4.905891,-3.022000103,36.26400124,
4.926323,-3.075000076,36.90000092,
4.946838,-3.105999975,37.2719997,
4.977608,-3.076999931,36.92399918,
4.995255,-3.058000116,36.6960014,
5.021271,-3.06399992,36.76799904,
5.03299,-3.066000013,36.79200016,
5.053284,-3.032000093,36.38400112,
5.074051,-3.017999916,36.21599899,
5.094437,-3.023999958,36.2879995,
5.1147,-3.047999887,36.57599865,
5.135391,-3.017999916,36.21599899,
5.159813,-2.943000107,35.31600128,
5.180542,-2.899999886,34.79999863,
5.201073,-2.869999914,34.43999897,
5.22123,-2.881999998,34.58399998,
5.241821,-2.912999897,34.95599876,
5.262238,-2.990000038,35.88000046,
5.28289,-3.01300004,36.15600048,
5.303284,-3.049999981,36.59999977,
5.328133,-3.03,36.36,
5.348228,-3.079999952,36.95999943,
5.368614,-3.118999987,37.42799984,
5.389084,-3.155999928,37.87199913,
5.409676,-3.101000099,37.21200119,
5.430031,-3.131999998,37.58399998,
5.450775,-3.112999945,37.35599934,
5.471603,-3.106999903,37.28399883,
5.4925,-3.014999895,36.17999874,
5.516212,-3.020999937,36.25199924,
5.536606,-2.963000088,35.55600105,
5.557114,-2.895999937,34.75199924,
5.577553,-2.832000046,33.98400055,
5.598015,-2.864000111,34.36800133,
5.618629,-2.911000042,34.9320005,
5.639084,-2.989000111,35.86800133,
5.659439,-3.000000029,36.00000034,
5.680862,-3.043999939,36.52799927,
5.704445,-3.043999939,36.52799927,
5.725113,-3.042000084,36.50400101,
5.74572,-3.006000071,36.07200085,
5.766609,-3.022000103,36.26400124,
5.786491,-3.036999969,36.44399963,
5.807106,-3.036000042,36.4320005,
5.82753,-3.013999968,36.16799961,
5.847939,-3.059999971,36.71999966,
5.872406,-3.05699995,36.6839994,
5.892921,-3.016000061,36.19200073,
5.913322,-2.884000092,34.6080011,
5.933929,-2.856999903,34.28399883,
5.954468,-2.809000044,33.70800053,
5.975105,-2.780999928,33.37199913,
5.995895,-2.750000029,33.00000034,
6.016304,-2.812000065,33.74400078,
6.0364,-2.874000101,34.48800121,
6.060905,-2.901999979,34.82399975,
6.081467,-2.833999901,34.00799881,
6.101837,-2.852999954,34.23599945,
6.122223,-2.793999939,33.52799927,
6.143082,-2.724999933,32.6999992,
6.163452,-2.602999954,31.23599945,
6.1838,-2.599999933,31.1999992,
6.204262,-2.549999981,30.59999977,
6.224716,-2.437999992,29.25599991,
6.249352,-2.43199995,29.1839994,
6.269836,-2.522000103,30.26400124,
6.290161,-2.593999891,31.1279987,
6.310837,-2.644000082,31.72800098,
6.331383,-2.658000021,31.89600025,
6.351791,-2.713000088,32.55600105,
6.372299,-2.726000099,32.71200119,
6.392715,-2.740000038,32.88000046,
6.417145,-2.743999987,32.92799984,
6.437637,-2.78,33.36,
6.458855,-2.796000032,33.55200039,
6.478714,-2.812999992,33.75599991,
6.49926,-2.819000034,33.82800041,
6.519691,-2.852999954,34.23599945,
6.540154,-2.915999918,34.99199902,
6.560692,-2.960000067,35.5200008,
6.581062,-2.953000097,35.43600117,
6.605553,-2.983999996,35.80799995,
6.626106,-2.89500001,34.74000011,
6.646591,-2.829999952,33.95999943,
6.667175,-2.68899992,32.26799904,
6.687752,-2.625000029,31.50000034,
6.708183,-2.618000059,31.41600071,
6.728508,-2.652999907,31.83599888,
6.749092,-2.615999966,31.39199959,
6.769714,-2.632999926,31.59599911,
6.794052,-2.546000032,30.55200039,
6.814537,-2.470999985,29.65199982,
6.834969,-2.312999992,27.75599991,
6.855522,-2.226000099,26.71200119,
6.876144,-2.131000071,25.57200085,
6.896523,-2.053999929,24.64799915,
6.916969,-1.962999969,23.55599962,
6.937439,-1.93199995,23.1839994,
6.962479,-1.883999972,22.60799967,
6.982697,-1.865999966,22.39199959,
7.002914,-1.791999965,21.50399958,
7.023453,-1.845000057,22.14000069,
7.043839,-1.867000012,22.40400015,
7.064438,-1.92199996,23.06399952,
7.08506,-1.885000019,22.62000023,
7.105446,-1.867000012,22.40400015,
7.125854,-1.801999955,21.62399946,
7.150406,-1.714000015,20.56800018,
7.170914,-1.622000008,19.46400009,
7.191452,-1.61099997,19.33199965,
7.211861,-1.612999945,19.35599934,
7.232254,-1.636999993,19.64399992,
7.252876,-1.620999961,19.45199953,
7.27346,-1.620000033,19.4400004,
7.293976,-1.592000036,19.10400043,
7.314362,-1.572999983,18.87599979,
7.338837,-1.515000014,18.18000017,
7.359322,-1.561000018,18.73200022,
7.37989,-1.531999974,18.38399969,
7.400467,-1.541999965,18.50399958,
7.420685,-1.505999951,18.07199942,
7.441277,-1.566999941,18.80399929,
7.461998,-1.571000009,18.8520001,
7.48246,-1.646000056,19.75200068,
7.506943,-1.71599999,20.59199987,
7.527222,-1.835999994,22.03199993,
7.548233,-1.898000031,22.77600037,
7.56813,-1.980999975,23.7719997,
7.588608,-2.028000026,24.33600031,
7.609222,-2.132999926,25.59599911,
7.629623,-2.220000057,26.64000069,
7.650185,-2.322999983,27.87599979,
7.670547,-2.374000101,28.48800121,
7.695107,-2.487999945,29.85599934,
7.716156,-2.562000065,30.74400078,
7.736122,-2.622999935,31.47599922,
7.756561,-2.655999928,31.87199913,
7.777084,-2.750000029,33.00000034,
7.7976,-2.825000076,33.90000092,
7.818314,-2.889999895,34.67999874,
7.838524,-2.912999897,34.95599876,
7.859001,-2.981999903,35.78399883,
7.883614,-2.977000027,35.72400032,
7.904114,-2.987000017,35.84400021,
7.924583,-2.944000034,35.32800041,
7.944992,-2.93899992,35.26799904,
7.965408,-2.891999989,34.70399986,
7.985909,-2.872999935,34.47599922,
8.006424,-2.816999941,33.80399929,
8.027046,-2.832000046,33.98400055,
8.04747,-2.855000048,34.26000057,
8.071907,-2.87100008,34.45200096,
8.092552,-2.88800004,34.65600048,
8.11338,-2.901000051,34.81200062,
8.133469,-2.905,34.86,
8.153969,-2.902999907,34.83599888,
8.174515,-2.816999941,33.80399929,
8.194939,-2.730000048,32.76000057,
8.215355,-2.706000118,32.47200142,
8.239922,-2.697999983,32.37599979,
8.260406,-2.648000031,31.77600037,
8.280891,-2.629999905,31.55999886,
8.301376,-2.612999945,31.35599934,
8.321915,-2.693000107,32.31600128,
8.342407,-2.67199996,32.06399952,
8.3629,-2.677000074,32.12400089,
8.38327,-2.641999989,31.70399986,
8.403824,-2.655,31.86,
8.428879,-2.634000092,31.6080011,
8.448883,-2.657000093,31.88400112,
8.469284,-2.654000072,31.84800087,
8.489944,-2.648999958,31.7879995,
8.510262,-2.674999981,32.09999977,
8.530701,-2.714000015,32.56800018,
8.551208,-2.750999956,33.01199947,
8.571678,-2.839000015,34.06800018,
8.596275,-2.809999971,33.71999966,
8.616829,-2.786000042,33.4320005,
8.637207,-2.737999945,32.85599934,
8.657867,-2.754999905,33.05999886,
8.678139,-2.749000101,32.98800121,
8.698555,-2.721999912,32.66399895,
8.719131,-2.661999969,31.94399963,
8.739487,-2.638999968,31.66799961,
8.76017,-2.602000027,31.22400032,
8.784676,-2.585999994,31.03199993,
8.805138,-2.54699996,30.56399952,
8.826248,-2.595999985,31.15199982,
8.846161,-2.598000078,31.17600094,
8.866608,-2.628999977,31.54799973,
8.887047,-2.537999897,30.45599876,
8.9077,-2.48600009,29.83200108,
8.92804,-2.52000001,30.24000011,
8.948532,-2.569999962,30.83999954,
8.973129,-2.579000025,30.9480003,
8.993553,-2.615000038,31.38000046,
9.013977,-2.599000006,31.18800007,
9.034508,-2.67199996,32.06399952,
9.055046,-2.687000065,32.24400078,
9.075546,-2.733000069,32.79600082,
9.096069,-2.779000072,33.34800087,
9.116356,-2.852000027,34.22400032,
9.141663,-2.891000061,34.69200073,
9.161598,-2.93899992,35.26799904,
9.182114,-2.862000017,34.34400021,
9.202446,-2.780999928,33.37199913,
9.222939,-2.694999962,32.33999954,
9.243324,-2.599000006,31.18800007,
9.263863,-2.470000057,29.64000069,
9.284515,-2.372000008,28.46400009,
9.304901,-2.355000048,28.26000057,
9.329491,-2.420000105,29.04000126,
9.350014,-2.467999964,29.61599957,
9.37043,-2.536000042,30.4320005,
9.390923,-2.61100009,31.33200108,
9.411316,-2.639999895,31.67999874,
9.431808,-2.635999947,31.63199936,
9.452721,-2.697999983,32.37599979,
9.472824,-2.743000059,32.91600071,
9.49337,-2.772000103,33.26400124,
9.517784,-2.785000114,33.42000137,
9.538315,-2.864000111,34.36800133,
9.558792,-2.884000092,34.6080011,
9.579277,-2.864000111,34.36800133,
9.599915,-2.819000034,33.82800041,
9.620171,-2.843999891,34.1279987,
9.640617,-2.832999973,33.99599968,
9.661354,-2.787999897,33.45599876,
9.685783,-2.773999958,33.2879995,
9.706299,-2.835000067,34.0200008,
9.726662,-2.862000017,34.34400021,
9.747124,-2.849000006,34.18800007,
9.767662,-2.809999971,33.71999966,
9.788078,-2.881999998,34.58399998,
9.809471,-2.875000029,34.50000034,
9.830208,-2.792000084,33.50400101,
9.849571,-2.710999994,32.53199993,
9.87429,-2.716000109,32.5920013,
9.894615,-2.740000038,32.88000046,
9.915215,-2.658999949,31.90799938,
9.935661,-2.655999928,31.87199913,
9.956062,-2.730999975,32.7719997,
9.976547,-2.806000023,33.67200027,
9.997589,-2.816000013,33.79200016,
10.01764,-2.773000031,33.27600037,
10.03795,-2.757999926,33.09599911,
10.0627,-2.68199995,32.1839994,
10.08308,-2.576000004,30.91200005,
10.10358,-2.552000074,30.62400089,
10.12422,-2.569999962,30.83999954,
10.14458,-2.639999895,31.67999874,
10.16573,-2.677000074,32.12400089,
10.18558,-2.727999954,32.73599945,
10.20589,-2.792000084,33.50400101,
10.23076,-2.839999943,34.07999931,
10.25105,-2.858000069,34.29600082,
10.27148,-2.832999973,33.99599968,
10.29212,-2.81399992,33.76799904,
10.31336,-2.803000002,33.63600002,
10.33329,-2.520999937,30.25199924,
10.35405,-2.259000092,27.1080011,
10.37435,-2.026000051,24.31200062,
10.39435,-1.817999988,21.81599985,
10.41941,-1.631999998,19.58399998,
10.44057,-1.464999943,17.57999931,
10.46003,-1.316999941,15.80399929,
10.48043,-1.18199995,14.1839994,
10.50094,-1.059999971,12.71999966,
10.5213,-0.952999978,11.43599974,
10.54197,-0.855999975,10.2719997,
10.56227,-0.769000022,9.228000269,
10.5829,-0.690000026,8.280000315,
10.60734,-0.619999974,7.439999685,
10.62788,-0.556000023,6.672000275,
10.64856,-0.497999995,5.975999937,
10.66888,-0.446999996,5.363999949,
10.68979,-0.398000001,4.776000009,
10.70971,-0.358000009,4.296000109,
10.73019,-0.319999992,3.8399999,
10.75076,-0.287999986,3.455999837,
10.77525,-0.255999996,3.071999953,
10.79577,-0.230000003,2.760000036,
10.81638,-0.203999995,2.44799994,
10.83699,-0.180999993,2.171999917,
10.85735,-0.159999995,1.919999943,
10.87769,-0.142000003,1.704000041,
10.89821,-0.126000001,1.51200001,
10.91868,-0.112999997,1.355999962,
10.93912,-0.101000002,1.212000028,
10.96375,-0.086000002,1.032000021,
10.98418,-0.076,0.912000001,
11.00478,-0.065999998,0.791999981,
11.02514,-0.058000001,0.69600001,
11.0456,-0.051,0.611999997,
11.06627,-0.044,0,
11.08664,-0.039,0,
11.10718,-0.034,0,
11.12765,-0.03,0,
11.15216,-0.025,0,
11.17288,-0.02,0,
11.19316,-0.013999999,0,
11.2135,-0.012000001,0,
11.23399,-0.009,0,
11.25443,-0.006,0,
11.27502,-0.002999999,0,
11.29545,-0.001000001,0,
11.31588,-6.71E-10,0,
11.34055,0.002000002,0,
11.36108,0.003,0,
11.38182,0.004000002,0,
11.4019,0.002000002,0,
11.42238,0.004000002,0,
11.44299,0.007,0,
11.4633,0.007999999,0,
11.48392,0.007,0,
11.50539,0.007999999,0,
11.52978,0.007999999,0,
11.54945,0.007999999,0,
11.56988,0.009000001,0,
11.59051,0.011000001,0,
11.61103,0.011999999,0,
11.63132,0.013000001,0,
11.65176,0.013000001,0,
11.6724,0.013000001,0,
11.69289,0.014,0,
11.71724,0.016,0,
11.73785,0.018,0,
11.7583,0.020000001,0,
11.77883,0.020000001,0,
11.79938,0.020999999,0,
11.81976,0.020000001,0,
11.84077,0.020999999,0,
11.86067,0.018999999,0,
11.88128,0.018999999,0,
11.90173,-0.018,0,
11.9264,-0.047999999,0,
11.94688,-0.134999997,1.619999961,
11.96723,-0.244000002,2.928000019,
11.98784,-0.377000003,4.524000034,
12.00832,-0.557999997,6.695999966,
12.0292,-0.813999979,9.767999754,
12.05029,-1.064000039,12.76800047,
12.06984,-1.286000042,15.4320005,
12.09492,-1.477999954,17.73599945,
12.11527,-1.686999946,20.24399935,
12.13587,-1.881999998,22.58399998,
12.15623,-2.052000074,24.62400089,
12.17696,-2.208999901,26.50799881,
12.19701,-2.348000078,28.17600094,
12.21775,-2.411000042,28.9320005,
12.23817,-2.467999964,29.61599957,
12.25791,-2.52000001,30.24000011,
12.28321,-2.539000063,30.46800076,
12.30326,-2.559999971,30.71999966,
12.32432,-2.553000002,30.63600002,
12.34418,-2.539000063,30.46800076,
12.36501,-2.552000074,30.62400089,
12.3856,-2.589000015,31.06800018,
12.40611,-2.558000116,30.6960014,
12.4261,-2.605999975,31.2719997,
12.44708,-2.671000032,32.05200039,
12.47183,-2.750000029,33.00000034,
12.49154,-2.750000029,33.00000034,
12.51202,-2.769000082,33.22800098,
12.53271,-2.819999962,33.83999954,
12.55297,-2.875000029,34.50000034,
12.5733,-2.87800005,34.5360006,
12.59375,-2.589000015,31.06800018,
12.61436,-2.329000025,27.9480003,
12.63905,-2.092999964,25.11599957,
12.66003,-1.881999998,22.58399998,
12.68064,-1.691999941,20.30399929,
12.7006,-1.521000056,18.25200068,
12.72099,-1.365999966,16.39199959,
12.74146,-1.227999954,14.73599945,
12.76185,-1.104000001,13.24800001,
12.78226,-0.993,11.91599999,
12.80286,-0.891000001,10.69200002,
12.82751,-0.798999994,9.587999926,
12.84814,-0.718000023,8.61600028,
12.86832,-0.644000022,7.728000269,
12.88976,-0.580000012,6.960000143,
12.90929,-0.52000001,6.240000114,
12.9298,-0.467000006,5.604000077,
12.95034,-0.419999986,5.039999828,
12.9707,-0.375999986,4.511999831,
12.99127,-0.337000011,4.044000134,
13.01576,-0.300999998,3.611999974,
13.03617,-0.268000005,3.216000066,
13.05675,-0.240999995,2.891999946,
13.0772,-0.214,2.568000004,
13.09771,-0.189999996,2.279999957,
13.11816,-0.167999997,2.015999959,
13.13882,-0.148000001,1.776000009,
13.15932,-0.133,1.596000001,
13.17968,-0.116999997,1.40399997,
13.20418,-0.104000001,1.248000011,
13.22466,-0.089999999,1.079999984,
13.24515,-0.078999999,0.947999985,
13.2663,-0.071000001,0.852000014,
13.28679,-0.062000002,0.744000018,
13.30667,-0.054,0.648000003,
13.32724,-0.047000001,0,
13.34762,-0.039,0,
13.37212,-0.034,0,
13.39286,-0.03,0,
13.41309,-0.025,0,
13.43358,-0.021,0,
13.45405,-0.016,0,
13.47458,-0.011000001,0,
13.49501,-0.009,0,
13.51551,-0.007,0,
13.53595,-0.003999999,0,
13.55688,-0.002999999,0,
13.58105,-0.001000001,0,
13.60142,-6.71E-10,0,
13.62233,0.003,0,
13.64241,0.003,0,
13.66293,0.004000002,0,
13.68356,-0.194000005,2.328000054,
13.70379,-0.430999993,5.171999917,
13.7249,-0.700000017,8.4000002,
13.74583,-0.858000009,10.29600011,
13.76939,-1.015000014,12.18000017,
13.7908,-1.156000047,13.87200056,
13.81039,-1.30699995,15.6839994,
13.83086,-1.444999962,17.33999954,
13.85224,-1.561999946,18.74399935,
13.87288,-1.679000049,20.14800058,
13.89238,-1.832000046,21.98400055,
13.91318,-1.962000041,23.54400049,
13.93742,-2.030999928,24.37199913,
13.9583,-2.124000101,25.48800121,
13.97986,-2.243000059,26.91600071,
13.9997,-2.312999992,27.75599991,
14.01941,-2.36100009,28.33200108,
14.03979,-2.385999947,28.63199936,
14.06078,-2.391999989,28.70399986,
14.08071,-2.329999952,27.95999943,
14.1013,-2.365000038,28.38000046,
14.12583,-2.456000118,29.47200142,
14.14634,-2.535000114,30.42000137,
14.16696,-2.596999912,31.16399895,
14.18736,-2.655,31.86,
14.20771,-2.701000004,32.41200005,
14.22816,-2.708999901,32.50799881,
14.24858,-2.727000027,32.72400032,
14.269,-2.77000001,33.24000011,
14.28963,-2.792000084,33.50400101,
14.3142,-2.793999939,33.52799927,
14.33483,-2.808000116,33.6960014,
14.35529,-2.740999966,32.89199959,
14.3756,-2.671000032,32.05200039,
14.39606,-2.595000057,31.14000069,
14.41663,-2.559999971,30.71999966,
14.43704,-2.500999956,30.01199947,
14.45753,-2.424000053,29.08800064,
14.4821,-2.362000017,28.34400021,
14.50265,-2.376999884,28.5239986,
14.52309,-2.405,28.86,
14.54361,-2.368000059,28.41600071,
14.56404,-2.256000071,27.07200085,
14.58448,-2.197000055,26.36400066,
14.60489,-2.168999939,26.02799927,
14.62553,-2.155,25.86,
14.64617,-2.148000031,25.77600037,
14.67052,-2.148000031,25.77600037,
14.69114,-2.158999949,25.90799938,
14.71158,-2.115000038,25.38000046,
14.73198,-2.066999941,24.80399929,
14.75248,-2.033999949,24.40799938,
14.77296,-1.998000054,23.97600065,
14.7933,-2.011999993,24.14399992,
14.81391,-2.021000056,24.25200068,
14.83456,-2.045000105,24.54000126,
14.85908,-2.114000111,25.36800133,
14.87947,-2.247999935,26.97599922,
14.89991,-2.365999966,28.39199959,
14.92043,-2.427000074,29.12400089,
14.94177,-2.50300005,30.0360006,
14.96136,-2.608000069,31.29600082,
14.98179,-2.714999943,32.57999931,
15.00227,-2.766000061,33.19200073,
15.02702,-2.843999891,34.1279987,
15.04746,-2.875999956,34.51199947,
15.06815,-2.931000023,35.17200027,
15.08829,-2.987999945,35.85599934,
15.10881,-3.082000046,36.98400055,
15.12933,-3.108999996,37.30799995,
15.14992,-3.035000114,36.42000137,
15.1703,-2.894000082,34.72800098,
15.19099,-2.885999947,34.63199936,
15.21535,-2.858000069,34.29600082,
15.23607,-2.802000074,33.62400089,
15.25647,-2.697999983,32.37599979,
15.27668,-2.664000063,31.96800076,
15.29725,-2.612999945,31.35599934,
15.31765,-2.527999907,30.33599888,
15.33822,-2.451999931,29.42399918,
15.35878,-2.480999975,29.7719997,
15.3791,-2.447000055,29.36400066,
15.4036,-2.365999966,28.39199959,
15.42406,-2.342000036,28.10400043,
15.4446,-2.460000067,29.5200008,
15.47131,-2.579000025,30.9480003,
15.48935,-2.619999914,31.43999897,
15.51472,-2.618000059,31.41600071,
15.52679,-2.672999887,32.07599865,
15.54769,-2.661000042,31.9320005,
15.57175,-2.716000109,32.5920013,
15.59209,-2.697000055,32.36400066,
15.61262,-2.720000057,32.64000069,
15.633,-2.707000046,32.48400055,
15.65343,-2.747999935,32.97599922,
15.67415,-2.747000008,32.96400009,
15.69456,-2.766999989,33.20399986,
15.71499,-2.789000063,33.46800076,
15.73556,-2.833999901,34.00799881,
15.75997,-2.876999884,34.5239986,
15.78135,-2.878999977,34.54799973,
15.80177,-2.881000071,34.57200085,
15.82202,-2.930000095,35.16000114,
15.84322,-2.98600009,35.83200108,
15.86258,-3.024999886,36.29999863,
15.88306,-3.052000074,36.62400089,
15.90332,-3.058000116,36.6960014,
15.9239,-3.076000004,36.91200005,
15.94844,-3.089999943,37.07999931,
15.96902,-3.049000053,36.58800064,
15.98962,-3.003999977,36.04799973,
16.00987,-2.920000105,35.04000126,
16.03047,-2.925999908,35.1119989,
16.05088,-2.895999937,34.75199924,
16.07131,-2.872000008,34.46400009,
16.09195,-2.826999931,33.92399918,
16.11633,-2.839999943,34.07999931,
16.137,-2.888999968,34.66799961,
16.15738,-2.910000114,34.92000137,
16.17851,-2.930000095,35.16000114,
16.19915,-2.968999891,35.6279987,
16.21894,-2.964999943,35.57999931,
16.23929,-2.925999908,35.1119989,
16.25981,-3.010000019,36.12000023,
16.28027,-3.118999987,37.42799984,
16.30488,-3.129999905,37.55999886,
16.32528,-3.099999933,37.1999992,
16.34583,-3.049000053,36.58800064,
16.36628,-3.089000015,37.06800018,
16.38675,-3.161000042,37.9320005,
16.40733,-3.221999912,38.66399895,
16.42761,-3.240000038,38.88000046,
16.44817,-3.263999968,39.16799961,
16.46857,-3.277999907,39.33599888,
16.49313,-3.216000109,38.5920013,
16.51379,-3.139999895,37.67999874,
16.53428,-3.14500001,37.74000011,
16.55471,-3.152999907,37.83599888,
16.57512,-3.125000029,37.50000034,
16.59558,-3.082000046,36.98400055,
16.61624,-2.773000031,33.27600037,
16.63662,-2.493999987,29.92799984,
16.65704,-2.243000059,26.91600071,
16.68231,-2.015000014,24.18000017,
16.7027,-1.809999971,21.71999966,
16.72278,-1.627000003,19.52400003,
16.74376,-1.459999948,17.51999937,
16.76369,-1.309999971,15.71999966,
16.78489,-1.176000028,14.11200033,
16.80553,-1.054999976,12.65999971,
16.82512,-0.947999983,11.37599979,
16.84966,-0.85099998,10.21199976,
16.87021,-0.764000027,9.168000326,
16.89057,-0.684999971,8.219999657,
16.91118,-0.613999991,7.367999897,
16.93157,-0.548999994,6.587999926,
16.95194,-0.492000012,5.904000149,
16.97249,-0.439999996,5.279999957,
16.99293,-0.395999997,4.75199996,
17.01338,-0.356000005,4.27200006,
17.03812,-0.316000013,3.79200016,
17.05841,-0.282000004,3.384000049,
17.0789,-0.251000001,3.01200001,
17.09943,-0.224999993,2.699999914,
17.1198,-0.202000006,2.42400007,
17.14056,-0.180000006,2.160000072,
17.161,-0.160999997,1.931999967,
17.18136,-0.142999998,1.715999976,
17.20605,-0.126000001,1.51200001,
17.22682,-0.109000004,1.308000044,
17.24706,-0.096,1.151999996,
17.26804,-0.084000001,1.008000017,
17.28902,-0.074,0.887999997,
17.30835,-0.064000002,0.768000022,
17.32891,-0.057000001,0.684000008,
17.34946,-0.051,0.611999997,
17.36983,-0.044,0,
17.39429,-0.038,0,
17.41489,-0.033,0,
17.43529,-0.027,0,
17.456,-0.021,0,
17.4763,-0.016,0,
17.49671,-0.012000001,0,
17.51727,-0.008,0,
17.53773,-0.003999999,0,
17.55827,-0.001999999,0,
17.58305,0.002000002,0,
17.60317,0.003,0,
17.62366,0.007,0,
17.64425,0.009000001,0,
17.66478,0.009999999,0,
17.68505,0.014,0,
17.70567,0.015000002,0,
17.72604,0.014,0,
17.74652,0.015000002,0,
17.76799,-0.069999999,0.839999989,
17.79172,-0.161999999,1.943999991,
17.81276,-0.261000006,3.132000074,
17.83297,-0.307999997,3.695999966,
17.85368,-0.386000006,4.632000074,
17.87376,-0.439999996,5.279999957,
17.89487,-0.527000009,6.324000106,
17.9151,-0.676000028,8.112000332,
17.93499,-0.738000004,8.856000051,
17.96017,-0.743,8.915999994,
17.9808,-0.751000016,9.012000189,
18.0014,-0.733999996,8.807999954,
18.02114,-0.839000015,10.06800018,
18.04205,-0.93200001,11.18400012,
18.06277,-0.97599998,11.71199976,
18.08261,-0.94900003,11.38800035,
18.10287,-1.016999989,12.20399986,
18.12333,-1.09400001,13.12800013,
18.14786,-1.161000042,13.9320005,
18.16855,-1.196000009,14.3520001,
18.18902,-1.314999967,15.7799996,
18.20949,-1.436999946,17.24399935,
18.22986,-1.515999942,18.1919993,
18.25037,-1.541000037,18.49200045,
18.27093,-1.640999942,19.6919993,
18.29142,-1.729000001,20.74800001,
18.31184,-1.799000053,21.58800064,
18.33633,-1.84099999,22.09199987,
18.35688,-1.983999996,23.80799995,
18.37746,-2.053999929,24.64799915,
18.39791,-2.132999926,25.59599911,
18.41829,-2.184000044,26.20800053,
18.43887,-2.283999949,27.40799938,
18.45925,-2.345000057,28.14000069,
18.4797,-2.387000113,28.64400135,
18.50431,-2.399999886,28.79999863,
18.52483,-2.481999903,29.78399883,
18.5455,-2.506000071,30.07200085,
18.56575,-2.524999886,30.29999863,
18.58631,-2.489000111,29.86800133,
18.60676,-2.553000002,30.63600002,
18.62721,-2.546000032,30.55200039,
18.64762,-2.483999996,29.80799995,
18.66811,-2.520999937,30.25199924,
18.69295,-2.619999914,31.43999897,
18.71321,-2.728999882,32.74799858,
18.73368,-2.78,33.36,
18.75415,-2.810999899,33.73199879,
18.7746,-2.904000072,34.84800087,
18.7953,-2.911000042,34.9320005,
18.81576,-2.855000048,34.26000057,
18.83601,-2.78,33.36,
18.85652,-2.826999931,33.92399918,
18.88107,-2.845000057,34.14000069,
18.90168,-2.843999891,34.1279987,
18.9222,-2.832000046,33.98400055,
18.9425,-2.881000071,34.57200085,
18.96307,-2.905999928,34.87199913,
18.98349,-2.977999954,35.73599945,
19.00401,-2.99600008,35.95200096,
19.0246,-3.003999977,36.04799973,
19.04907,-3.022000103,36.26400124,
19.06949,-3.030999928,36.37199913,
19.08999,-3.003999977,36.04799973,
19.11053,-3.036000042,36.4320005,
19.131,-3.049999981,36.59999977,
19.15144,-3.076000004,36.91200005,
19.17216,-3.076999931,36.92399918,
19.19247,-3.112000017,37.34400021,
19.21304,-3.095000057,37.14000069,
19.23797,-3.106999903,37.28399883,
19.25803,-3.086999922,37.04399906,
19.27851,-3.118999987,37.42799984,
19.29901,-3.171000032,38.05200039,
19.31945,-3.207999973,38.49599968,
19.33993,-3.262000113,39.14400135,
19.3603,-3.325000076,39.90000092,
19.38094,-3.356999903,40.28399883,
19.40143,-3.365999966,40.39199959,
19.42588,-3.309999971,39.71999966,
19.44646,-3.322999983,39.87599979,
19.46703,-3.319000034,39.82800041,
19.48751,-3.303999929,39.64799915,
19.50801,-3.256000071,39.07200085,
19.52832,-3.277999907,39.33599888,
19.54927,-3.243000059,38.91600071,
19.5694,-3.141000061,37.69200073,
19.58979,-2.989000111,35.86800133,
19.61461,-2.951000004,35.41200005,
19.63497,-2.912999897,34.95599876,
19.65561,-2.820999889,33.85199867,
19.67603,-2.714000015,32.56800018,
19.6965,-2.684999971,32.21999966,
19.71711,-2.662999897,31.95599876,
19.73764,-2.632999926,31.59599911,
19.75826,-2.608000069,31.29600082,
19.7823,-2.62800005,31.5360006,
19.80272,-2.674000053,32.08800064,
19.82327,-2.596999912,31.16399895,
19.8437,-2.568000107,30.81600128,
19.86423,-2.585999994,31.03199993,
19.88471,-2.629999905,31.55999886,
19.9052,-2.589000015,31.06800018,
19.92563,-2.572000055,30.86400066,
19.94601,-2.614000111,31.36800133,
19.97083,-2.648999958,31.7879995,
19.99111,-2.632999926,31.59599911,
20.01165,-2.628999977,31.54799973,
20.03202,-2.683000116,32.1960014,
20.05272,-2.743000059,32.91600071,
20.07314,-2.754999905,33.05999886,
20.09355,-2.772000103,33.26400124,
20.11398,-2.845000057,34.14000069,
20.13847,-2.899999886,34.79999863,
20.15908,-2.941000013,35.29200016,
20.17961,-2.94899991,35.38799892,
20.19991,-2.981999903,35.78399883,
20.22073,-3.058000116,36.6960014,
20.24108,-3.086999922,37.04399906,
20.26154,-3.137000113,37.64400135,
20.28258,-3.194999962,38.33999954,
20.30241,-3.279000072,39.34800087,
20.32691,-3.306000023,39.67200027,
20.34739,-3.303000002,39.63600002,
20.36785,-3.310999899,39.73199879,
20.38862,-3.28,39.36,
20.40894,-3.170000105,38.04000126,
20.42973,-3.076000004,36.91200005,
20.44987,-3.036999969,36.44399963,
20.47041,-3.050999908,36.6119989,
20.49113,-2.973000078,35.67600094,
20.51525,-2.947000055,35.36400066,
20.53584,-3.001999884,36.0239986,
20.55634,-3.03999999,36.47999989,
20.57675,-3.035000114,36.42000137,
20.5975,-3.030999928,36.37199913,
20.61836,-3.062999992,36.75599991,
20.63828,-3.001999884,36.0239986,
20.65883,-2.905999928,34.87199913,
20.67919,-2.816000013,33.79200016,
20.70383,-2.773000031,33.27600037,
20.7243,-2.750999956,33.01199947,
20.74473,-2.743000059,32.91600071,
20.76522,-2.740999966,32.89199959,
20.78576,-2.665999918,31.99199902,
20.80638,-2.655,31.86,
20.82668,-2.651999979,31.82399975,
20.84752,-2.658999949,31.90799938,
20.8718,-2.609999924,31.31999908,
20.89233,-2.549999981,30.59999977,
20.91289,-2.460000067,29.5200008,
20.93314,-2.37100008,28.45200096,
20.95369,-2.29699996,27.56399952,
20.97409,-2.303000002,27.63600002,
20.99461,-2.299999981,27.59999977,
21.01523,-2.312000065,27.74400078,
21.03563,-2.318000107,27.81600128,
21.06017,-2.339999943,28.07999931,
21.08068,-2.39500001,28.74000011,
21.10105,-2.458999901,29.50799881,
21.12158,-2.487000017,29.84400021,
21.14201,-2.509000092,30.1080011,
21.16337,-2.553000002,30.63600002,
21.18382,-2.603999882,31.24799858,
21.20399,-2.622000008,31.46400009,
21.22866,-2.645999937,31.75199924,
21.24879,-2.68899992,32.26799904,
21.26927,-2.740000038,32.88000046,
21.28978,-2.799000053,33.58800064,
21.31067,-2.851000099,34.21200119,
21.3313,-2.910000114,34.92000137,
21.35139,-2.953000097,35.43600117,
21.37185,-2.937000065,35.24400078,
21.39243,-2.928999929,35.14799915,
21.41669,-2.895999937,34.75199924,
21.43736,-2.822999983,33.87599979,
21.45767,-2.760999947,33.13199936,
21.47832,-2.803999929,33.64799915,
21.49847,-2.825000076,33.90000092,
21.51893,-2.818000107,33.81600128,
21.53954,-2.815000086,33.78000103,
21.55996,-2.803000002,33.63600002,
21.58042,-2.839000015,34.06800018,
21.60539,-2.843999891,34.1279987,
21.62533,-2.884000092,34.6080011,
21.64591,-2.889999895,34.67999874,
21.66637,-2.933000116,35.1960014,
21.6869,-2.925999908,35.1119989,
21.70726,-2.956000118,35.47200142,
21.72791,-2.993999987,35.92799984,
21.74836,-3.024999886,36.29999863,
21.76871,-2.964000015,35.56800018,
21.79327,-2.922999887,35.07599865,
21.81389,-2.928000002,35.13600002,
21.83427,-2.961999922,35.54399906,
21.85494,-2.904000072,34.84800087,
21.87524,-2.875000029,34.50000034,
21.89579,-2.838000088,34.05600105,
21.91687,-2.790999918,33.49199902,
21.93707,-2.668000011,32.01600014,
21.96146,-2.601000099,31.21200119,
21.98193,-2.582999973,30.99599968,
22.00231,-2.552000074,30.62400089,
22.0229,-2.516999989,30.20399986,
22.04323,-2.53,30.36,
22.06378,-2.53999999,30.47999989,
22.08425,-2.549000053,30.58800064,
22.10474,-2.612999945,31.35599934,
22.12527,-2.675999908,32.1119989,
22.14983,-2.769000082,33.22800098,
22.17045,-2.822000055,33.86400066,
22.19114,-2.826000004,33.91200005,
22.2112,-2.841000109,34.0920013,
22.23176,-2.80699995,33.6839994,
22.25214,-2.737000017,32.84400021,
22.27285,-2.685999899,32.23199879,
22.29327,-2.64500001,31.74000011,
22.31375,-2.612000017,31.34400021,
22.33821,-2.570999889,30.85199867,
22.35868,-2.507999926,30.09599911,
22.37916,-2.466000109,29.5920013,
22.39966,-2.415999918,28.99199902,
22.42013,-2.408000021,28.89600025,
22.44048,-2.434999971,29.21999966,
22.46109,-2.474000006,29.68800007,
22.48192,-2.53,30.36,
22.50606,-2.596999912,31.16399895,
22.5267,-2.668000011,32.01600014,
22.54702,-2.694000034,32.32800041,
22.56751,-2.730999975,32.7719997,
22.58806,-2.731999903,32.78399883,
22.60844,-2.739000111,32.86800133,
22.62907,-2.766000061,33.19200073,
22.64931,-2.737000017,32.84400021,
22.66997,-2.740999966,32.89199959,
22.69466,-2.690000086,32.28000103,
22.71493,-2.73600009,32.83200108,
22.73553,-2.816000013,33.79200016,
22.756,-2.882999926,34.59599911,
22.77641,-2.885000019,34.62000023,
22.797,-2.891999989,34.70399986,
22.81731,-2.888999968,34.66799961,
22.8379,-2.902999907,34.83599888,
22.86237,-2.858000069,34.29600082,
22.88316,-2.842000036,34.10400043,
22.90363,-2.819000034,33.82800041,
22.92396,-2.773999958,33.2879995,
22.94448,-2.730999975,32.7719997,
22.96496,-2.68199995,32.1839994,
22.98557,-2.626999884,31.5239986,
23.00606,-2.624000101,31.48800121,
23.02644,-2.596999912,31.16399895,
23.0513,-2.591000109,31.0920013,
23.07146,-2.546000032,30.55200039,
23.092,-2.608000069,31.29600082,
23.11245,-2.612999945,31.35599934,
23.13265,-2.664000063,31.96800076,
23.15327,-2.695999889,32.35199867,
23.1739,-2.743999987,32.92799984,
23.19408,-2.790999918,33.49199902,
23.21474,-2.81399992,33.76799904,
23.2394,-2.842999964,34.11599957,
23.25965,-2.878999977,34.54799973,
23.28088,-2.82399991,33.88799892,
23.30063,-2.846999912,34.16399895,
23.32127,-2.918999939,35.02799927,
23.34161,-2.99600008,35.95200096,
23.36204,-2.987000017,35.84400021,
23.38268,-3.009000092,36.1080011,
23.40722,-2.94899991,35.38799892,
23.42773,-2.93199995,35.1839994,
23.44809,-2.889999895,34.67999874,
23.46868,-2.858999996,34.30799995,
23.48904,-2.825000076,33.90000092,
23.50949,-2.849000006,34.18800007,
23.53014,-2.876999884,34.5239986,
23.5505,-2.928000002,35.13600002,
23.57101,-2.915999918,34.99199902,
23.59566,-2.954999952,35.45999943,
23.6161,-2.977999954,35.73599945,
23.63658,-3.006999998,36.08399998,
23.65697,-3.035000114,36.42000137,
23.67751,-3.079999952,36.95999943,
23.69793,-3.101000099,37.21200119,
23.71835,-3.135999947,37.63199936,
23.73893,-3.155999928,37.87199913,
23.7594,-3.210000067,38.5200008,
23.78391,-3.247000008,38.96400009,
23.80432,-3.292000084,39.50400101,
23.82478,-3.318000107,39.81600128,
23.84596,-3.368000059,40.41600071,
23.8658,-3.366999893,40.40399872,
23.88629,-3.346999912,40.16399895,
23.90704,-3.322000055,39.86400066,
23.92725,-3.318000107,39.81600128,
23.95206,-3.310999899,39.73199879,
23.9725,-3.251999884,39.0239986,
23.99285,-3.208999901,38.50799881,
24.01334,-3.206000118,38.47200142,
24.03379,-3.149999886,37.79999863,
24.0543,-3.139999895,37.67999874,
24.07481,-3.161000042,37.9320005,
24.09519,-3.178000002,38.13600002,
24.11578,-3.168000011,38.01600014,
24.1403,-3.116999893,37.40399872,
24.16101,-3.029000072,36.34800087,
24.18129,-2.977000027,35.72400032,
24.20169,-2.947999983,35.37599979,
24.22215,-2.968999891,35.6279987,
24.24271,-3.001999884,36.0239986,
24.26325,-3.040999918,36.49199902,
24.28355,-3.059999971,36.71999966,
24.30425,-3.102999954,37.23599945,
24.32875,-3.158999949,37.90799938,
24.34933,-3.234999924,38.81999908,
24.37014,-3.243999987,38.92799984,
24.39022,-3.272000103,39.26400124,
24.41085,-3.254999905,39.05999886,
24.43124,-3.262000113,39.14400135,
24.45155,-3.300999908,39.6119989,
24.47225,-3.329999952,39.95999943,
24.49661,-3.343999891,40.1279987,
24.5171,-3.358000069,40.29600082,
24.53754,-3.358000069,40.29600082,
24.55807,-3.322000055,39.86400066,
24.5787,-3.279000072,39.34800087,
24.59898,-3.263999968,39.16799961,
24.61949,-3.297999887,39.57599865,
24.63995,-3.320999889,39.85199867,
24.66046,-3.306000023,39.67200027,
24.6851,-3.322999983,39.87599979,
24.70551,-3.282000093,39.38400112,
24.72607,-3.237000017,38.84400021,
24.74664,-3.170000105,38.04000126,
24.76704,-3.122999935,37.47599922,
24.7876,-3.095999985,37.15199982,
24.80811,-3.052000074,36.62400089,
24.82843,-2.888999968,34.66799961,
24.84891,-2.789000063,33.46800076,
24.87366,-2.733000069,32.79600082,
24.89404,-2.652999907,31.83599888,
24.91446,-2.618000059,31.41600071,
24.93506,-2.585999994,31.03199993,
24.95551,-2.57399991,30.88799892,
24.97577,-2.566999941,30.80399929,
24.99637,-2.568000107,30.81600128,
25.01688,-2.546000032,30.55200039,
25.04144,-2.552000074,30.62400089,
25.06184,-2.533000021,30.39600025,
25.08243,-2.533000021,30.39600025,
25.10292,-2.539000063,30.46800076,
25.12326,-2.560999899,30.73199879,
25.14386,-2.552000074,30.62400089,
25.16452,-2.596999912,31.16399895,
25.18492,-2.622999935,31.47599922,
25.20558,-2.693000107,32.31600128,
25.22995,-2.760999947,33.13199936,
25.25044,-2.796000032,33.55200039,
25.27101,-2.769000082,33.22800098,
25.29178,-2.773000031,33.27600037,
25.31206,-2.818000107,33.81600128,
25.33241,-2.875000029,34.50000034,
25.35339,-2.908999949,34.90799938,
25.37312,-2.853999882,34.24799858,
25.39366,-2.780999928,33.37199913,
25.4184,-2.704000025,32.4480003,
25.43884,-2.631000071,31.57200085,
25.45934,-2.631999998,31.58399998,
25.47966,-2.647000103,31.76400124,
25.50023,-2.638999968,31.66799961,
25.5208,-2.657000093,31.88400112,
25.54115,-2.674000053,32.08800064,
25.56158,-2.685999899,32.23199879,
25.58624,-2.655999928,31.87199913,
25.60657,-2.685999899,32.23199879,
25.62726,-2.69899991,32.38799892,
25.64766,-2.700000076,32.40000092,
25.66803,-2.684999971,32.21999966,
25.68846,-2.683000116,32.1960014,
25.70909,-2.631999998,31.58399998,
25.73004,-2.602999954,31.23599945,
25.75005,-2.593999891,31.1279987,
25.77454,-2.576999931,30.92399918,
25.79504,-2.543000011,30.51600014,
25.81573,-2.543000011,30.51600014,
25.83633,-2.566000013,30.79200016,
25.85652,-2.583999901,31.00799881,
25.87714,-2.572000055,30.86400066,
25.89742,-2.618999987,31.42799984,
25.91792,-2.605999975,31.2719997,
25.93846,-2.622000008,31.46400009,
25.96303,-2.565000086,30.78000103,
25.98343,-2.532000093,30.38400112,
26.00749,-2.441999941,29.30399929,
26.02759,-2.398000031,28.77600037,
26.04866,-2.401999979,28.82399975,
26.06911,-2.427000074,29.12400089,
26.08971,-2.364000111,28.36800133,
26.11012,-2.375999956,28.51199947,
26.13466,-2.36100009,28.33200108,
26.15544,-2.424000053,29.08800064,
26.17574,-2.433000116,29.1960014,
26.19633,-2.490999966,29.89199959,
26.21672,-2.395999937,28.75199924,
26.23727,-2.326000004,27.91200005,
26.25792,-2.320999889,27.85199867,
26.27789,-2.339999943,28.07999931,
26.29842,-2.346999912,28.16399895,
26.32379,-2.351000099,28.21200119,
26.34309,-2.39500001,28.74000011,
26.36378,-2.417000084,29.00400101,
26.38419,-2.458999901,29.50799881,
26.40436,-2.467000036,29.60400043,
26.43152,-2.509000092,30.1080011,
26.44238,-2.552000074,30.62400089,
26.46327,-2.616999893,31.40399872,
26.48721,-2.579000025,30.9480003,
26.50813,-2.572000055,30.86400066,
26.52841,-2.608999996,31.30799995,
26.5488,-2.671000032,32.05200039,
26.56949,-2.66499999,31.97999989,
26.59004,-2.684000044,32.20800053,
26.61023,-2.754999905,33.05999886,
26.63071,-2.78,33.36,
26.65115,-2.797999887,33.57599865,
26.67581,-2.846999912,34.16399895,
26.69618,-2.902999907,34.83599888,
26.71672,-2.911000042,34.9320005,
26.73706,-2.907000093,34.88400112,
26.75766,-2.92199996,35.06399952,
26.77817,-2.966000109,35.5920013,
26.79846,-3.010000019,36.12000023,
26.81912,-3.036999969,36.44399963,
26.83974,-3.04699996,36.56399952,
26.86409,-3.108000069,37.29600082,
26.88484,-3.135999947,37.63199936,
26.90509,-3.096999912,37.16399895,
26.92574,-3.000000029,36.00000034,
26.9462,-2.974000006,35.68800007,
26.96681,-2.845000057,34.14000069,
26.98723,-2.713000088,32.55600105,
27.0074,-2.618999987,31.42799984,
27.03207,-2.637000113,31.64400135,
27.05247,-2.592999964,31.11599957,
27.07317,-2.547999887,30.57599865,
27.09406,-2.507999926,30.09599911,
27.11411,-2.523000031,30.27600037,
27.13446,-2.524999886,30.29999863,
27.15508,-2.530999928,30.37199913,
27.17555,-2.522000103,30.26400124,
27.19604,-2.540999918,30.49199902,
27.22052,-2.543000011,30.51600014,
27.24095,-2.450000076,29.40000092,
27.26149,-2.339000015,28.06800018,
27.28195,-2.358999996,28.30799995,
27.30241,-2.430000095,29.16000114,
27.32291,-2.473000078,29.67600094,
27.34328,-2.509000092,30.1080011,
27.36406,-2.578000097,30.93600117,
27.38432,-2.665999918,31.99199902,
27.40901,-2.730000048,32.76000057,
27.42955,-2.693000107,32.31600128,
27.45007,-2.727000027,32.72400032,
27.4704,-2.743999987,32.92799984,
27.49095,-2.683000116,32.1960014,
27.51146,-2.598000078,31.17600094,
27.53185,-2.657000093,31.88400112,
27.55228,-2.668999939,32.02799927,
27.57687,-2.660000114,31.92000137,
27.59747,-2.674000053,32.08800064,
27.6179,-2.743000059,32.91600071,
27.63841,-2.836999922,34.04399906,
27.65875,-2.872999935,34.47599922,
27.67917,-2.853999882,34.24799858,
27.69977,-2.872000008,34.46400009,
27.7202,-2.887000113,34.64400135,
27.74089,-2.826000004,33.91200005,
27.76558,-2.713000088,32.55600105,
27.78571,-2.664000063,31.96800076,
27.80655,-2.635000019,31.62000023,
27.82692,-2.53999999,30.47999989,
27.84721,-2.454999952,29.45999943,
27.86769,-2.467000036,29.60400043,
27.88843,-2.499000101,29.98800121,
27.90855,-2.545000105,30.54000126,
27.92917,-2.556000023,30.67200027,
27.95374,-2.619999914,31.43999897,
27.97403,-2.624000101,31.48800121,
27.99469,-2.66499999,31.97999989,
28.01614,-2.694999962,32.33999954,
28.03635,-2.706000118,32.47200142,
28.05627,-2.592000036,31.10400043,
28.07654,-2.552000074,30.62400089,
28.09703,-2.542000084,30.50400101,
28.12143,-2.457000046,29.48400055,
28.14217,-2.28999999,27.47999989,
28.16249,-2.240000038,26.88000046,
28.18306,-2.217000036,26.60400043,
28.20343,-2.125999956,25.51199947,
28.22394,-2.036999969,24.44399963,
28.24471,-2.04699996,24.56399952,
28.26506,-2.095999985,25.15199982,
28.28537,-2.058000116,24.6960014,
28.30997,-2.033999949,24.40799938,
28.33044,-2.069000034,24.82800041,
28.35109,-2.12800005,25.5360006,
28.37146,-2.139999895,25.67999874,
28.39186,-2.145999937,25.75199924,
28.41245,-2.105999975,25.2719997,
28.43312,-2.070999889,24.85199867,
28.45366,-2.04699996,24.56399952,
28.47392,-2.025000005,24.30000006,
28.49849,-2.003999977,24.04799973,
28.51909,-1.980999975,23.7719997,
28.53999,-1.972999959,23.67599951,
28.56061,-1.988999991,23.8679999,
28.58035,-1.983999996,23.80799995,
28.60149,-2.011999993,24.14399992,
28.62184,-1.809000044,21.70800053,
28.6424,-1.625999956,19.51199947,
28.66714,-1.462000041,17.54400049,
28.68692,-1.311999946,15.74399935,
28.70732,-1.179000049,14.14800058,
28.72791,-1.057999997,12.69599997,
28.7482,-0.951000004,11.41200005,
28.76889,-0.854999988,10.25999986,
28.78926,-0.767999976,9.215999708,
28.80966,-0.691000013,8.29200016,
28.83017,-0.621000021,7.452000246,
28.85515,-0.55700001,6.68400012,
28.87569,-0.499999999,5.999999986,
28.89578,-0.448000013,5.376000152,
28.91638,-0.402000009,4.824000106,
28.93669,-0.358999996,4.307999954,
28.95717,-0.323000013,3.876000152,
28.97856,-0.287999986,3.455999837,
28.99812,-0.259000002,3.108000026,
29.01852,-0.231000005,2.77200006,
29.04303,-0.205999999,2.471999989,
29.0636,-0.182999997,2.195999966,
29.0843,-0.165000005,1.980000064,
29.10463,-0.146999999,1.763999984,
29.12503,-0.131999998,1.583999977,
29.14563,-0.119000002,1.428000019,
29.16606,-0.105000003,1.260000036,
29.18668,-0.093000001,1.116000012,
29.21123,-0.080000001,0.960000009,
29.23169,-0.071000001,0.852000014,
29.252,-0.062000002,0.744000018,
29.27281,-0.055,0.660000004,
29.29315,-0.047999999,0,
29.31351,-0.041,0,
29.33406,-0.037,0,
29.35448,-0.031,0,
29.37486,-0.028,0,
29.39951,-0.024,0,
29.41982,-0.02,0,
29.44098,-0.017,0,
29.46095,-0.012999999,0,
29.48137,-0.012000001,0,
29.50211,-0.009,0,
29.52238,-0.008,0,
29.54285,-0.007,0,
29.56334,-0.003999999,0,
29.588,-0.001999999,0,
29.60843,0.000999999,0,
29.62901,0.003,0,
29.64935,0.004000002,0,
29.66986,0.004000002,0,
29.69026,0.004000002,0,
29.71091,0.005,0,
29.73174,0.004000002,0,
29.75241,0.004000002,0,
29.7762,0.005,0,
29.79733,0.007,0,
29.81747,0.009000001,0,
29.83777,0.009000001,0,
29.85869,0.009999999,0,
29.87865,0.009000001,0,
29.89912,0.009999999,0,
29.91985,0.009999999,0,
29.94023,0.009000001,0,
29.96051,0.009000001,0,
29.98509,0.009999999,0,
30.00574,0.013000001,0,
30.02626,0.013000001,0,
30.04659,0.015000002,0,
30.06729,0.016,0,
30.08768,0.016999998,0,
30.10811,0.016,0,
30.12897,0.016,0,
30.14899,0.016,0,
30.17365,0.015000002,0,
30.19414,0.015000002,0,
30.21455,0.015000002,0,
30.23528,0.016,0,
30.25552,0.016,0,
30.27603,0.016999998,0,
30.29681,0.016999998,0,
30.31757,0.016999998,0,
30.33824,0.016999998,0,
30.36201,0.016999998,0,
30.38246,0.016,0,
30.403,0.015000002,0,
30.42349,0.015000002,0,
30.44402,0.014,0,
30.46443,0.015000002,0,
30.48495,0.014,0,
30.50533,0.013000001,0,
30.52589,0.013000001,0,
30.55043,0.011999999,0,
30.57089,0.014,0,
30.59138,0.014,0,
30.61198,0.015000002,0,
30.63237,0.014,0,
30.65295,0.014,0,
30.67329,-0.074,0.887999997,
30.69377,-0.145999997,1.75199996,
30.71422,-0.217999994,2.615999923,
30.739,-0.340000002,4.080000029,
30.75946,-0.444999992,5.3399999,
30.77995,-0.523999988,6.287999854,
30.80032,-0.632999985,7.595999823,
30.82082,-0.822999983,9.875999794,
30.84213,-0.982000022,11.78400026,
30.86232,-1.117000012,13.40400015,
30.88217,-1.273999958,15.2879995,
30.90385,-1.454000025,17.4480003,
30.92828,-1.576000004,18.91200005,
30.94792,-1.720000057,20.64000069,
30.96886,-1.878999977,22.54799973,
30.9893,-2.053999929,24.64799915,
31.00931,-2.116999893,25.40399872,
31.03023,-2.213000088,26.55600105,
31.05025,-2.322000055,27.86400066,
31.0719,-2.43899992,29.26799904,
31.09174,-2.470999985,29.65199982,
31.11563,-2.491999893,29.90399872,
31.13693,-2.553999929,30.64799915,
31.15721,-2.576999931,30.92399918,
31.17732,-2.501999884,30.0239986,
31.19829,-2.468999891,29.6279987,
31.21857,-2.490000038,29.88000046,
31.2386,-2.589999943,31.07999931,
31.25981,-2.579999952,30.95999943,
31.28427,-2.562999992,30.75599991,
31.30396,-2.569999962,30.83999954,
31.32536,-2.616999893,31.40399872,
31.34514,-2.355999975,28.2719997,
31.366,-2.118999987,25.42799984,
31.38654,-1.906999974,22.88399969,
31.40649,-1.712000041,20.54400049,
31.42749,-1.538999944,18.46799932,
31.44803,-1.383999972,16.60799967,
31.47292,-1.243000059,14.91600071,
31.49348,-1.115999966,13.39199959,
31.51303,-1.003999977,12.04799973,
31.53354,-0.901999979,10.82399975,
31.554,-0.812000005,9.744000063,
31.57442,-0.729000001,8.748000011,
31.59502,-0.655999987,7.871999846,
31.61552,-0.588000028,7.056000338,
31.63658,-0.527000009,6.324000106,
31.66035,-0.471000015,5.652000175,
31.68095,-0.421000003,5.052000031,
31.70148,-0.379000007,4.548000083,
31.72191,-0.338999985,4.067999825,
31.74219,-0.303999989,3.647999868,
31.76294,-0.270999997,3.25199996,
31.7834,-0.241999997,2.90399997,
31.80383,-0.215000002,2.580000029,
31.8282,-0.190999998,2.291999981,
31.84889,-0.168999999,2.027999983,
31.86946,-0.150999999,1.811999992,
31.88997,-0.133,1.596000001,
31.91037,-0.118,1.415999994,
31.93073,-0.101999997,1.223999963,
31.95187,-0.089999999,1.079999984,
31.97255,-0.080000001,0.960000009,
31.99219,-0.069999999,0.839999989,
32.01675,-0.059999999,0.719999992,
32.03731,-0.051,0.611999997,
32.05772,-0.043,0,
32.07816,-0.035,0,
32.09904,-0.029,0,
32.11938,-0.024,0,
32.13968,-0.018,0,
32.16013,-0.015,0,
32.18054,-0.012000001,0,
32.20505,-0.009,0,
32.22574,-0.007,0,
32.24643,-0.003999999,0,
32.26657,-0.002999999,0,
32.28716,-0.001000001,0,
32.30754,0.002000002,0,
32.32813,0.002000002,0,
32.34869,0.005,0,
32.36905,0.005,0,
32.39359,0.005999998,0,
32.41402,-0.057000001,0.684000008,
32.43466,-0.149999997,1.799999968,
32.45508,-0.293000011,3.516000137,
32.47609,-0.400999992,4.811999903,
32.49652,-0.507999985,6.095999823,
32.51651,-0.644000022,7.728000269,
32.53751,-0.779000013,9.348000154,
32.55788,-0.93200001,11.18400012,
32.58255,-1.071000009,12.8520001,
32.60252,-1.19900003,14.38800035,
32.62347,-1.319000034,15.82800041,
32.64427,-1.46900001,17.62800013,
32.66393,-1.582999973,18.99599968,
32.68495,-1.709999948,20.51999937,
32.70517,-1.816999941,21.80399929,
32.72603,-1.941999941,23.30399929,
32.74609,-2.016999989,24.20399986,
32.77087,-2.132999926,25.59599911,
32.7917,-2.285000114,27.42000137,
32.81142,-2.43199995,29.1839994,
32.83237,-2.483999996,29.80799995,
32.85309,-2.51300004,30.15600048,
32.87308,-2.546000032,30.55200039,
32.89406,-2.583999901,31.00799881,
32.91432,-2.549000053,30.58800064,
32.93427,-2.568000107,30.81600128,
32.95953,-2.57399991,30.88799892,
32.9799,-2.601000099,31.21200119,
32.99991,-2.56399992,30.76799904,
33.02075,-2.562999992,30.75599991,
33.04094,-2.572000055,30.86400066,
33.0621,-2.606999903,31.28399883,
33.08253,-2.345000057,28.14000069,
33.10228,-2.106999903,25.28399883,
33.12766,-1.893999963,22.72799955,
33.14841,-1.702999978,20.43599974,
33.16797,-1.531000047,18.37200056,
33.18896,-1.377000003,16.52400003,
33.20927,-1.237000017,14.84400021,
33.22916,-1.112000017,13.34400021,
33.25024,-0.998999982,11.98799978,
33.27029,-0.899000018,10.78800021,
33.29144,-0.80700001,9.68400012,
33.31578,-0.72599998,8.71199976,
33.33565,-0.650000005,7.800000057,
33.35709,-0.58400002,7.00800024,
33.37732,-0.523000001,6.276000009,
33.39713,-0.46900001,5.628000126,
33.41814,-0.419999986,5.039999828,
33.43884,-0.377000003,4.524000034,
33.45868,-0.337999998,4.05599998,
33.48322,-0.302000015,3.624000177,
33.50356,-0.268999993,3.227999911,
33.52393,-0.239000006,2.868000076,
33.54466,-0.215000002,2.580000029,
33.56505,-0.190999998,2.291999981,
33.58559,-0.170000001,2.040000007,
33.60608,-0.150999999,1.811999992,
33.62656,-0.133,1.596000001,
33.64697,-0.118,1.415999994,
33.67146,-0.104000001,1.248000011,
33.692,-0.093000001,1.116000012,
33.7133,-0.082000001,0.984000013,
33.7337,-0.071000001,0.852000014,
33.75343,-0.060999999,0.731999994,
33.77388,-0.053,0.636000001,
33.79453,-0.045,0,
33.81488,-0.039,0,
33.83533,-0.033,0,
33.85989,-0.029,0,
33.88039,-0.023,0,
33.90092,-0.018,0,
33.92137,-0.013999999,0,
33.94183,-0.009,0,
33.96245,-0.003999999,0,
33.98286,-0.001999999,0,
34.00339,-6.71E-10,0,
34.02385,0.000999999,0,
34.0484,0.004000002,0,
34.06903,0.005999998,0,
34.08928,0.007999999,0,
34.10986,0.009999999,0,
34.13033,0.011999999,0,
34.15063,0.014,0,
34.17145,0.014,0,
34.1917,0.013000001,0,
34.21294,0.014,0,
34.23683,0.016,0,
34.2578,0.018,0,
34.27826,0.020000001,0,
34.2982,0.020000001,0,
34.31934,0.020000001,0,
34.33928,0.020000001,0,
34.36031,0.018,0,
34.38051,0.018,0,
34.40205,-0.025,0,
34.42586,-0.188999994,2.267999933,
34.44621,-0.425999998,5.111999974,
34.46672,-0.647999971,7.775999651,
34.48718,-0.73599997,8.831999645,
34.5076,-0.859999983,10.3199998,
34.52766,-0.993999987,11.92799984,
34.54871,-1.133000045,13.59600054,
34.56918,-1.273000031,15.27600037,
34.58922,-1.373999982,16.48799978,
34.61426,-1.482000022,17.78400026,
34.63423,-1.587999969,19.05599962,
34.655,-1.648000031,19.77600037,
34.67563,-1.701000004,20.41200005,
34.69562,-1.811999946,21.74399935,
34.71674,-1.955999999,23.47199999,
34.737,-2.066000013,24.79200016,
34.75757,-2.164000063,25.96800076,
34.77791,-2.26300004,27.15600048,
34.80318,-2.369999914,28.43999897,
34.82245,-2.412999897,28.95599876,
34.84392,-2.477999954,29.73599945,
34.86354,-2.578000097,30.93600117,
34.88434,-2.668999939,32.02799927,
34.90446,-2.717000036,32.60400043,
34.92551,-2.759000092,33.1080011,
34.94592,-2.818000107,33.81600128,
34.96591,-2.885000019,34.62000023,
34.99104,-2.898999958,34.7879995,
35.01195,-2.935999899,35.23199879,
35.03194,-2.951999931,35.42399918,
35.05281,-3.01300004,36.15600048,
35.07249,-2.714000015,32.56800018,
35.09288,-2.441000013,29.29200016,
35.11333,-2.195999889,26.35199867,
35.13388,-1.975000052,23.70000063,
35.15834,-1.776000051,21.31200062,
35.17917,-1.597999959,19.17599951,
35.1992,-1.436000018,17.23200022,
35.22002,-1.291000037,15.49200045,
35.24046,-1.159999995,13.91999994,
35.26088,-1.041999965,12.50399958,
35.2813,-0.937000005,11.24400006,
35.3019,-0.841999977,10.10399972,
35.32211,-0.757999985,9.095999823,
35.34677,-0.68200001,8.18400012,
35.3674,-0.613000004,7.356000051,
35.38768,-0.551000028,6.612000332,
35.40826,-0.495000004,5.940000043,
35.42874,-0.444000005,5.328000054,
35.4491,-0.400000005,4.800000057,
35.46971,-0.358999996,4.307999954,
35.49016,-0.321000009,3.852000103,
35.51106,-0.287999986,3.455999837,
35.53506,-0.256999998,3.083999977,
35.55617,-0.231000005,2.77200006,
35.57697,-0.207000001,2.484000013,
35.59665,-0.185000001,2.220000014,
35.61708,-0.165000005,1.980000064,
35.63765,-0.149000003,1.788000033,
35.65817,-0.131000004,1.572000042,
35.67859,-0.116999997,1.40399997,
35.70308,-0.102999999,1.235999987,
35.72354,-0.091999999,1.103999988,
35.74406,-0.082000001,0.984000013,
35.76453,-0.071000001,0.852000014,
35.78513,-0.062000002,0.744000018,
35.80559,-0.055,0.660000004,
35.82594,-0.047999999,0,
35.84651,-0.046000001,0,
35.86702,-0.073000001,0.876000018,
35.89169,-0.277999996,3.335999951,
35.91231,-0.507999985,6.095999823,
35.93245,-0.663000016,7.956000195,
35.95294,-0.803999989,9.647999868,
35.97342,-0.924999981,11.09999977,
36.00012,-1.107000022,13.28400026,
36.02553,-1.284999995,15.41999994,
36.03502,-1.419999986,17.03999983,
36.05591,-1.502000003,18.02400003,
36.08061,-1.495000033,17.9400004,
36.10098,-1.54699996,18.56399952,
36.12155,-1.592999964,19.11599957,
36.14153,-1.669999986,20.03999983,
36.16263,-1.704000025,20.4480003,
36.18245,-1.791999965,21.50399958,
36.20357,-1.893000035,22.71600042,
36.22379,-2.011999993,24.14399992,
36.24376,-2.089999943,25.07999931,
36.26898,-2.204000025,26.4480003,
36.2894,-2.266999989,27.20399986,
36.30934,-2.335000067,28.0200008,
36.33044,-2.319000034,27.82800041,
36.35139,-2.316000013,27.79200016,
36.37088,-2.257999926,27.09599911,
36.39192,-2.300999908,27.6119989,
36.41188,-2.342000036,28.10400043,
36.43684,-2.369999914,28.43999897,
36.45731,-2.418999939,29.02799927,
36.47729,-2.510000019,30.12000023,
36.49817,-2.582999973,30.99599968,
36.51924,-2.326000004,27.91200005,
36.53871,-2.091000109,25.0920013,
36.55972,-1.880000024,22.56000029,
36.58051,-1.689999967,20.2799996,
36.60016,-1.52000001,18.24000011,
36.62514,-1.365999966,16.39199959,
36.64581,-1.229000001,14.74800001,
36.66574,-1.102999954,13.23599945,
36.68689,-0.989999979,11.87999974,
36.70668,-0.88799998,10.65599977,
36.72778,-0.798000007,9.57600008,
36.74844,-0.716999977,8.60399972,
36.76859,-0.642999976,7.715999708,
36.78909,-0.579000025,6.948000298,
36.81371,-0.518999993,6.227999911,
36.83432,-0.462999998,5.55599998,
36.85406,-0.41499999,4.979999886,
36.87459,-0.372999995,4.475999937,
36.89496,-0.33399999,4.007999883,
36.91562,-0.298999994,3.587999926,
36.93611,-0.266000001,3.192000017,
36.95648,-0.239000006,2.868000076,
36.98112,-0.214,2.568000004,
37.00153,-0.190999998,2.291999981,
37.02194,-0.168999999,2.027999983,
37.04247,-0.149999997,1.799999968,
37.06294,-0.133,1.596000001,
37.08342,-0.116999997,1.40399997,
37.10399,-0.105000003,1.260000036,
37.12505,-0.091000001,1.092000008,
37.14584,-0.080000001,0.960000009,
37.16954,-0.071999999,0.863999993,
37.18993,-0.063,0.755999998,
37.21045,-0.056000001,0.672000006,
37.23105,-0.05,0,
37.25143,-0.043,0,
37.27184,-0.038,0,
37.29234,-0.034,0,
37.31285,-0.03,0,
37.33336,-0.027,0,
37.35841,-0.025,0,
37.37878,-0.021,0,
37.39937,-0.019,0,
37.41927,-0.015,0,
37.44022,-0.011000001,0,
37.46053,-0.006,0,
37.48102,-0.003999999,0,
37.50137,-0.001999999,0,
37.52187,-6.71E-10,0,
37.54678,0.005,0,
37.56679,0.007,0,
37.5872,0.007,0,
37.60808,0.007999999,0,
37.62875,0.009000001,0,
37.6492,0.009999999,0,
37.66931,0.009999999,0,
37.69043,0.009000001,0,
37.71074,0.009000001,0,
37.73521,0.009999999,0,
37.75525,0.011000001,0,
37.7764,0.013000001,0,
37.7966,0.013000001,0,
37.81676,0.011999999,0,
37.83755,-0.116999997,1.40399997,
37.85818,-0.211999996,2.543999956,
37.87825,-0.351999997,4.223999963,
37.89925,-0.493999987,5.92799984,
37.92342,-0.602000027,7.22400032,
37.94466,-0.678999989,8.147999868,
37.96426,-0.811000018,9.732000217,
37.98541,-0.938999979,11.26799975,
38.0051,-1.007999985,12.09599982,
38.02597,-1.061999946,12.74399935,
38.04608,-1.169999986,14.03999983,
38.06711,-1.248000054,14.97600065,
38.08768,-1.258000045,15.09600054,
38.11153,-1.261999993,15.14399992,
38.13248,-1.337999969,16.05599962,
38.15306,-1.439999967,17.2799996,
38.17303,-1.488999991,17.8679999,
38.19408,-1.51300004,18.15600048,
38.21437,-1.636999993,19.64399992,
38.23439,-1.740000038,20.88000046,
38.25549,-1.783000021,21.39600025,
38.27548,-1.725000052,20.70000063,
38.30066,-1.796000032,21.55200039,
38.32098,-1.842000036,22.10400043,
38.34097,-1.885999947,22.63199936,
38.36258,-1.893999963,22.72799955,
38.38251,-1.964999943,23.57999931,
38.40251,-1.993000059,23.91600071,
38.42383,-2.011999993,24.14399992,
38.44394,-1.80699995,21.6839994,
38.46375,-1.623000054,19.47600065,
38.48897,-1.45900002,17.50800024,
38.50902,-1.309999971,15.71999966,
38.52979,-1.176000028,14.11200033,
38.5499,-1.056000023,12.67200027,
38.57024,-0.950000017,11.4000002,
38.59082,-0.854999988,10.25999986,
38.61134,-0.766999989,9.203999863,
38.63185,-0.688999979,8.267999754,
38.65688,-0.618,7.415999994,
38.6772,-0.553999989,6.647999868,
38.69717,-0.497999995,5.975999937,
38.7178,-0.448000013,5.376000152,
38.73813,-0.402000009,4.824000106,
38.75854,-0.360000013,4.320000157,
38.78009,-0.321999996,3.863999949,
38.8008,-0.289000003,3.46800004,
38.82031,-0.256999998,3.083999977,
38.84462,-0.230000003,2.760000036,
38.86517,-0.205999999,2.471999989,
38.8857,-0.183999999,2.20799999,
38.90602,-0.165000005,1.980000064,
38.92677,-0.148000001,1.776000009,
38.94751,-0.131999998,1.583999977,
38.96751,-0.116000003,1.392000035,
38.98811,-0.102999999,1.235999987,
39.00862,-0.089,1.068000004,
39.03313,-0.076999998,0.923999981,
39.0535,-0.067,0.804000006,
39.07414,-0.058000001,0.69600001,
39.09503,-0.048999999,0,
39.11497,-0.078,0.936000005,
39.1357,-0.087999998,1.05599998,
39.1561,-0.237000002,2.844000027,
39.17657,-0.379999994,4.559999928,
39.19693,-0.476999997,5.723999963,
39.22148,-0.604999988,7.259999857,
39.242,-0.738999991,8.867999897,
39.26241,-0.886000006,10.63200007,
39.28365,-1.002000003,12.02400003,
39.30338,-1.105000048,13.26000057,
39.32454,-1.243999987,14.92799984,
39.34526,-1.423000007,17.07600008,
39.36484,-1.533000021,18.39600025,
39.39011,-1.62800005,19.5360006,
39.40994,-1.737999945,20.85599934,
39.43137,-1.867000012,22.40400015,
39.45183,-1.962999969,23.55599962,
39.47153,-2.03999999,24.47999989,
39.49196,-2.069999962,24.83999954,
39.51227,-2.17199996,26.06399952,
39.53268,-2.267999916,27.21599899,
39.55353,-2.397000103,28.76400124,
39.57843,-2.434999971,29.21999966,
39.5984,-2.444999962,29.33999954,
39.61882,-2.451999931,29.42399918,
39.63925,-2.489000111,29.86800133,
39.65985,-2.445999889,29.35199867,
39.68018,-2.411000042,28.9320005,
39.7007,-2.404000072,28.84800087,
39.72119,-2.471999912,29.66399895,
39.74162,-2.481999903,29.78399883,
39.76627,-2.57399991,30.88799892,
39.78697,-2.588000088,31.05600105,
39.8073,-2.641999989,31.70399986,
39.8277,-2.615000038,31.38000046,
39.8481,-2.562999992,30.75599991,
39.8687,-2.53999999,30.47999989,
39.88914,-2.57399991,30.88799892,
39.90962,-2.512000113,30.14400135,
39.93405,-2.467000036,29.60400043,
39.95456,-2.483999996,29.80799995,
39.97519,-2.483999996,29.80799995,
39.99561,-2.424999981,29.09999977,
40.01604,-2.372999935,28.47599922,
40.03668,-2.391999989,28.70399986,
40.05704,-2.421000032,29.05200039,
40.07771,-2.391999989,28.70399986,
40.09821,-2.421000032,29.05200039,
40.12349,-2.500000029,30.00000034,
40.14404,-2.529000072,30.34800087,
40.16371,-2.477999954,29.73599945,
40.18417,-2.441999941,29.30399929,
40.20468,-2.478999882,29.74799858,
40.22501,-2.461999922,29.54399906,
40.24545,-2.425999908,29.1119989,
40.26651,-2.412999897,28.95599876,
40.28699,-2.493999987,29.92799984,
40.31096,-2.583999901,31.00799881,
40.33156,-2.624000101,31.48800121,
40.35199,-2.645999937,31.75199924,
40.37288,-2.733000069,32.79600082,
40.39305,-2.803999929,33.64799915,
40.41341,-2.810999899,33.73199879,
40.43379,-2.803000002,33.63600002,
40.45438,-2.805000095,33.66000114,
40.47881,-2.808000116,33.6960014,
40.49959,-2.826000004,33.91200005,
40.51988,-2.774999886,33.29999863,
40.54036,-2.730999975,32.7719997,
40.56097,-2.652999907,31.83599888,
40.58154,-2.568000107,30.81600128,
40.60187,-2.460999994,29.53199993,
40.6223,-2.395999937,28.75199924,
40.64305,-2.320999889,27.85199867,
40.6673,-2.254999905,27.05999886,
40.68781,-2.18199995,26.1839994,
40.70845,-2.187000065,26.24400078,
40.72873,-2.141000061,25.69200073,
40.74916,-2.158999949,25.90799938,
40.76976,-2.167000084,26.00400101,
40.79024,-2.190000086,26.28000103,
40.81079,-2.194000034,26.32800041,
40.83528,-2.185999899,26.23199879,
40.85567,-2.273999958,27.2879995,
40.87616,-2.358000069,28.29600082,
40.8968,-2.349000006,28.18800007,
40.9173,-2.303999929,27.64799915,
40.93768,-2.249000101,26.98800121,
40.95857,-2.210000067,26.5200008,
40.9792,-2.220999985,26.65199982,
40.99928,-2.300999908,27.6119989,
41.02373,-2.375999956,28.51199947,
41.04425,-2.412999897,28.95599876,
41.06467,-2.422999887,29.07599865,
41.08508,-2.43899992,29.26799904,
41.10559,-2.451000004,29.41200005,
41.12634,-2.526000051,30.31200062,
41.1465,-2.595000057,31.14000069,
41.16714,-2.648000031,31.77600037,
41.18758,-2.648000031,31.77600037,
41.2124,-2.668999939,32.02799927,
41.23285,-2.652999907,31.83599888,
41.25311,-2.626999884,31.5239986,
41.27361,-2.622999935,31.47599922,
41.29398,-2.664000063,31.96800076,
41.31445,-2.706000118,32.47200142,
41.33513,-2.75300005,33.0360006,
41.35538,-2.773999958,33.2879995,
41.37997,-2.810999899,33.73199879,
41.40118,-2.818000107,33.81600128,
41.4212,-2.826999931,33.92399918,
41.44157,-2.815000086,33.78000103,
41.46196,-2.825000076,33.90000092,
41.48241,-2.843999891,34.1279987,
41.50291,-2.866999893,34.40399872,
41.52341,-2.846999912,34.16399895,
41.54414,-2.767999916,33.21599899,
41.56848,-2.75300005,33.0360006,
41.58905,-2.766000061,33.19200073,
41.60939,-2.826999931,33.92399918,
41.62985,-2.878999977,34.54799973,
41.65059,-2.908000021,34.89600025,
41.6709,-2.937999992,35.25599991,
41.69141,-2.891000061,34.69200073,
41.71179,-2.849000006,34.18800007,
41.73225,-2.826000004,33.91200005,
41.75705,-2.78999999,33.47999989,
41.77742,-2.716000109,32.5920013,
41.79785,-2.637000113,31.64400135,
41.81827,-2.592000036,31.10400043,
41.83936,-2.562000065,30.74400078,
41.85938,-2.532000093,30.38400112,
41.87987,-2.491999893,29.90399872,
41.90033,-2.440000086,29.28000103,
41.92473,-2.405999928,28.87199913,
41.94609,-2.351000099,28.21200119,
41.96577,-2.300999908,27.6119989,
41.98628,-2.286000042,27.4320005,
42.00684,-2.309000044,27.70800053,
42.0273,-2.319999962,27.83999954,
42.04762,-2.286000042,27.4320005,
42.06819,-2.223000078,26.67600094,
42.08887,-2.193000107,26.31600128,
42.11319,-2.200000076,26.40000092,
42.13383,-2.193000107,26.31600128,
42.15424,-2.25300005,27.0360006,
42.17491,-2.286999969,27.44399963,
42.19508,-2.345999985,28.15199982,
42.21631,-2.402999907,28.83599888,
42.23611,-2.407000093,28.88400112,
42.25647,-2.401999979,28.82399975,
42.28123,-2.414000063,28.96800076,
42.30165,-2.402999907,28.83599888,
42.32219,-2.395999937,28.75199924,
42.34338,-2.381999998,28.58399998,
42.36305,-2.392999916,28.71599899,
42.38359,-2.375999956,28.51199947,
42.40399,-2.378999977,28.54799973,
42.4245,-2.365999966,28.39199959,
42.44496,-2.405999928,28.87199913,
42.47003,-2.427000074,29.12400089,
42.49023,-2.427000074,29.12400089,
42.51065,-2.466000109,29.5920013,
42.53154,-2.536999969,30.44399963,
42.55153,-2.547999887,30.57599865,
42.57207,-2.582000046,30.98400055,
42.59259,-2.589999943,31.07999931,
42.61287,-2.62100008,31.45200096,
42.63335,-2.592999964,31.11599957,
42.6581,-2.558000116,30.6960014,
42.67844,-2.493999987,29.92799984,
42.69897,-2.463000088,29.55600105,
42.72028,-2.418000011,29.01600014,
42.73997,-2.407000093,28.88400112,
42.76031,-2.387000113,28.64400135,
42.78088,-2.384000092,28.6080011,
42.80138,-2.369999914,28.43999897,
42.82593,-2.362999945,28.35599934,
42.84648,-2.356999903,28.28399883,
42.86694,-2.408000021,28.89600025,
42.88756,-2.434000044,29.20800053,
42.90799,-2.43199995,29.1839994,
42.92892,-2.401000051,28.81200062,
42.94881,-2.398000031,28.77600037,
42.96928,-2.349000006,28.18800007,
42.98967,-2.329999952,27.95999943,
43.01445,-2.263999968,27.16799961,
43.03473,-2.254999905,27.05999886,
43.05545,-2.224999933,26.6999992,
43.07652,-2.266999989,27.20399986,
43.09622,-2.224000006,26.68800007,
43.11684,-2.217999964,26.61599957,
43.13722,-2.201999931,26.42399918,
43.15773,-2.27000001,27.24000011,
43.18236,-2.250999956,27.01199947,
43.20273,-2.343999891,28.1279987,
43.22331,-2.424999981,29.09999977,
43.24374,-2.51300004,30.15600048,
43.26427,-2.553999929,30.64799915,
43.28537,-2.661000042,31.9320005,
43.3058,-2.759000092,33.1080011,
43.32565,-2.855999975,34.2719997,
43.3461,-2.908000021,34.89600025,
43.37073,-3.006000071,36.07200085,
43.39157,-3.091000109,37.0920013,
43.41162,-3.118999987,37.42799984,
43.43224,-3.129999905,37.55999886,
43.45288,-3.226000099,38.71200119,
43.47307,-3.287999897,39.45599876,
43.49359,-3.276999979,39.32399975,
43.51416,-3.230999975,38.7719997,
43.53476,-3.266999989,39.20399986,
43.55954,-3.282000093,39.38400112,
43.58005,-3.309000044,39.70800053,
43.6001,-3.306000023,39.67200027,
43.62054,-3.260000019,39.12000023,
43.64207,-3.211999922,38.54399906,
43.66159,-3.23600009,38.83200108,
43.68196,-3.260000019,39.12000023,
43.70238,-3.27000001,39.24000011,
43.72696,-3.262000113,39.14400135,
43.74768,-3.273000031,39.27600037,
43.76797,-3.276999979,39.32399975,
43.78841,-3.293000011,39.51600014,
43.80891,-3.296000032,39.55200039,
43.82944,-3.315000086,39.78000103,
43.85005,-3.306000023,39.67200027,
43.87029,-3.266999989,39.20399986,
43.8909,-3.194000034,38.32800041,
43.91585,-3.122999935,37.47599922,
43.93597,-3.032000093,36.38400112,
43.95648,-3.014999895,36.17999874,
43.97687,-2.997000008,35.96400009,
43.99802,-2.974000006,35.68800007,
44.01848,-2.922999887,35.07599865,
44.03822,-2.924999981,35.09999977,
44.05956,-2.892999916,34.71599899,
44.0798,-2.93899992,35.26799904,
44.10388,-2.93199995,35.1839994,
44.12431,-2.921000032,35.05200039,
44.14484,-2.911000042,34.9320005,
44.16563,-2.927000074,35.12400089,
44.18671,-2.928000002,35.13600002,
44.20619,-2.970999985,35.65199982,
44.2267,-3.000000029,36.00000034,
44.24718,-3.000999956,36.01199947,
44.27182,-2.99600008,35.95200096,
44.29237,-2.928000002,35.13600002,
44.31271,-2.842999964,34.11599957,
44.33318,-2.820999889,33.85199867,
44.35376,-2.720000057,32.64000069,
44.37515,-2.660000114,31.92000137,
44.39474,-2.632999926,31.59599911,
44.41513,-2.733000069,32.79600082,
44.43562,-2.809999971,33.71999966,
44.46004,-2.841000109,34.0920013,
44.4808,-2.872999935,34.47599922,
44.50125,-2.93199995,35.1839994,
44.52191,-2.941999941,35.30399929,
44.5421,-2.958999901,35.50799881,
44.56259,-2.990000038,35.88000046,
44.58316,-2.993000059,35.91600071,
44.60359,-2.984999924,35.81999908,
44.62398,-2.940000086,35.28000103,
44.64862,-2.891000061,34.69200073,
44.66905,-2.928000002,35.13600002,
44.68965,-2.947000055,35.36400066,
44.70998,-2.970000057,35.64000069,
44.73061,-2.984999924,35.81999908,
44.75179,-3.009000092,36.1080011,
44.77155,-3.019000082,36.22800098,
44.7921,-3.055000095,36.66000114,
44.81636,-3.022000103,36.26400124,
44.83698,-3.030999928,36.37199913,
44.85774,-3.06399992,36.76799904,
44.87813,-3.033000021,36.39600025,
44.89853,-3.01300004,36.15600048,
44.91891,-3.039000063,36.46800076,
44.94022,-3.072000055,36.86400066,
44.95985,-3.11100009,37.33200108,
44.9803,-3.106999903,37.28399883,
45.00487,-3.076000004,36.91200005,
45.02567,-3.053000002,36.63600002,
45.04594,-3.03,36.36,
45.06633,-2.983999996,35.80799995,
45.08734,-2.957999973,35.49599968,
45.10779,-2.933000116,35.1960014,
45.12854,-2.924999981,35.09999977,
45.14825,-2.881000071,34.57200085,
45.16898,-2.869999914,34.43999897,
45.19337,-2.87100008,34.45200096,
45.21413,-2.915999918,34.99199902,
45.23499,-2.907000093,34.88400112,
45.25554,-2.902999907,34.83599888,
45.27534,-2.899999886,34.79999863,
45.29585,-2.941000013,35.29200016,
45.31697,-2.970999985,35.65199982,
45.33693,-2.953000097,35.43600117,
45.35742,-2.940000086,35.28000103,
45.38167,-2.963000088,35.55600105,
45.40225,-2.974999933,35.6999992,
45.42284,-2.978999882,35.74799858,
45.44325,-2.990000038,35.88000046,
45.46376,-2.950000076,35.40000092,
45.48421,-2.888999968,34.66799961,
45.50471,-2.862999945,34.35599934,
45.52541,-2.872000008,34.46400009,
45.54961,-2.858000069,34.29600082,
45.57011,-2.572999983,30.87599979,
45.5907,-2.309999971,27.71999966,
45.61732,-2.075000076,24.90000092,
45.64265,-1.865000038,22.38000046,
45.65234,-1.674999981,20.09999977,
45.67285,-1.503999977,18.04799973,
45.69321,-1.350000052,16.20000063,
45.7135,-1.212999969,14.55599962,
45.73868,-1.089000015,13.06800018,
45.75922,-0.977000027,11.72400032,
45.77902,-0.877000003,10.52400003,
45.80029,-0.785999982,9.431999788,
45.82018,-0.705000012,8.460000143,
45.84151,-0.630000024,7.560000286,
45.86223,-0.565000026,6.780000315,
45.88162,-0.506000011,6.072000132,
45.90192,-0.451999991,5.423999891,
45.92656,-0.402999996,4.835999951,
45.94717,-0.361,4.332000003,
45.96747,-0.321999996,3.863999949,
45.98807,-0.287999986,3.455999837,
46.00833,-0.254999994,3.059999928,
46.02942,-0.224999993,2.699999914,
46.04948,-0.200000002,2.400000021,
46.06987,-0.178000002,2.136000023,
46.09444,-0.158000006,1.896000073,
46.11487,-0.138999997,1.667999969,
46.13539,-0.120999998,1.451999978,
46.15639,-0.105999998,1.271999971,
46.1765,-0.093000001,1.116000012,
46.19704,-0.080999999,0.971999989,
46.21733,-0.069999999,0.839999989,
46.23796,-0.062000002,0.744000018,
46.25829,-0.053,0.636000001,
46.28299,-0.043,0,
46.30331,-0.035,0,
46.3239,-0.028,0,
46.34554,-0.021,0,
46.36613,-0.013999999,0,
46.38683,-0.009,0,
46.40607,-0.005,0,
46.4267,-6.71E-10,0,
46.4469,0.004000002,0,
46.47148,0.007,0,
46.49193,0.009999999,0,
46.51247,0.011999999,0,
46.53304,0.015000002,0,
46.55347,0.016999998,0,
46.57401,0.018,0,
46.59436,0.018,0,
46.61546,0.018999999,0,
46.63518,0.018999999,0,
46.65993,0.020000001,0,
46.6801,0.022000001,0,
46.70097,0.020999999,0,
46.7211,0.022999999,0,
46.74159,0.022999999,0,
46.76221,0.022999999,0,
46.78268,0.025,0,
46.8031,0.025,0,
46.82352,0.025,0,
46.84399,0.024000001,0,
46.86861,0.027,0,
46.8894,0.027,0,
46.90968,0.026000002,0,
46.93019,0.027,0,
46.95062,0.027999998,0,
46.97113,0.029999999,0,
46.99248,0.031000001,0,
47.01286,0.031000001,0,
47.03249,0.031000001,0,
47.05695,0.031000001,0,
47.07747,0.029999999,0,
47.09804,0.029,0,
47.1185,0.029,0,
47.1389,0.029999999,0,
47.15933,0.031000001,0,
47.18086,0.031000001,0,
47.20053,0.029,0,
47.22148,0.029,0,
47.24541,0.029,0,
47.26605,0.029999999,0,
47.28645,0.031999999,0,
47.30724,0.033000001,0,
47.32742,0.033000001,0,
47.34778,0.031999999,0,
47.36852,0.033000001,0,
47.38875,0.033000001,0,
47.40933,0.031000001,0,
47.43376,0.031999999,0,
47.4543,0.031999999,0,
47.47485,0.033000001,0,
47.49568,0.033000001,0,
47.5159,0.033000001,0,
47.53671,0.033000001,0,
47.5574,0.031999999,0,
47.57716,0.031000001,0,
47.59816,0.016,0,
47.623,-0.019,0,
47.6427,-0.178000002,2.136000023,
47.66396,-0.230000003,2.760000036,
47.68407,-0.286999999,3.443999991,
47.70428,-0.368,4.415999994,
47.72548,-0.427000015,5.124000177,
47.74571,-0.462000011,5.544000134,
47.76624,-0.562000005,6.744000063,
47.78603,-0.63799998,7.655999765,
47.81139,-0.711999981,8.543999777,
47.83203,-0.891999989,10.70399986,
47.85168,-1.043000011,12.51600014,
47.87222,-1.150000005,13.80000006,
47.89273,-1.307999997,15.69599997,
47.91309,-1.444999962,17.33999954,
47.93361,-1.561000018,18.73200022,
47.95396,-1.651000051,19.81200062,
47.9744,-1.781999974,21.38399969,
47.9995,-1.946000009,23.3520001,
48.01953,-2.072999983,24.87599979,
48.04016,-2.152999907,25.83599888,
48.0605,-2.249000101,26.98800121,
48.0809,-2.303000002,27.63600002,
48.10153,-2.293999939,27.52799927,
48.12192,-2.286000042,27.4320005,
48.14316,-2.351000099,28.21200119,
48.1669,-2.418000011,29.01600014,
48.18758,-2.437000065,29.24400078,
48.20807,-2.458999901,29.50799881,
48.22853,-2.474999933,29.6999992,
48.24902,-2.480999975,29.7719997,
48.26939,-2.454000025,29.4480003,
48.28989,-2.48600009,29.83200108,
48.31033,-2.572000055,30.86400066,
48.33084,-2.644000082,31.72800098,
48.35593,-2.674999981,32.09999977,
48.37608,-2.687999992,32.25599991,
48.39653,-2.772000103,33.26400124,
48.41695,-2.835000067,34.0200008,
48.43744,-2.849999933,34.1999992,
48.45784,-2.865000038,34.38000046,
48.47829,-2.888999968,34.66799961,
48.49881,-2.887000113,34.64400135,
48.52328,-2.865999966,34.39199959,
48.54376,-2.701000004,32.41200005,
48.56444,-2.608999996,31.30799995,
48.58472,-2.678999929,32.14799915,
48.60524,-2.757999926,33.09599911,
48.62572,-2.749000101,32.98800121,
48.64641,-2.759000092,33.1080011,
48.66676,-2.770999937,33.25199924,
48.68716,-2.723000078,32.67600094,
48.71225,-2.665999918,31.99199902,
48.73222,-2.713000088,32.55600105,
48.75266,-2.760000019,33.12000023,
48.77336,-2.793000011,33.51600014,
48.79367,-2.815000086,33.78000103,
48.81407,-2.872000008,34.46400009,
48.83461,-2.899999886,34.79999863,
48.85501,-2.892999916,34.71599899,
48.87579,-2.892999916,34.71599899,
48.90067,-2.914000063,34.96800076,
48.92056,-2.924000053,35.08800064,
48.94128,-2.920000105,35.04000126,
48.96162,-2.934000044,35.20800053,
48.98218,-2.957999973,35.49599968,
49.00264,-2.970999985,35.65199982,
49.02298,-2.987000017,35.84400021,
49.04349,-3.016000061,36.19200073,
49.06395,-3.049999981,36.59999977,
49.08878,-3.036000042,36.4320005,
49.10896,-3.037999897,36.45599876,
49.12956,-3.043000011,36.51600014,
49.15038,-3.081000118,36.97200142,
49.17105,-3.099000006,37.18800007,
49.19113,-3.088000088,37.05600105,
49.21153,-3.069000034,36.82800041,
49.23277,-3.027999907,36.33599888,
49.25645,-2.928999929,35.14799915,
49.27705,-2.835999994,34.03199993,
49.29759,-2.779000072,33.34800087,
49.31818,-2.799000053,33.58800064,
49.33847,-2.747999935,32.97599922,
49.3589,-2.635999947,31.63199936,
49.37944,-2.542000084,30.50400101,
49.40001,-2.533999949,30.40799938,
49.42033,-2.540999918,30.49199902,
49.44484,-2.447000055,29.36400066,
49.46545,-2.402999907,28.83599888,
49.48637,-2.415999918,28.99199902,
49.50655,-2.458999901,29.50799881,
49.52705,-2.457000046,29.48400055,
49.54749,-2.389999895,28.67999874,
49.56779,-2.437000065,29.24400078,
49.58824,-2.575000076,30.90000092,
49.60909,-2.639999895,31.67999874,
49.63356,-2.694999962,32.33999954,
49.65381,-2.799000053,33.58800064,
49.67448,-2.875000029,34.50000034,
49.69501,-2.891999989,34.70399986,
49.71561,-2.912999897,34.95599876,
49.73595,-2.974999933,35.6999992,
49.75644,-3.023000031,36.27600037,
49.77681,-3.023000031,36.27600037,
49.80125,-3.047999887,36.57599865,
49.8222,-3.114000111,37.36800133,
49.84236,-3.165999918,37.99199902,
49.86252,-3.207999973,38.49599968,
49.88329,-3.27000001,39.24000011,
49.90376,-3.338000088,40.05600105,
49.92419,-3.345999985,40.15199982,
49.9446,-3.329999952,39.95999943,
49.96519,-3.28999999,39.47999989,
49.99001,-3.32399991,39.88799892,
50.01054,-3.286999969,39.44399963,
50.03116,-3.193000107,38.31600128,
50.05112,-3.098000078,37.17600094,
50.07188,-3.085000067,37.0200008,
50.09209,-3.03,36.36,
50.11252,-2.907000093,34.88400112,
50.13318,-2.866999893,34.40399872,
50.15352,-2.885000019,34.62000023,
50.17809,-2.862000017,34.34400021,
50.19865,-2.799999981,33.59999977,
50.21904,-2.740000038,32.88000046,
50.23972,-2.78999999,33.47999989,
50.25999,-2.843999891,34.1279987,
50.28047,-2.865999966,34.39199959,
50.3009,-2.826000004,33.91200005,
50.32158,-2.87800005,34.5360006,
50.34598,-2.911000042,34.9320005,
50.36667,-2.910000114,34.92000137,
50.38705,-2.940000086,35.28000103,
50.40733,-3.036000042,36.4320005,
50.42833,-3.076000004,36.91200005,
50.44884,-3.088000088,37.05600105,
50.4689,-3.137000113,37.64400135,
50.48932,-3.217000036,38.60400043,
50.51035,-3.282000093,39.38400112,
50.53435,-3.315000086,39.78000103,
50.55499,-3.352999954,40.23599945,
50.57538,-3.41499999,40.97999989,
50.59631,-3.401000051,40.81200062,
50.61667,-3.352999954,40.23599945,
50.6371,-3.303999929,39.64799915,
50.65741,-3.293999939,39.52799927,
50.67824,-3.279000072,39.34800087,
50.69824,-3.208999901,38.50799881,
50.72289,-3.160000114,37.92000137,
50.74327,-3.17199996,38.06399952,
50.76392,-3.168000011,38.01600014,
50.78424,-3.125000029,37.50000034,
50.80484,-3.098000078,37.17600094,
50.82523,-3.131000071,37.57200085,
50.84567,-3.161000042,37.9320005,
50.86627,-3.079000025,36.9480003,
50.89072,-3.016999989,36.20399986,
50.91127,-3.027999907,36.33599888,
50.93164,-3.072999983,36.87599979,
50.95227,-3.032000093,36.38400112,
50.97282,-3.006999998,36.08399998,
50.99323,-3.062000065,36.74400078,
51.01369,-3.01300004,36.15600048,
51.03412,-2.93199995,35.1839994,
51.05461,-2.842999964,34.11599957,
51.07928,-2.852999954,34.23599945,
51.09956,-2.809999971,33.71999966,
51.12006,-2.733999996,32.80799995,
51.14064,-2.720999985,32.65199982,
51.16116,-2.730000048,32.76000057,
51.18222,-2.73600009,32.83200108,
51.20247,-2.730999975,32.7719997,
51.22267,-2.726000099,32.71200119,
51.24309,-2.762000113,33.14400135,
51.26773,-2.831000118,33.97200142,
51.28859,-2.852000027,34.22400032,
51.30852,-2.87800005,34.5360006,
51.32901,-2.931000023,35.17200027,
51.3494,-2.991999893,35.90399872,
51.36995,-2.997000008,35.96400009,
51.39085,-2.964000015,35.56800018,
51.41096,-2.980999975,35.7719997,
51.4361,-3.026999979,36.32399975,
51.45595,-2.958999901,35.50799881,
51.47658,-2.872000008,34.46400009,
51.49763,-2.839000015,34.06800018,
51.51758,-2.836999922,34.04399906,
51.53786,-2.740000038,32.88000046,
51.55879,-2.622000008,31.46400009,
51.57901,-2.614000111,31.36800133,
51.59947,-2.626999884,31.5239986,
51.62398,-2.586999922,31.04399906,
51.64493,-2.599000006,31.18800007,
51.66489,-2.654000072,31.84800087,
51.68541,-2.655999928,31.87199913,
51.70592,-2.649999886,31.79999863,
51.72632,-2.599999933,31.1999992,
51.74715,-2.615999966,31.39199959,
51.7673,-2.672999887,32.07599865,
51.7878,-2.693000107,32.31600128,
51.81299,-2.690000086,32.28000103,
51.83287,-2.756999998,33.08399998,
51.85329,-2.795000105,33.54000126,
51.8737,-2.800999908,33.6119989,
51.89436,-2.802000074,33.62400089,
51.91484,-2.862000017,34.34400021,
51.9353,-2.855000048,34.26000057,
51.95572,-2.829999952,33.95999943,
51.98027,-2.872000008,34.46400009,
52.00069,-2.957999973,35.49599968,
52.02142,-2.99600008,35.95200096,
52.04163,-3.043999939,36.52799927,
52.06271,-3.027999907,36.33599888,
52.08263,-3.072000055,36.86400066,
52.10326,-3.12800005,37.5360006,
52.12369,-3.160000114,37.92000137,
52.14417,-3.191999941,38.30399929,
52.16876,-3.211999922,38.54399906,
52.18919,-3.259000092,39.1080011,
52.20958,-3.224999933,38.6999992,
52.23047,-3.194999962,38.33999954,
52.25058,-3.226000099,38.71200119,
52.27106,-3.240999966,38.89199959,
52.29243,-3.250999956,39.01199947,
52.31285,-3.233999996,38.80799995,
52.33302,-3.270999937,39.25199924,
52.35715,-3.290999918,39.49199902,
52.37756,-3.297999887,39.57599865,
52.39842,-3.312999992,39.75599991,
52.41905,-3.303999929,39.64799915,
52.4395,-3.297999887,39.57599865,
52.45973,-3.300999908,39.6119989,
52.4799,-3.220999985,38.65199982,
52.50041,-3.069999962,36.83999954,
52.52505,-2.927000074,35.12400089,
52.54562,-2.822999983,33.87599979,
52.56602,-2.739000111,32.86800133,
52.58658,-2.678000002,32.13600002,
52.60695,-2.572999983,30.87599979,
52.62747,-2.490999966,29.89199959,
52.64801,-2.450000076,29.40000092,
52.66837,-2.434999971,29.21999966,
52.68896,-2.418999939,29.02799927,
52.71336,-2.392999916,28.71599899,
52.73398,-2.349999933,28.1999992,
52.75471,-2.332000046,27.98400055,
52.77547,-2.28999999,27.47999989,
52.79585,-2.31399992,27.76799904,
52.81601,-2.325000076,27.90000092,
52.83691,-2.092000036,25.10400043,
52.85762,-1.880000024,22.56000029,
52.87801,-1.689999967,20.2799996,
52.90303,-1.516999989,18.20399986,
52.92233,-1.358999996,16.30799995,
52.94275,-1.21900001,14.62800013,
52.96347,-1.092999964,13.11599957,
52.9837,-0.979999988,11.75999986,
53.00417,-0.878999977,10.54799973,
53.02484,-0.78999999,9.479999886,
53.04517,-0.70900002,8.50800024,
53.06985,-0.633999972,7.607999668,
53.09093,-0.565000026,6.780000315,
53.11073,-0.504000007,6.048000083,
53.13124,-0.449,5.387999997,
53.1517,-0.398999988,4.787999854,
53.1723,-0.354999988,4.259999857,
53.19263,-0.314999996,3.779999957,
53.21304,-0.278999998,3.347999976,
53.2337,-0.248999997,2.987999961,
53.25813,-0.219999998,2.639999971,
53.27885,-0.195000007,2.340000079,
53.29924,-0.173000007,2.07600008,
53.3197,-0.152000001,1.824000016,
53.34013,-0.134999997,1.619999961,
53.36113,-0.119000002,1.428000019,
53.38164,-0.104000001,1.248000011,
53.40163,-0.091999999,1.103999988,
53.4221,-0.080000001,0.960000009,
53.44728,-0.069999999,0.839999989,
53.46704,-0.058999999,0.70799999,
53.48788,-0.048999999,0,
53.50854,-0.041,0,
53.5285,-0.035,0,
53.54907,-0.029,0,
53.56956,-0.023,0,
53.59001,-0.016,0,
53.61046,-0.012999999,0,
53.63504,-0.008,0,
53.65546,-0.003999999,0,
53.67615,-6.71E-10,0,
53.69649,0.004000002,0,
53.71698,0.007,0,
53.73744,0.009000001,0,
53.75783,0.011999999,0,
53.77844,0.014,0,
53.79895,0.015000002,0,
53.82343,0.020000001,0,
53.84412,0.022000001,0,
53.86497,0.024000001,0,
53.88486,0.026000002,0,
53.90549,0.027999998,0,
53.92599,0.029,0,
53.94675,0.029,0,
53.96671,0.029999999,0,
53.98744,0.029,0,
54.01271,0.029,0,
54.03241,0.029999999,0,
54.05289,0.031000001,0,
54.07387,0.031000001,0,
54.09457,0.031999999,0,
54.11433,0.031999999,0,
54.13467,0.033000001,0,
54.15521,0.031999999,0,
54.17563,0.031999999,0,
54.20082,0.034000003,0,
54.22078,0.033000001,0,
54.24146,0.033000001,0,
54.26161,0.034000003,0,
54.28264,0.034000003,0,
54.30266,0.034999998,0,
54.32315,0.034999998,0,
54.34357,0.037000002,0,
54.36401,0.036,0,
54.38853,0.037000002,0,
54.40974,0.038999998,0,
54.42973,0.038999998,0,
54.45006,0.04,0,
54.47108,0.038999998,0,
54.49101,0.038999998,0,
54.51161,0.038999998,0,
54.53218,-0.053,0.636000001,
54.55258,-0.149999997,1.799999968,
54.57376,-0.267000003,3.204000041,
54.59811,-0.381000011,4.572000132,
54.61797,-0.565000026,6.780000315,
54.63962,-0.66499999,7.979999886,
54.65974,-0.804999976,9.659999714,
54.67946,-0.927000015,11.12400018,
54.69998,-1.057999997,12.69599997,
54.72188,-1.153999953,13.84799944,
54.7419,-1.266999989,15.20399986,
54.76543,-1.352000027,16.22400032,
54.78658,-1.396000056,16.75200068,
54.80814,-1.390000014,16.68000017,
54.82785,-1.462999969,17.55599962,
54.84752,-1.516999989,18.20399986,
54.86832,-1.592000036,19.10400043,
54.88832,-1.747000008,20.96400009,
54.90891,-1.883999972,22.60799967,
54.92978,-1.998000054,23.97600065,
54.95396,-2.066999941,24.80399929,
54.97444,-2.158999949,25.90799938,
54.9948,-2.216000109,26.5920013,
55.01532,-2.299999981,27.59999977,
55.03596,-2.299999981,27.59999977,
55.05693,-2.345999985,28.15199982,
55.0769,-2.316000013,27.79200016,
55.0976,-2.362000017,28.34400021,
55.11813,-2.428999929,29.14799915,
55.14227,-2.481999903,29.78399883,
55.16307,-2.474000006,29.68800007,
55.18333,-2.451000004,29.41200005,
55.20372,-2.440000086,29.28000103,
55.22414,-2.501999884,30.0239986,
55.24477,-2.530999928,30.37199913,
55.26524,-2.568000107,30.81600128,
55.28578,-2.517999916,30.21599899,
55.31088,-2.506000071,30.07200085,
55.33768,-2.509000092,30.1080011,
55.35558,-2.570999889,30.85199867,
55.38104,-2.62800005,31.5360006,
55.39238,-2.697999983,32.37599979,
55.41269,-2.756999998,33.08399998,
55.43303,-2.838000088,34.05600105,
55.45352,-2.872000008,34.46400009,
55.47409,-2.920000105,35.04000126,
55.49867,-2.983999996,35.80799995,
55.51924,-3.036999969,36.44399963,
55.53963,-3.066000013,36.79200016,
55.56075,-3.085000067,37.0200008,
55.58084,-3.096999912,37.16399895,
55.60112,-3.114000111,37.36800133,
55.62146,-3.144000082,37.72800098,
55.64194,-3.16499999,37.97999989,
55.66255,-3.108999996,37.30799995,
55.68718,-3.131000071,37.57200085,
55.70831,-2.819000034,33.82800041,
55.72855,-2.535000114,30.42000137,
55.74855,-2.277999907,27.33599888,
55.76941,-2.047999887,24.57599865,
55.78952,-1.84099999,22.09199987,
55.80997,-1.653000026,19.83600031,
55.83115,-1.485000043,17.82000051,
55.85515,-1.332000046,15.98400055,
55.87621,-1.194000034,14.32800041,
55.89655,-1.071000009,12.8520001,
55.91716,-0.960000007,11.52000009,
55.93695,-0.858999996,10.30799995,
55.95737,-0.770999997,9.25199996,
55.97784,-0.691000013,8.29200016,
55.99844,-0.618,7.415999994,
56.01884,-0.553999989,6.647999868,
56.04343,-0.495999991,5.951999888,
56.06384,-0.442999988,5.315999851,
56.08444,-0.39500001,4.740000114,
56.10498,-0.353000014,4.236000166,
56.12526,-0.314000009,3.768000112,
56.14583,-0.28,3.36,
56.16634,-0.249999999,2.999999986,
56.1868,-0.221,2.651999996,
56.20724,-0.199,2.387999997,
56.23357,-0.174999996,2.09999995,
56.2534,-0.153999998,1.847999976,
56.27292,-0.134999997,1.619999961,
56.29341,-0.120000004,1.440000043,
56.3138,-0.102999999,1.235999987,
56.33421,-0.091000001,1.092000008,
56.35481,-0.078,0.936000005,
56.37511,-0.067999999,0.815999985,
56.39557,-0.058000001,0.69600001,
56.42041,-0.047000001,0,
56.44077,-0.036,0,
56.46114,-0.028,0,
56.48166,-0.022,0,
56.50204,-0.016,0,
56.52274,-0.01,0,
56.54311,-0.007,0,
56.5636,-0.003999999,0,
56.58411,-6.71E-10,0,
56.60928,0.004000002,0,
56.63004,0.007,0,
56.64963,0.009999999,0,
56.6701,0.013000001,0,
56.69052,0.016999998,0,
56.71123,0.016999998,0,
56.73169,0.020000001,0,
56.75217,0.020000001,0,
56.77243,0.018999999,0,
56.797,0.022000001,0,
56.81821,0.020000001,0,
56.83868,0.022999999,0,
56.85854,0.022999999,0,
56.87897,0.022999999,0,
56.90009,0.022999999,0,
56.92003,0.025,0,
56.94141,0.025,0,
56.96213,0.024000001,0,
56.98552,0.025,0,
57.00592,0.026000002,0,
57.02643,0.026000002,0,
57.04756,0.018,0,
57.06754,-0.027,0,
57.08797,-0.163000001,1.956000016,
57.1089,-0.286999999,3.443999991,
57.12885,-0.409000008,4.908000097,
57.14932,-0.559999971,6.719999657,
57.174,-0.687999992,8.255999908,
57.19516,-0.838000028,10.05600034,
57.2153,-1.048000007,12.57600008,
57.23637,-1.291999965,15.50399958,
57.25612,-1.48599997,17.83199965,
57.27681,-1.646999984,19.76399981,
57.29672,-1.776999979,21.32399975,
57.31717,-1.919000058,23.0280007,
57.33771,-1.980999975,23.7719997,
57.36243,-2.053999929,24.64799915,
57.38277,-2.144000082,25.72800098,
57.40321,-2.272000103,27.26400124,
57.42377,-2.328000097,27.93600117,
57.44438,-2.444999962,29.33999954,
57.46538,-2.524999886,30.29999863,
57.48514,-2.547999887,30.57599865,
57.50558,-2.500000029,30.00000034,
57.53024,-2.451999931,29.42399918,
57.55092,-2.464999943,29.57999931,
57.57143,-2.562999992,30.75599991,
57.59184,-2.566999941,30.80399929,
57.61232,-2.576000004,30.91200005,
57.63261,-2.614000111,31.36800133,
57.65303,-2.680000095,32.16000114,
57.67386,-2.605999975,31.2719997,
57.69406,-2.549999981,30.59999977,
57.71954,-2.526999979,30.32399975,
57.73921,-2.549999981,30.59999977,
57.75972,-2.50300005,30.0360006,
57.78023,-2.480000048,29.76000057,
57.80066,-2.507999926,30.09599911,
57.82106,-2.56399992,30.76799904,
57.84148,-2.566000013,30.79200016,
57.86209,-2.591000109,31.0920013,
57.88278,-2.631999998,31.58399998,
57.90712,-2.628999977,31.54799973,
57.92833,-2.556000023,30.67200027,
57.94867,-2.527999907,30.33599888,
57.9687,-2.540999918,30.49199902,
57.98907,-2.622999935,31.47599922,
58.0094,-2.69899991,32.38799892,
58.02995,-2.718999891,32.6279987,
58.05037,-2.710999994,32.53199993,
58.07494,-2.691999941,32.30399929,
58.09572,-2.569000034,30.82800041,
58.11598,-2.476000099,29.71200119,
58.13647,-2.454000025,29.4480003,
58.15771,-2.477000027,29.72400032,
58.17746,-2.391000061,28.69200073,
58.19847,-2.381000071,28.57200085,
58.21889,-2.384000092,28.6080011,
58.23885,-2.435999899,29.23199879,
58.26349,-2.422999887,29.07599865,
58.284,-2.414000063,28.96800076,
58.30447,-2.430000095,29.16000114,
58.32494,-2.445999889,29.35199867,
58.34531,-2.410000114,28.92000137,
58.36636,-2.407000093,28.88400112,
58.38623,-2.42199996,29.06399952,
58.40692,-2.478999882,29.74799858,
58.42728,-2.480000048,29.76000057,
58.45274,-2.464000015,29.56800018,
58.47314,-2.494999914,29.93999897,
58.4928,-2.49600008,29.95200096,
58.51337,-2.491999893,29.90399872,
58.53371,-2.434999971,29.21999966,
58.55415,-2.385999947,28.63199936,
58.5746,-2.28999999,27.47999989,
58.5952,-2.180000095,26.16000114,
58.61987,-2.210999994,26.53199993,
58.64055,-2.208999901,26.50799881,
58.66089,-2.228999882,26.74799858,
58.68123,-2.234999924,26.81999908,
58.70177,-2.325000076,27.90000092,
58.72275,-2.364000111,28.36800133,
58.74265,-2.434999971,29.21999966,
58.76315,-2.470000057,29.64000069,
58.78365,-2.50300005,30.0360006,
58.80824,-2.524999886,30.29999863,
58.82872,-2.530999928,30.37199913,
58.84908,-2.558000116,30.6960014,
58.86971,-2.585000067,31.0200008,
58.89026,-2.614000111,31.36800133,
58.91048,-2.629999905,31.55999886,
58.93167,-2.64500001,31.74000011,
58.95206,-2.609999924,31.31999908,
58.97197,-2.615000038,31.38000046,
58.99666,-2.694999962,32.33999954,
59.01706,-2.763999968,33.16799961,
59.0376,-2.819000034,33.82800041,
59.058,-2.891000061,34.69200073,
59.07846,-2.951000004,35.41200005,
59.09906,-2.977999954,35.73599945,
59.11995,-2.879999905,34.55999886,
59.14003,-2.805000095,33.66000114,
59.16451,-2.728999882,32.74799858,
59.18506,-2.672999887,32.07599865,
59.20558,-2.711999922,32.54399906,
59.2267,-2.733000069,32.79600082,
59.24719,-2.831000118,33.97200142,
59.26695,-2.892999916,34.71599899,
59.28741,-2.885000019,34.62000023,
59.30801,-2.908000021,34.89600025,
59.32845,-2.937999992,35.25599991,
59.35312,-2.905,34.86,
59.37349,-2.859999924,34.31999908,
59.39392,-2.908999949,34.90799938,
59.41434,-2.956000118,35.47200142,
59.43491,-3.006000071,36.07200085,
59.45534,-3.02000001,36.24000011,
59.47598,-3.023999958,36.2879995,
59.49628,-2.990999966,35.89199959,
59.51688,-3.003999977,36.04799973,
59.54141,-3.010999947,36.13199936,
59.56195,-2.994999914,35.93999897,
59.58231,-2.964000015,35.56800018,
59.60286,-2.93899992,35.26799904,
59.62325,-2.905999928,34.87199913,
59.64374,-2.887000113,34.64400135,
59.66435,-2.911000042,34.9320005,
59.68483,-2.925999908,35.1119989,
59.70924,-2.957000046,35.48400055,
59.7298,-2.951999931,35.42399918,
59.75035,-2.941000013,35.29200016,
59.77081,-2.950000076,35.40000092,
59.79253,-2.960000067,35.5200008,
59.81245,-2.944000034,35.32800041,
59.83231,-2.957999973,35.49599968,
59.85258,-2.980000048,35.76000057,
59.87317,-3.059999971,36.71999966,
59.89767,-3.093999891,37.1279987,
59.91821,-3.062999992,36.75599991,
59.93872,-2.999000101,35.98800121,
59.95909,-2.980999975,35.7719997,
59.97974,-2.977999954,35.73599945,
